,Show ID,Date,Ord,Time,Unique ID,Artist,Title,Ball,Recording URL,Identification Status,Status / Notes,Comments,ID Credit,alternate 1
,,2023-07-18,1,,,The Orb,Little Fluffy Clouds,,https://www.youtube.com/watch?v=QHEFD3wQquk,Identified,,,,
,,2023-07-18,1,,,Unknown,?2,,https://www.youtube.com/watch?v=QHEFD3wQquk,Unresolved,,,,
,,2023-07-18,1,,,Unknown,?3 known,,https://www.youtube.com/watch?v=QHEFD3wQquk,Unresolved,,,,
,,2023-07-18,1,,,Unknown,?4 known,,https://www.youtube.com/watch?v=QHEFD3wQquk,Unresolved,,,,
,,2023-07-18,1,,,Giorgio Moroder,I Wanna Rock You,,https://www.youtube.com/watch?v=QHEFD3wQquk,Identified,,,,
,,2023-07-18,1,,,Unknown,?6,,https://www.youtube.com/watch?v=QHEFD3wQquk,Unresolved,,,,
,,2023-07-18,1,,,Unknown,?7,,https://www.youtube.com/watch?v=QHEFD3wQquk,Unresolved,,,,
,,2023-07-18,1,,,Unknown,?8 known,,https://www.youtube.com/watch?v=QHEFD3wQquk,Unresolved,,,,
,,2023-07-18,1,,,Unknown,?9,,https://www.youtube.com/watch?v=QHEFD3wQquk,Unresolved,,,,
,,2023-07-18,1,,,Unknown,?10,,https://www.youtube.com/watch?v=QHEFD3wQquk,Unresolved,,,,
,,2023-07-18,2,,,Unknown,,,https://www.youtube.com/watch?v=G9vPmYvyilY,Unresolved,,,,
,,2023-07-20,1,,,Queen,Another One Bites the Dust (Despacio Edit),,https://www.youtube.com/watch?v=FT0m0w5hHPg,Identified,,,,
,,2023-07-20,1,,,Unknown,?2 - everybody,,https://www.youtube.com/watch?v=FT0m0w5hHPg,Unresolved,,,,
,,2023-07-20,1,,,Bowie,Let's Dance,,https://www.youtube.com/watch?v=FT0m0w5hHPg,Identified,,,,
,,2023-07-20,1,,,Unknown,?4,,https://www.youtube.com/watch?v=FT0m0w5hHPg,Unresolved,,,,
,,2023-07-20,1,,,Unknown,?5,,https://www.youtube.com/watch?v=FT0m0w5hHPg,Unresolved,,,,
,,2023-07-20,1,,,Unknown,?6,,https://www.youtube.com/watch?v=FT0m0w5hHPg,Unresolved,,,,
,,2023-07-20,1,,,Unknown,?7,,https://www.youtube.com/watch?v=FT0m0w5hHPg,Unresolved,,,,
,,2023-07-20,1,,,Unknown,?8,,https://www.youtube.com/watch?v=FT0m0w5hHPg,Unresolved,,,,
,,2023-07-20,1,,,Kraftwerk,Computer World,,https://www.youtube.com/watch?v=FT0m0w5hHPg,Identified,,,,
,,2023-07-20,1,,,Unknown,?10known,,https://www.youtube.com/watch?v=FT0m0w5hHPg,Unresolved,,,,
,,2023-07-20,2,,,Unknown,,,https://www.youtube.com/watch?v=FJrnRaZNBpk,Unresolved,,,,
