,,,,,,,,,,,,,
,Show ID,Date,Ord,Time,Unique ID,Artist,Title,Ball,Recording URL,Identification Status,Status / Notes,Comments,ID Credit
,15-TANP-D1,8/27/2022,01,14:00,15-44800-01,Art of Noise,Moments in Love (Beaten),No,available at discord.gg/despacio,Identified,,"verified via file: ""Despacio at This Ain't No Picnic - Saturday, August 27, 2022.mp3""",
,15-TANP-D1,8/27/2022,02,14:05,15-44800-02,Vangelis,Spiral,No,available at discord.gg/despacio,Identified,,"verified via file: ""Despacio at This Ain't No Picnic - Saturday, August 27, 2022.mp3""",
,15-TANP-D1,8/27/2022,03,14:06,15-44800-03,Kraan,Dancing In The Shade,No,available at discord.gg/despacio,Identified,,"verified via file: ""Despacio at This Ain't No Picnic - Saturday, August 27, 2022.mp3""",
,15-TANP-D1,8/27/2022,04,14:10,15-44800-04,Ned Doheny,Get It Up For Love,No,available at discord.gg/despacio,Identified,,"verified via file: ""Despacio at This Ain't No Picnic - Saturday, August 27, 2022.mp3""",
,15-TANP-D1,8/27/2022,05,14:14,15-44800-05,Bob Moses & Billy Martin,"Nana? Nono, Nene!",No,available at discord.gg/despacio,Identified,,"verified via file: ""Despacio at This Ain't No Picnic - Saturday, August 27, 2022.mp3""",
,15-TANP-D1,8/27/2022,06,14:16,15-44800-06,Hudson-Ford,Daylight (Coyote Edit),No,available at discord.gg/despacio,Identified,,"verified via file: ""Despacio at This Ain't No Picnic - Saturday, August 27, 2022.mp3""",
,15-TANP-D1,8/27/2022,07,14:20,15-44800-07,Paul McCartney,Check My Machine,No,available at discord.gg/despacio,Identified,,"verified via file: ""Despacio at This Ain't No Picnic - Saturday, August 27, 2022.mp3""",
,15-TANP-D1,8/27/2022,08,14:24,15-44800-08,Agnetha Fältskog,The Heat Is On,No,available at discord.gg/despacio,Identified,,"verified via file: ""Despacio at This Ain't No Picnic - Saturday, August 27, 2022.mp3""",
,15-TANP-D1,8/27/2022,09,14:27,15-44800-09,Fern Kinney,Baby Let Me Kiss You,No,available at discord.gg/despacio,Identified,,"verified via file: ""Despacio at This Ain't No Picnic - Saturday, August 27, 2022.mp3""",
,15-TANP-D1,8/27/2022,10,14:33,15-44800-10,Zazou Bikaye & CY1,Lamuka,No,available at discord.gg/despacio,Identified,,"verified via file: ""Despacio at This Ain't No Picnic - Saturday, August 27, 2022.mp3""",
,15-TANP-D1,8/27/2022,11,14:36,15-44800-11,James Mason,I Want Your Love,No,available at discord.gg/despacio,Identified,,"verified via file: ""Despacio at This Ain't No Picnic - Saturday, August 27, 2022.mp3""",
,15-TANP-D1,8/27/2022,12,14:41,15-44800-12,David Bowie,Young Americans (Despacio Edit),No,https://www.youtube.com/watch?v=4ycLJQwWALg & available at discord.gg/despacio,Identified,,the crowd roar when this song was played! ,
,15-TANP-D1,8/27/2022,13,14:47,15-44800-13,Love International,Airport of Love,No,available at discord.gg/despacio,Identified,,"verified via file: ""Despacio at This Ain't No Picnic - Saturday, August 27, 2022.mp3""",
,15-TANP-D1,8/27/2022,14,14:49,15-44800-14,Alf Emil Eik,To You,No,available at discord.gg/despacio,Identified,,"verified via file: ""Despacio at This Ain't No Picnic - Saturday, August 27, 2022.mp3""",
,15-TANP-D1,8/27/2022,15,14:54,15-44800-15,Tumblack,Vaudou (2manydjs Edit),No,available at discord.gg/despacio,Identified,,"verified via file: ""Despacio at This Ain't No Picnic - Saturday, August 27, 2022.mp3""",
,15-TANP-D1,8/27/2022,16,14:57,15-44800-16,Bill Nelson,Hope for a Heartbeat (Remix) (2manydjs Edit),No,available at discord.gg/despacio,Identified,,"verified via file: ""Despacio at This Ain't No Picnic - Saturday, August 27, 2022.mp3""",
,15-TANP-D1,8/27/2022,17,15:00,15-44800-17,Clive Stevens & Brainchild,Mystery Man,No,available at discord.gg/despacio,Identified,,"verified via file: ""Despacio at This Ain't No Picnic - Saturday, August 27, 2022.mp3""",
,15-TANP-D1,8/27/2022,18,15:04,15-44800-18,Edwin Starr,Get Up Whirlpool (Eric Duncan Edit),Yes,available at discord.gg/despacio & https://www.youtube.com/watch?v=4ycLJQwWALg,Identified,,"verified via file: ""Despacio at This Ain't No Picnic - Saturday, August 27, 2022.mp3""",
,15-TANP-D1,8/27/2022,19,15:09,15-44800-19,Santi Arisa & La Tribu,Au Vinga Pica,No,available at discord.gg/despacio,Identified,,"verified via file: ""Despacio at This Ain't No Picnic - Saturday, August 27, 2022.mp3""",
,15-TANP-D1,8/27/2022,20,15:12,15-44800-20,Casino Music,The Beat Goes On,No,available at discord.gg/despacio,Identified,,"verified via file: ""Despacio at This Ain't No Picnic - Saturday, August 27, 2022.mp3""",
,15-TANP-D1,8/27/2022,21,15:14,15-44800-21,Robert Palmer,Come Over,No,available at discord.gg/despacio,Identified,,"verified via file: ""Despacio at This Ain't No Picnic - Saturday, August 27, 2022.mp3""",
,15-TANP-D1,8/27/2022,22,15:17,15-44800-22,Roland P. Young,Ballo-Balla (2manydjs Edit),No,available at discord.gg/despacio,Identified,,"verified via file: ""Despacio at This Ain't No Picnic - Saturday, August 27, 2022.mp3""",
,15-TANP-D1,8/27/2022,23,15:20,15-44800-23,Eddie Hooper,Tomorrow's Sun,No,available at discord.gg/despacio,Identified,,"verified via file: ""Despacio at This Ain't No Picnic - Saturday, August 27, 2022.mp3""",
,15-TANP-D1,8/27/2022,24,15:24,15-44800-24,Robert Wyatt,The Age Of Self,No,available at discord.gg/despacio,Identified,,"verified via file: ""Despacio at This Ain't No Picnic - Saturday, August 27, 2022.mp3""",
,15-TANP-D1,8/27/2022,25,15:27,15-44800-25,Jasper van 't Hof,"Pili-Pili (Special 12"" Disco Mix)",No,https://youtu.be/4ycLJQwWALg?feature=shared&t=87 & available at discord.gg/despacio,Identified,,"verified via file: ""Despacio at This Ain't No Picnic - Saturday, August 27, 2022.mp3""",
,15-TANP-D1,8/27/2022,26,15:31,15-44800-26,Mina,Capisco (2manydjs Edit),No,available at discord.gg/despacio,Identified,,"verified via file: ""Despacio at This Ain't No Picnic - Saturday, August 27, 2022.mp3""",
,15-TANP-D1,8/27/2022,27,15:36,15-44800-27,Carly Simon,"Why (12"" Version)",No,available at discord.gg/despacio,Identified,,"verified via file: ""Despacio at This Ain't No Picnic - Saturday, August 27, 2022.mp3""",
,15-TANP-D1,8/27/2022,28,15:41,15-44800-28,Prince,When We're Dancing Close and Slow (Unknown Version),No,available at discord.gg/despacio,Identified,,"verified via file: ""Despacio at This Ain't No Picnic - Saturday, August 27, 2022.mp3""",
,15-TANP-D1,8/27/2022,29,15:44,15-44800-29,Ryuichi Sakamoto,Prototype A (2manydjs Edit),No,available at discord.gg/despacio,Identified,,"verified via file: ""Despacio at This Ain't No Picnic - Saturday, August 27, 2022.mp3""",
,15-TANP-D1,8/27/2022,30,15:48,15-44800-30,Unknown,Unknown,No,TRACK ID_0148_Despacio_ThisAintNoPicNic_20220827.mp3,Unresolved,,,
,15-TANP-D1,8/27/2022,31,15:52,15-44800-31,Brian Eno & David Byrne,Regiment (2manydjs Edit),No,available at discord.gg/despacio,Identified,,"verified via file: ""Despacio at This Ain't No Picnic - Saturday, August 27, 2022.mp3""",
,15-TANP-D1,8/27/2022,32,15:56,15-44800-32,Will Powers,"Adventures in Success (12"" Vocal)",No,available at discord.gg/despacio,Identified,,"verified via file: ""Despacio at This Ain't No Picnic - Saturday, August 27, 2022.mp3""",
,15-TANP-D1,8/27/2022,33,16:01,15-44800-33,Sheila Chandra,Quiet 1 (2manydjs Edit),No,TRACK ID_0201_Despacio_ThisAintNoPicNic_20220827.mp3,Identified,,,
,15-TANP-D1,8/27/2022,34,16:05,15-44800-34,Ettika,Ettika (2manydjs Edit),No,available at discord.gg/despacio,Identified,,"verified via file: ""Despacio at This Ain't No Picnic - Saturday, August 27, 2022.mp3""",
,15-TANP-D1,8/27/2022,35,16:09,15-44800-35,Niagara,Sangandongo (2manydjs Edit),No,available at discord.gg/despacio,Identified,,"verified via file: ""Despacio at This Ain't No Picnic - Saturday, August 27, 2022.mp3""",
,15-TANP-D1,8/27/2022,36,16:14,15-44800-36,Black Meteoric Star,Freaks Only,No,available at discord.gg/despacio,Identified,,"verified via file: ""Despacio at This Ain't No Picnic - Saturday, August 27, 2022.mp3""",
,15-TANP-D1,8/27/2022,37,16:21,15-44800-37,Madonna,Justify My Love (Q-Sound Mix) (2manydjs Edit),No,available at discord.gg/despacio,Identified,,"verified via file: ""Despacio at This Ain't No Picnic - Saturday, August 27, 2022.mp3""",
,15-TANP-D1,8/27/2022,38,16:25,15-44800-38,Unknown,Unknown,No,TRACK ID_0225_Despacio_ThisAintNoPicNic_20220827.mp3,Unresolved,,,
,15-TANP-D1,8/27/2022,39,16:29,15-44800-39,Billy Idol,Flesh For Fantasy (Despacio Edit),No,TRACK ID_0229_Despacio_ThisAintNoPicNic_20220827.mp3,Identified,,Played at many Despacios! We've probably ID'd this song in other tabs.,
,15-TANP-D1,8/27/2022,40,16:38,15-44800-40,DJ Steef,Black Savates,No,available at discord.gg/despacio,Identified,,"verified via file: ""Despacio at This Ain't No Picnic - Saturday, August 27, 2022.mp3""",
,15-TANP-D1,8/27/2022,41,16:42,15-44800-41,Dennis Parker,Like An Eagle (Despacio Edit),Yes,https://www.youtube.com/watch?v=4ycLJQwWALg,Identified,,,
,15-TANP-D1,8/27/2022,42,16:47,15-44800-42,Uele Kalabubu Et Sa Tribu,Matata (2manydjs Edit),No,available at discord.gg/despacio,Identified,,"verified via file: ""Despacio at This Ain't No Picnic - Saturday, August 27, 2022.mp3""",
,15-TANP-D1,8/27/2022,43,16:51,15-44800-43,D.C. La Rue,Do You Want The Real Thing,No,available at discord.gg/despacio,Identified,,"verified via file: ""Despacio at This Ain't No Picnic - Saturday, August 27, 2022.mp3""",
,15-TANP-D1,8/27/2022,44,17:01,15-44800-44,Simple Minds,This Fear Of Gods (2manydjs Edit),No,available at discord.gg/despacio,Identified,,"verified via file: ""Despacio at This Ain't No Picnic - Saturday, August 27, 2022.mp3""",
,15-TANP-D1,8/27/2022,45,17:03,15-44800-45,Tone Band,Germany Calling (2manydjs Edit),No,available at discord.gg/despacio,Identified,,"verified via file: ""Despacio at This Ain't No Picnic - Saturday, August 27, 2022.mp3""",
,15-TANP-D1,8/27/2022,46,17:07,15-44800-46,Sandii,Zoot Kook,No,available at discord.gg/despacio,Identified,,"verified via file: ""Despacio at This Ain't No Picnic - Saturday, August 27, 2022.mp3"" ; https://www.reddit.com/r/soulwax/comments/x0c7px/despacio_0827_anyone_know_the_name_of_this_track/",
,15-TANP-D1,8/27/2022,47,17:12,15-44800-47,Men Without Hats,The Safety Dance (Despacio Edit),Yes,available at discord.gg/despacio,Identified,,"verified via file: ""Despacio at This Ain't No Picnic - Saturday, August 27, 2022.mp3""",
,15-TANP-D1,8/27/2022,48,17:16,15-44800-48,4 M International,Space Operator (2manydjs Edit),Unknown,available at discord.gg/despacio,Identified,,"verified via file: ""Despacio at This Ain't No Picnic - Saturday, August 27, 2022.mp3""",
,15-TANP-D1,8/27/2022,49,17:20,15-44800-49,Jorge Reyes & Antonio Zepeda,A la Izquierda del Colibrí,Unknown,TRACK ID_0320_Despacio_ThisAintNoPicNic_20220827.mp3,Identified,,,
,15-TANP-D1,8/27/2022,50,17:23,15-44800-50,Heart,Magic Man,Unknown,available at discord.gg/despacio,Identified,,"verified via file: ""Despacio at This Ain't No Picnic - Saturday, August 27, 2022.mp3""",
,15-TANP-D1,8/27/2022,51,17:28,15-44800-51,Japan,Visions of China (2manydjs Edit),No,available at discord.gg/despacio,Identified,,"verified via file: ""Despacio at This Ain't No Picnic - Saturday, August 27, 2022.mp3""",
,15-TANP-D1,8/27/2022,52,17:33,15-44800-52,Stephane Sévérac,Hold On (Extended Mix),No,available at discord.gg/despacio,Identified,,"fan discussion at https://www.reddit.com/r/festivals/comments/x03qhg/despacio_this_aint_no_picnic_does_anyone_know_the/ .. verified via file: ""Despacio at This Ain't No Picnic - Saturday, August 27, 2022.mp3""",
,15-TANP-D1,8/27/2022,53,17:39,15-44800-53,Mim Suleiman,Mingi,No,available at discord.gg/despacio,Identified,,"verified via file: ""Despacio at This Ain't No Picnic - Saturday, August 27, 2022.mp3""",
,15-TANP-D1,8/27/2022,54,17:43,15-44800-54,Topo,"Ba Ba Go, Go",No,available at discord.gg/despacio,Identified,,"verified via file: ""Despacio at This Ain't No Picnic - Saturday, August 27, 2022.mp3""",
,15-TANP-D1,8/27/2022,55,17:47,15-44800-55,Velvet Season & The Hearts of Gold,"""El Dorado""",No,available at discord.gg/despacio,Identified,,"verified via file: ""Despacio at This Ain't No Picnic - Saturday, August 27, 2022.mp3""",
,15-TANP-D1,8/27/2022,56,17:50,15-44800-56,Talking Heads,Burning Down The House (2manydjs Yella Edit),No,available at discord.gg/despacio,Identified,,"verified via file: ""Despacio at This Ain't No Picnic - Saturday, August 27, 2022.mp3""",
,15-TANP-D1,8/27/2022,57,17:52,15-44800-57,Tom Tom Club,Genius of Love,No,available at discord.gg/despacio,Identified,,"verified via file: ""Despacio at This Ain't No Picnic - Saturday, August 27, 2022.mp3""",
,15-TANP-D1,8/27/2022,58,17:54,15-44800-58,The Turtles,I'm Chief Kamanawanalea (We're The Royal Macadamia Nuts) (2manydjs Edit),No,available at discord.gg/despacio,Identified,,"verified via file: ""Despacio at This Ain't No Picnic - Saturday, August 27, 2022.mp3""",
,15-TANP-D1,8/27/2022,59,17:55,15-44800-59,He Said,Pump,No,available at discord.gg/despacio,Identified,,"verified via file: ""Despacio at This Ain't No Picnic - Saturday, August 27, 2022.mp3""",
,15-TANP-D1,8/27/2022,60,18:01,15-44800-60,Daryl Hall & John Oates,I Can't Go for That (No Can Do) (Despacio Edit),Yes,available at discord.gg/despacio,Identified,,"verified via file: ""Despacio at This Ain't No Picnic - Saturday, August 27, 2022.mp3""",
,15-TANP-D1,8/27/2022,61,18:06,15-44800-61,Waffles,Macao,No,available at discord.gg/despacio,Identified,,"verified via file: ""Despacio at This Ain't No Picnic - Saturday, August 27, 2022.mp3""",
,15-TANP-D1,8/27/2022,62,18:09,15-44800-62,Fernando Pulichino,Natural 77,No,available at discord.gg/despacio,Identified,,"verified via file: ""Despacio at This Ain't No Picnic - Saturday, August 27, 2022.mp3""",
,15-TANP-D1,8/27/2022,63,18:13,15-44800-63,Marta Acuna,"Dance, Dance, Dance (Unknown Edit)",Yes,available at discord.gg/despacio,Identified,,"verified via file: ""Despacio at This Ain't No Picnic - Saturday, August 27, 2022.mp3""",
,15-TANP-D1,8/27/2022,64,18:18,15-44800-64,Captain Beefheart,Tropical Hot Dog Night,No,available at discord.gg/despacio,Identified,,"verified via file: ""Despacio at This Ain't No Picnic - Saturday, August 27, 2022.mp3""",
,15-TANP-D1,8/27/2022,65,18:21,15-44800-65,Larry Robbins & Sammy Burdson / Daevid Allen & New York Gong / Kayanza,Disco Cola / Jungle Windo(w) / Salutation Akazéhé (2manydjs Edit),No,available at discord.gg/despacio,Identified,,"verified via file: ""Despacio at This Ain't No Picnic - Saturday, August 27, 2022.mp3""",
,15-TANP-D1,8/27/2022,66,18:23,15-44800-66,Charlotte Gainsbourg,Deadly Valentine (Soulwax Remix),No,available at discord.gg/despacio,Identified,,"verified via file: ""Despacio at This Ain't No Picnic - Saturday, August 27, 2022.mp3""",
,15-TANP-D1,8/27/2022,67,18:29,15-44800-67,Unknown,Unknown,Unknown,TRACK ID_0429_Despacio_ThisAintNoPicNic_20220827.mp3,Unresolved,,Likely a 2manydjs Edit,
,15-TANP-D1,8/27/2022,68,18:31,15-44800-68,Björk,Human Behavior (Despacio Edit),Unknown,available at discord.gg/despacio,Identified,,"verified via file: ""Despacio at This Ain't No Picnic - Saturday, August 27, 2022.mp3""",
,15-TANP-D1,8/27/2022,69,18:34,15-44800-69,Sworn Virgins,The Male Man,Unknown,available at discord.gg/despacio,Identified,,"verified via file: ""Despacio at This Ain't No Picnic - Saturday, August 27, 2022.mp3""",
,15-TANP-D1,8/27/2022,70,unk,15-44800-70,Waffles,Ca Va,Unknown,,Identified,,,
,15-TANP-D1,8/27/2022,71,unk,15-44800-71,Waffles,Uganda,Unknown,,Identified,,,
,15-TANP-D1,8/27/2022,72,unk,15-44800-72,Plant43,The Toll Gate,Unknown,,Identified,,,
,15-TANP-D1,8/27/2022,73,19:39,15-44800-73,Ferrara,Love Attack / Get Off The Speakers (Unreleased Soulwax Edit),Unknown,,Identified,,,
,15-TANP-D1,8/27/2022,74,unk,15-44800-74,Tiga,Good as Gold,Unknown,https://youtu.be/4ycLJQwWALg?si=5tIQjsrtRDDUWOKP&t=595,Identified,,Played before Walk The Night,
,15-TANP-D1,8/27/2022,75,20:00,15-44800-75,Skatt Bros,Walk the Night,Unknown,https://youtu.be/4ycLJQwWALg?feature=shared&t=1052,Identified,,,
,15-TANP-D1,8/27/2022,76,unk,15-44800-76,Rubber Band,Caoutchouc,Unknown,https://youtu.be/4ycLJQwWALg?si=2sywFGrSB8IMtyJT&t=639,Identified,,,
,15-TANP-D1,8/27/2022,77,unk,15-44800-77,Sworn Virgins,Fifty Dollar Bills,Unknown,,Identified,,,
,15-TANP-D1,8/27/2022,78,unk,15-44800-78,Phil Kieran,Polyrhythmic,Unknown,,Identified,,,
,15-TANP-D1,8/27/2022,79,unk,15-44800-79,Charlotte Adigéry & Bolis Pupul,Cliché (Soulwax Remix),Unknown,,Identified,,,
,15-TANP-D1,8/27/2022,80,unk,15-44800-80,Sylvester,You Make Me Feel (Mighty Real),Unknown,,Identified,,,
,15-TANP-D1,8/27/2022,81,unk,15-44800-81,Kraftwerk,Numbers,Unknown,,Identified,,,
,15-TANP-D1,8/27/2022,82,unk,15-44800-82,Kraftwerk,Computer World 2,Unknown,,Identified,,,
,15-TANP-D1,8/27/2022,83,unk,15-44800-83,Bolis Pupul,Rendez-Voodoo,Unknown,,Identified,,,
,15-TANP-D1,8/27/2022,84,20:45,15-44800-84,Harry Thumann,"Underwater (12"" Extended Version)",Yes,,Identified,,,
,15-TANP-D1,8/27/2022,85,unk,15-44800-85,Lil' Louis & The World,French Kiss (The Original Underground Mix),Unknown,,Identified,,,
,15-TANP-D1,8/27/2022,86,unk,15-44800-86,The Beatles,Here Comes the Sun (Despacio Edit),Yes,https://www.youtube.com/watch?v=4ycLJQwWALg,Identified,,FINALE - DAY1,
,,,,,,,,,,,,,
,15-TANP-D2,8/28/2022,,14:00,,Art of Noise,Moments in Love (Beaten),No,,Identified,,,
,15-TANP-D2,8/28/2022,,,,Melanie,Got My Mojo Working,,,Identified,,,
,15-TANP-D2,8/28/2022,,14:30,,Dr. John,I Walk on Guilded Splinters,No,,Identified,,,
,15-TANP-D2,8/28/2022,,unk,,Can,Moonshake,No,,Identified,,,
,15-TANP-D2,8/28/2022,,15:15,,BEGIN,Day Pulse,No,,Identified,,,
,15-TANP-D2,8/28/2022,,unk,,Koreless,Joy Squad (2manydjs Edit),No,,Identified,,,
,15-TANP-D2,8/28/2022,,unk,,Bilgeri,Video Life,No,,Identified,,,
,15-TANP-D2,8/28/2022,,unk,,Paul Mirror,Polite,No,,Identified,,,
,15-TANP-D2,8/28/2022,,unk,,Herb Alpert,Rise,No,,Identified,,,
,15-TANP-D2,8/28/2022,,unk,,The Orb,Little Fluffy Clouds (Cumulo Nimbus Mix),No,,Identified,,,
,15-TANP-D2,8/28/2022,,unk,,Diplo & Damian Lazarus,Don’t Be Afraid (Soulwax Remix),No,,Identified,,,
,15-TANP-D2,8/28/2022,,unk,,Waffles,"007A (2manydjs Edit of Akiko Yano ""Tokimeki"")",Unknown,,Identified,,,
,15-TANP-D2,8/28/2022,,unk,,Hot Chocolate,Mindless Boogie (Extended Version),Unknown,,Identified,,,
,15-TANP-D2,8/28/2022,,unk,,Kool & the Gang,Jungle Boogie (2manydjs Edit),Unknown,,Identified,,,
,15-TANP-D2,8/28/2022,,unk,,Rubber Band,Caoutchouc,Yes,https://youtu.be/4ycLJQwWALg?feature=shared&t=660,Identified,,,
,15-TANP-D2,8/28/2022,,unk,,The Peppers,Hot Caramel (Soulwax Remix),No,https://youtu.be/4ycLJQwWALg?feature=shared&t=1211,Identified,,,suup
,15-TANP-D2,8/28/2022,,unk,,Unknown,Unknown,No,https://youtu.be/4ycLJQwWALg?feature=shared&t=1237,Unresolved,,,
,15-TANP-D2,8/28/2022,,unk,,Crystal Grass,Dream On,No,https://youtu.be/4ycLJQwWALg?feature=shared&t=1262,Identified,,,
,15-TANP-D2,8/28/2022,,unk,,Unknown,Unknown,No,https://youtu.be/4ycLJQwWALg?feature=shared&t=1285,Unresolved,,,
,15-TANP-D2,8/28/2022,,unk,,Sky,Westway,No,https://youtu.be/4ycLJQwWALg?feature=shared&t=1285,Identified,,,
,15-TANP-D2,8/28/2022,,unk,,Unknown,Unknown,No,https://youtu.be/4ycLJQwWALg?feature=shared&t=1354,Unresolved,,,
,15-TANP-D2,8/28/2022,,unk,,Rod Stewart,"Passion (12"" Version)",No,https://youtu.be/4ycLJQwWALg?feature=shared&t=1354,Identified,,,
,15-TANP-D2,8/28/2022,,unk,,Unknown,Unknown,No,https://youtu.be/4ycLJQwWALg?feature=shared&t=1429,Unresolved,,,
,15-TANP-D2,8/28/2022,,unk,,Bee Gees,Love You Inside Out,No,https://youtu.be/4ycLJQwWALg?feature=shared&t=1519,Identified,,,
,15-TANP-D2,8/28/2022,,unk,,Mim Suleiman,Nyuli (Maurice Fulton Dub),Yes,https://youtu.be/4ycLJQwWALg?feature=shared&t=1542,Identified,,,suup
,15-TANP-D2,8/28/2022,,unk,,Steve Miller Band,Fly Like an Eagle,Yes,,Identified,,,
,15-TANP-D2,8/28/2022,,unk,,Su Kramer,Magic Dance,No,https://youtu.be/4ycLJQwWALg?feature=shared&t=1598,Identified,,,suup
,15-TANP-D2,8/28/2022,,unk,,"Beauregard, Violletti & Ste-Claire",Ce Soir (Je Sens Que Tout Peut M'arriver) (2manydjs Edit),No,https://youtu.be/4ycLJQwWALg?feature=shared&t=1619,Identified,,dance circle!,suup
,15-TANP-D2,8/28/2022,,unk,,Shadow,Let's Get it Together,No,https://youtu.be/4ycLJQwWALg?feature=shared&t=1721,Identified,,,
,15-TANP-D2,8/28/2022,,unk,,Daryl Hall & John Oates,I Can't Go for That (No Can Do) (Despacio Edit),Yes,,Identified,,,
,15-TANP-D2,8/28/2022,,unk,,Unknown,Unknown,No,https://www.youtube.com/watch?v=GM_dKzsQHQA,Unresolved,,,
,15-TANP-D2,8/28/2022,,unk,,Unknown,Unknown,No,Despacio | Aint No Picnic - YouTube,Unresolved,,a staple!,
,15-TANP-D2,8/28/2022,,unk,,Olivia Newton-John,Magic,No,https://youtu.be/4ycLJQwWALg?feature=shared&t=1780,Identified,,,
,15-TANP-D2,8/28/2022,,unk,,DEEWEE,Oh Stéphanie,No,https://youtu.be/4ycLJQwWALg?feature=shared&t=1862,Identified,,,suup
,15-TANP-D2,8/28/2022,,unk,,Unknown,Unknown,No,https://youtu.be/4ycLJQwWALg?feature=shared&t=1927,Unresolved,,,
,15-TANP-D2,8/28/2022,,unk,,Woolfy & Projections,Set it Up,No,https://youtu.be/4ycLJQwWALg?feature=shared&t=1938,Identified,,,
,15-TANP-D2,8/28/2022,,unk,,Unknown,Unknown,No,https://youtu.be/4ycLJQwWALg?feature=shared&t=1927,Unresolved,,a staple!,
,15-TANP-D2,8/28/2022,,unk,,Unknown,Unknown,No,https://youtu.be/4ycLJQwWALg?feature=shared&t=2038,Unresolved,,,
,15-TANP-D2,8/28/2022,,18:38,,The Dynamic Duo,In the Pocket (Ray Mang Beats),No,https://cdn.discordapp.com/attachments/1101542763834646528/1430675349947027508/RDT_20251022_151102.mp4?ex=68faa3c0&is=68f95240&hm=409d78d7c8a1514e0d30361de7f7cdb5717a4af20de1859257da016d7491cb3b&,Identified,,,
,15-TANP-D2,8/28/2022,,unk,,Deux,Everybody's Night,Yes,,Identified,,,
,15-TANP-D2,8/28/2022,,unk,,Zongamin,Bongo Song,No,https://youtu.be/4ycLJQwWALg?feature=shared&t=2184,Identified,,https://www.youtube.com/watch?v=MDq5RMYT3_k,suup
,15-TANP-D2,8/28/2022,,unk,,Headman,It Rough (Chicken Lips Remix),Yes,https://youtu.be/4ycLJQwWALg?feature=shared&t=2202,Identified,,staple!,
,15-TANP-D2,8/28/2022,,unk,,Waffles,49 Gang,,,Identified,,,
,15-TANP-D2,8/28/2022,,unk,,Hamilton Bohannon,"Let's Start the Dance (12"" Version)",,,Identified,,,
,15-TANP-D2,8/28/2022,,unk,,Lil' Louis & The World,French Kiss (The Original Underground Mix),,https://www.youtube.com/watch?v=4ycLJQwWALg,Identified,,,
,15-TANP-D2,8/28/2022,,unk,,Leik,Burner (Original Mix),,,Identified,,,
,15-TANP-D2,8/28/2022,,19:04,,Manncool & Trol2000,Capy (Edit of Capone – Music Love Song),,https://www.reddit.com/r/thisaintnopicnic/comments/x258ng/despacio_track_id/,Identified,,,
,15-TANP-D2,8/28/2022,,unk,,,,,,Incomplete,,,
,15-TANP-D2,8/28/2022,,unk,,付思超 · 林墨 · 利路修 · 米卡 · 庆怜 · 吴宇恒 · 薛八一 · 张嘉元,Be Mine (纯享版),,,Identified,,,
,15-TANP-D2,8/28/2022,,unk,,Nikola Mihailovic,Sense of Dream (Original Mix),,,Identified,,,
,15-TANP-D?,8/28/2022,,unk,,Phil Kieran,Polyrhythmic,,,Identified,,,
,15-TANP-D2,8/28/2022,,unk,,Charlotte Adigéry & Bolis Pupul,Cliché (Soulwax Remix),Yes,"https://www.youtube.com/watch?v=4ycLJQwWALg, https://www.youtube.com/watch?v=2XnxtgOLjbg",Identified,,,
,15-TANP-D2,8/28/2022,,unk,,Peter Tosh,Dubbing Buk-In-Hamm,No,https://www.youtube.com/watch?v=GM_dKzsQHQA,Identified,,,
,15-TANP-D2,8/28/2022,,unk,,Bolis Pupul,Rendez-Voodoo,,https://youtu.be/4ycLJQwWALg?feature=shared&t=921,Identified,,,
,15-TANP-D2,8/28/2022,,unk,,Tiga,Good as Gold,,https://youtu.be/4ycLJQwWALg?feature=shared&t=605,Identified,,,
,15-TANP-D2,8/28/2022,,unk,,Sworn Virgins,Fifty Dollar Bills,,https://youtu.be/4ycLJQwWALg?feature=shared&t=696,Identified,,,
,15-TANP-D2,8/28/2022,,20:00,,Yazoo,Situation (Dub Version),,,Identified,,,
,15-TANP-D2,8/28/2022,,unk,,Unknown,Unknown,,https://youtu.be/4ycLJQwWALg?feature=shared&t=2272,Unresolved,,,
,15-TANP-D2,8/28/2022,,20:12,,Bee Gees,You Should Be Dancin' (Todd Terje Edit),Yes,https://youtu.be/4ycLJQwWALg?feature=shared&t=2302,Identified,,a staple,
,15-TANP-D2,8/28/2022,,unk,,Unknown,Unknown,No,https://youtu.be/4ycLJQwWALg?feature=shared&t=2396,Unresolved,,,
,15-TANP-D2,8/28/2022,,unk,,Cajmere,Percolator,No,https://youtu.be/4ycLJQwWALg?feature=shared&t=2415,Identified,,,u/jonvanthaman
,15-TANP-D2,8/28/2022,,20:29,,Sylvester,You Make Me Feel (Mighty Real) (Soulwax for Despacio Remix),Yes,https://www.youtube.com/watch?v=4ycLJQwWALg,Identified,,,
,15-TANP-D2,8/28/2022,,unk,,Symsonic,Sublime,,,Identified,,,
,15-TANP-D2,8/28/2022,,unk,,Kraftwerk,Computerwelt 2,Yes,https://youtu.be/4ycLJQwWALg?feature=shared&t=881,Identified,,,
,15-TANP-D2,8/28/2022,,unk,,Charlotte Gainsbourg,Deadly Valentine (Soulwax Remix),,,Identified,,,
,15-TANP-D2,8/28/2022,,unk,,Delia Gonzalez & Gavin Russom,Relevee (Carl Craig Remix),No,https://www.youtube.com/watch?v=oT_RhdNRobE,Identified,,verified via video - pre-finale song,
,15-TANP-D2,8/28/2022,,20:55,,Chicago,I'm A Man (Rub-N-Tug's Lower Beard Stays The Same Re-Edit),Yes,https://www.youtube.com/watch?v=oT_RhdNRobE,Identified,,FINALE - DAY 2,
