,Show ID,Date,Ord,Time,Unique ID,Artist,Title,Ball,Recording URL,Identification Status,Status / Notes,Comments,ID Credit
,,,,,,,,,,Administrative,DESPACIO COACHELLA 2023,,
,17-Indio-D1,4/14/2023,01,unk,17-45030-01,Novi Singers,"Mazurka in A Minor, Op. 17: No. 4",,,Identified,,,per u/mco_josh
,17-Indio-D1,4/14/2023,02,unk,17-45030-02,Steve Reich,Pulse (Sections I–X),,,Identified,,,per u/mco_josh
,17-Indio-D1,4/14/2023,03,unk,17-45030-03,Billy Swan,Don't Be Cruel,,,Identified,,,per u/mco_josh
,17-Indio-D1,4/14/2023,04,unk,17-45030-04,Art of Noise,Moments in Love (Beaten),,,Identified,,,per u/mco_josh
,17-Indio-D1,4/14/2023,05,unk,17-45030-05,Ned Doheny,Get It Up For Love,,,Identified,,,per u/mco_josh
,17-Indio-D1,4/14/2023,06,unk,17-45030-06,Hudson-Ford,Daylight (Coyote Edit),,,Identified,,,per u/mco_josh
,17-Indio-D1,4/14/2023,07,unk,17-45030-07,Bob Moses & Billy Martin,"Nana? Nono, Nene!",,,Identified,,,per u/mco_josh
,17-Indio-D1,4/14/2023,08,unk,17-45030-08,Fern Kinney,Baby Let Me Kiss You,,,Identified,,,per u/mco_josh
,17-Indio-D1,4/14/2023,09,unk,17-45030-09,Unknown,Unknown,,,Unresolved,,? (fripp esque guitar),per u/mco_josh
,17-Indio-D1,4/14/2023,10,unk,17-45030-10,Rex Ilusivii,Facedance,,,Identified,,,per u/mco_josh
,17-Indio-D1,4/14/2023,11,unk,17-45030-11,Agnetha Fältskog,The Heat Is On,,,Identified,,,per u/mco_josh
,17-Indio-D1,4/14/2023,12,unk,17-45030-12,David Bowie,Young Americans (Despacio Edit),,,Identified,DAY 1,,per u/mco_josh
,17-Indio-D1,4/14/2023,13,unk,17-45030-13,Eddie Hooper,Tomorrow's Sun,,,Identified,,,per u/mco_josh
,17-Indio-D1,4/14/2023,14,unk,17-45030-14,Jon & Vangelis,State of Independence,,,Identified,,,per u/mco_josh
,17-Indio-D1,4/14/2023,15,unk,17-45030-15,Love International,Airport of Love,,,Identified,,,per u/mco_josh
,17-Indio-D1,4/14/2023,16,unk,17-45030-16,Steel Mind,Boss Man,,,Identified,,,per u/mco_josh
,17-Indio-D1,4/14/2023,17,unk,17-45030-17,Melanie,Got My Mojo Working,,,Identified,,,per u/mco_josh
,17-Indio-D1,4/14/2023,18,unk,17-45030-18,Unknown,Unknown,,,Unresolved,,gap in recording,
,17-Indio-D1,4/14/2023,19,unk,17-45030-19,Unknown,Unknown,,,Unresolved,,,
,17-Indio-D1,4/14/2023,20,unk,17-45030-20,Barbatuques,Baianá (Wolf Müller's Drum Drop),,,Identified,,,per u/padsushi
,17-Indio-D1,4/14/2023,21,unk,17-45030-21,Unknown,Unknown,,,Unresolved,,,
,17-Indio-D1,4/14/2023,22,unk,17-45030-22,Mina,Capisco (2manydjs Edit),,,Identified,,,per u/padsushi
,17-Indio-D1,4/14/2023,23,unk,17-45030-23,Carly Simon,"Why (12"" Version)",,,Identified,,,per u/padsushi
,17-Indio-D1,4/14/2023,24,unk,17-45030-24,Black Meteoric Star,Freaks Only,,,Identified,DAY 1,,per u/padsushi
,17-Indio-D1,4/14/2023,25,unk,17-45030-25,Logic System,Unit,,,Identified,,,per u/padsushi
,17-Indio-D1,4/14/2023,26,unk,17-45030-26,Unknown,Unknown,,,Unresolved,,,
,17-Indio-D1,4/14/2023,27,unk,17-45030-27,Billy Idol,Flesh For Fantasy (Despacio Edit),,,Identified,,,per u/padsushi
,17-Indio-D1,4/14/2023,28,unk,17-45030-28,Topo,"Ba Ba Go, Go",,,Identified,,,per u/padsushi
,17-Indio-D1,4/14/2023,29,unk,17-45030-29,Sandii & The Sunsetz,An Antenna,,,Identified,,,"per u/spamandeggs79, u/supwrman32"
,17-Indio-D1,4/14/2023,30,unk,17-45030-30,Dennis Parker,Like An Eagle (Despacio Edit),,,Identified,,,"per u/spamandeggs79, u/supwrman32"
,17-Indio-D1,4/14/2023,31,unk,17-45030-31,Madonna,Justify My Love (Unknown Version),,,Identified,,,per u/padsushi
,17-Indio-D1,4/14/2023,32,unk,17-45030-32,Unknown,Unknown,,,Unresolved,,,
,17-Indio-D1,4/14/2023,33,unk,17-45030-33,Eighties Ladies,Turned On to You (Viva Shade Re-Edit),,,Identified,,,per u/spamandeggs79
,17-Indio-D1,4/14/2023,34,unk,17-45030-34,DJ Steef,Triolisme,,,Identified,,,per u/mco_josh
,17-Indio-D1,4/14/2023,35,unk,17-45030-35,6th Borough Project,Deep C,,,Identified,,,per u/padsushi
,17-Indio-D1,4/14/2023,36,unk,17-45030-36,Orestt,Homies,,,Identified,DAY 1,,per u/padsushi
,17-Indio-D1,4/14/2023,37,unk,17-45030-37,Chet Faker,Whatever Tomorrow (Soulwax Remix),,,Identified,,,per u/padsushi
,17-Indio-D1,4/14/2023,38,unk,17-45030-38,Mim Suleiman,Mingi,,,Identified,,,per u/padsushi
,17-Indio-D1,4/14/2023,39,unk,17-45030-39,Stephane Sévérac,Hold On (Extended Mix),,,Identified,,,"per u/downvotes_a_plenty, u/who-took-the-bomp-took-the-bomp, u/supwrman32"
,17-Indio-D1,4/14/2023,40,unk,17-45030-40,Ngozi Family,Sunka Mulamu (2manydjs Edit),,,Identified,,,"per u/padsushi, u/supwrman32"
,17-Indio-D1,4/14/2023,41,unk,17-45030-41,Baxter Dury,Miami (Parrot and Cocker Too Remix),,,Identified,,,"per u/denlekke, u/Padsushi, u/supwrman32"
,17-Indio-D1,4/14/2023,42,unk,17-45030-42,Syclops,Nelson's Back,,,Identified,,,per u/padsushi
,17-Indio-D1,4/14/2023,43,unk,17-45030-43,The Turtles,I'm Chief Kamanawanalea (We're The Royal Macadamia Nuts) (2manydjs Edit),,,Identified,,,per u/padsushi
,17-Indio-D1,4/14/2023,44,unk,17-45030-44,Unknown,Unknown,,,Unresolved,,,
,17-Indio-D1,4/14/2023,45,unk,17-45030-45,Unknown,Unknown,,,Unresolved,,[acidish melodic track],per u/padsushi
,17-Indio-D1,4/14/2023,46,unk,17-45030-46,Unknown,Unknown,,,Unresolved,,,
,17-Indio-D1,4/14/2023,47,unk,17-45030-47,Waffles,Macao,,,Identified,,,per u/padsushi
,17-Indio-D1,4/14/2023,48,unk,17-45030-48,Heart,Magic Man,,,Identified,DAY 1,,per u/padsushi
,17-Indio-D1,4/14/2023,49,unk,17-45030-49,The Jellies,Jive Baby On A Saturday Night,,,Identified,,,per u/padsushi
,17-Indio-D1,4/14/2023,50,unk,17-45030-50,DEEWEE,Oh Stéphanie,,,Identified,,,per u/supwrman32
,17-Indio-D1,4/14/2023,51,unk,17-45030-51,Ebo Taylor,Love & Death,,,Identified,,,per u/padsushi
,17-Indio-D1,4/14/2023,52,unk,17-45030-52,Unknown,Unknown,,,Unresolved,,,
,17-Indio-D1,4/14/2023,53,unk,17-45030-53,Charlotte Gainsbourg,Deadly Valentine (Soulwax Remix),,,Identified,,,per u/padsushi
,17-Indio-D1,4/14/2023,54,unk,17-45030-54,Free Life,There's Something Better,,,Identified,,,per u/padsushi
,17-Indio-D1,4/14/2023,55,unk,17-45030-55,Loose Joints,Is It All Over My Face? (Larry Levan Remix),,,Identified,,,per u/padsushi
,17-Indio-D1,4/14/2023,56,unk,17-45030-56,Secret Squirrels #10,Side A,,,Identified,,,per u/padsushi
,17-Indio-D1,4/14/2023,57,unk,17-45030-57,Telex,Moskow Diskow,,,Identified,,,per u/padsushi
,17-Indio-D1,4/14/2023,58,unk,17-45030-58,Róisín Murphy,Something More (Soulwax Remix),,,Identified,,,per u/padsushi
,17-Indio-D1,4/14/2023,59,unk,17-45030-59,Unknown,Unknown,,,Unresolved,,,
,17-Indio-D1,4/14/2023,60,unk,17-45030-60,Unknown,Unknown,,,Unresolved,DAY 1,,
,17-Indio-D1,4/14/2023,61,unk,17-45030-61,Deux,Everybody's Night,,,Identified,,,per u/padsushi
,17-Indio-D1,4/14/2023,62,unk,17-45030-62,Fela Kuti,Ye Ye De Smell,,,Identified,,,per u/padsushi
,17-Indio-D1,4/14/2023,63,unk,17-45030-63,Together (DJ Falcon & Thomas Bangalter),Together,,,Identified,,,per u/padsushi
,17-Indio-D1,4/14/2023,64,unk,17-45030-64,Sworn Virgins,Take Your Lady,,,Identified,,,per u/padsushi
,17-Indio-D1,4/14/2023,65,unk,17-45030-65,Laurin Rinder & W. Michael Lewis,"Anger and Sex (Members Only ""Anger and Sex"")",,,Identified,,,"per u/mco_josh, u/supwrman32"
,17-Indio-D1,4/14/2023,66,unk,17-45030-66,Waffles,Croatia White,,,Identified,,,per u/padsushi
,17-Indio-D1,4/14/2023,67,unk,17-45030-67,The Antennas,Just Your Love,,,Identified,,,per u/denlekke
,17-Indio-D1,4/14/2023,68,unk,17-45030-68,Yazoo,Situation (Dub Version),,,Identified,,,per u/padsushi=
,17-Indio-D1,4/14/2023,69,unk,17-45030-69,Sworn Virgins,Fifty Dollar Bills,,,Identified,,,per u/padsushi
,17-Indio-D1,4/14/2023,70,unk,17-45030-70,Chicago,I'm A Man (Rub-N-Tug's Lower Beard Stays The Same Re-Edit),,,Identified,,,per u/padsushi & u/mco_josh
,17-Indio-D1,4/14/2023,71,unk,17-45030-71,Harry Thumann,"Underwater (12"" Extended Version)",,,Identified,,,per u/padsushi
,,,,,,,,,,Administrative,DAY 2 4/15/2023,,
,17-Indio-D2,4/15/2023,01,unk,17-45031-01,Lynsey De Paul,Sugar Me,,,Identified,DAY 2,,per u/supwrman32
,17-Indio-D2,4/15/2023,02,unk,17-45031-02,The Peppers,Hot Caramel (Soulwax Remix),,,Identified,,,per u/supwrman32
,17-Indio-D2,4/15/2023,03,unk,17-45031-03,Robert Wyatt,The Age Of Self,,,Identified,,,per u/supwrman32
,17-Indio-D2,4/15/2023,04,unk,17-45031-04,The Raincoats,No One's Little Girl,,,Identified,,,per u/supwrman32
,17-Indio-D2,4/15/2023,05,unk,17-45031-05,Unknown,Unknown,,,Unresolved,,,
,17-Indio-D2,4/15/2023,06,unk,17-45031-06,Santi Arisa & La Tribu,Au Vinga Pica,,,Identified,,,per u/supwrman32
,17-Indio-D2,4/15/2023,07,unk,17-45031-07,Blue Jazz TV,Chiba Girl (feat. Billy G Robinson),,,Identified,,,per u/supwrman32
,17-Indio-D2,4/15/2023,08,unk,17-45031-08,Ryuichi Sakamoto,Prototype A (2manydjs Edit),,,Identified,,,per u/supwrman32
,17-Indio-D2,4/15/2023,09,unk,17-45031-09,Sky,Westway,,,Identified,,,per u/supwrman32
,17-Indio-D2,4/15/2023,10,unk,17-45031-10,Unknown,Unknown,,,Unresolved,,,
,17-Indio-D2,4/15/2023,11,unk,17-45031-11,Unknown,Unknown,,,Unresolved,,,
,17-Indio-D2,4/15/2023,12,unk,17-45031-12,Brian Eno & David Byrne,Regiment (2manydjs Edit),,,Identified,,,per u/supwrman32
,17-Indio-D2,4/15/2023,13,unk,17-45031-13,Crystal Grass,Dream On,,,Identified,DAY 2,,per u/supwrman32
,17-Indio-D2,4/15/2023,14,unk,17-45031-14,Unknown,Unknown,,,Unresolved,,,
,17-Indio-D2,4/15/2023,15,unk,17-45031-15,Unknown,Unknown,,,Unresolved,,,
,17-Indio-D2,4/15/2023,16,unk,17-45031-16,BEGIN,Day Pulse,,,Identified,,,per u/supwrman32
,17-Indio-D2,4/15/2023,17,unk,17-45031-17,Will Powers,"Adventures in Success (12"" Vocal)",,,Identified,,,per u/supwrman32
,17-Indio-D2,4/15/2023,18,unk,17-45031-18,Tone Band,Germany Calling (2manydjs Edit),,,Identified,,,per u/supwrman32
,17-Indio-D2,4/15/2023,19,unk,17-45031-19,DJ Cole Medina,Cole Loves Your Insides Out,,,Identified,,"Edit of ""Love You Inside Out"" by Bee Gees",per u/supwrman32
,17-Indio-D2,4/15/2023,20,unk,17-45031-20,Dennis Parker,Like An Eagle (Despacio Edit),,,Identified,,,per u/supwrman32
,17-Indio-D2,4/15/2023,21,unk,17-45031-21,Unknown,Unknown,,,Unresolved,,,
,17-Indio-D2,4/15/2023,22,unk,17-45031-22,Uele Kalabubu Et Sa Tribu,Matata (2manydjs Edit),,,Identified,,,per u/supwrman32
,17-Indio-D2,4/15/2023,23,unk,17-45031-23,Red Axes,Sun My Sweet Sun (Despacio Edit),,,Identified,,,"per u/supwrman32, u/padsushi"
,17-Indio-D2,4/15/2023,24,unk,17-45031-24,Jan Hammer Group,Don't You Know,,,Identified,,,per u/supwrman32
,17-Indio-D2,4/15/2023,25,unk,17-45031-25,Ettika,Ettika (2manydjs Edit),,,Identified,DAY 2,,per u/supwrman32
,17-Indio-D2,4/15/2023,26,unk,17-45031-26,Mim Suleiman,Nyuli (Maurice Fulton Dub),,,Identified,,,per u/supwrman32
,17-Indio-D2,4/15/2023,27,unk,17-45031-27,D.C. La Rue,Do You Want The Real Thing,,,Identified,,,per u/supwrman32
,17-Indio-D2,4/15/2023,28,unk,17-45031-28,Rod Stewart,"Passion (12"" Version)",,,Identified,,,per u/supwrman32
,17-Indio-D2,4/15/2023,29,unk,17-45031-29,Raggio Di Luna,Comanchero (Vocal),,,Identified,,,per u/supwrman32
,17-Indio-D2,4/15/2023,30,unk,17-45031-30,Unknown,Unknown,,,Unresolved,,,
,17-Indio-D2,4/15/2023,31,unk,17-45031-31,Mahotella Queens,Wozani Mahipi (2manydjs Edit),,,Identified,,,per u/supwrman32
,17-Indio-D2,4/15/2023,32,unk,17-45031-32,Steve Miller Band,Space Intro,,,Identified,,,per u/supwrman32
,17-Indio-D2,4/15/2023,32,unk,17-45031-32,Steve Miller Band,Fly Like an Eagle,,,Identified,,,per u/supwrman32
,17-Indio-D2,4/15/2023,33,unk,17-45031-33,Ace Frehley,New York Groove,,,Identified,,,per u/supwrman32
,17-Indio-D2,4/15/2023,34,unk,17-45031-34,Edwin Starr,Get Up Whirlpool (Eric Duncan Edit),,,Identified,,,per u/supwrman32
,17-Indio-D2,4/15/2023,35,unk,17-45031-35,Michael Nesmith,Cruisin' (Lucy And Ramona And Sunset Sam),,,Identified,,,per u/supwrman32
,17-Indio-D2,4/15/2023,36,unk,17-45031-36,Marvin Gaye,A Funky Space Reincarnation,,,Identified,,,per u/supwrman32
,17-Indio-D2,4/15/2023,37,unk,17-45031-37,Taj Mahal,Trabajar (2manydjs Edit),,,Identified,DAY 2,,per u/supwrman32
,17-Indio-D2,4/15/2023,38,unk,17-45031-38,Suicide,Misery Train,,,Identified,,,per u/supwrman32
,17-Indio-D2,4/15/2023,39,unk,17-45031-39,Johnny Harris,Odyssey (Despacio Edit),,,Identified,,,per u/supwrman32
,17-Indio-D2,4/15/2023,40,unk,17-45031-40,Unknown,Unknown,,,Unresolved,,,
,17-Indio-D2,4/15/2023,41,unk,17-45031-41,Olivia Newton-John,Jolene (Tom Bullock Edit),,,Identified,,,per u/supwrman32
,17-Indio-D2,4/15/2023,42,unk,17-45031-42,Waffles,Hankuri,,,Identified,,,per u/supwrman32
,17-Indio-D2,4/15/2023,43,unk,17-45031-43,The Equals,Funky Like a Train,,,Identified,,,per u/supwrman32
,17-Indio-D2,4/15/2023,44,unk,17-45031-44,Yello,You Gotta Say Yes to Another Excess (1983 Disco Mix),,,Identified,,,per u/supwrman32
,17-Indio-D2,4/15/2023,45,unk,17-45031-45,Kool & the Gang,Jungle Boogie (2manydjs Edit),,,Identified,,,per u/supwrman32
,17-Indio-D2,4/15/2023,46,unk,17-45031-46,Jean-Yves Labat,Cash,,,Identified,,,per u/supwrman32
,17-Indio-D2,4/15/2023,47,unk,17-45031-47,Fox,S-S-S-Single Bed,,,Identified,,,per u/supwrman32
,17-Indio-D2,4/15/2023,48,unk,17-45031-48,6th Borough Project,Stratus Quo (Despacio Edit),,,Identified,,,per u/supwrman32
,17-Indio-D2,4/15/2023,49,unk,17-45031-49,Monica,Secret in the Dark (Despacio Edit),,,Identified,DAY 2,,per u/supwrman32
,17-Indio-D2,4/15/2023,50,unk,17-45031-50,Niagara,Sangandongo (2manydjs Edit),,,Identified,,,per u/padsushi
,17-Indio-D2,4/15/2023,51,unk,17-45031-51,Unknown,Unknown,,,Unresolved,,"?? [bassline on kicks, keys, duet vocals] ... per u/padsushi",
,17-Indio-D2,4/15/2023,52,unk,17-45031-52,Waffles,Uganda,,,Identified,,,per u/padsushi
,17-Indio-D2,4/15/2023,53,unk,17-45031-53,The Escorts,Make Me Over,,,Identified,,,per u/padsushi
,17-Indio-D2,4/15/2023,54,unk,17-45031-54,Phill & Friends Band,This Man,,,Identified,,,per u/padsushi
,17-Indio-D2,4/15/2023,55,unk,17-45031-55,Marta Acuna,"Dance, Dance, Dance (Unknown Edit)",,,Identified,,,per u/padsushi
,17-Indio-D2,4/15/2023,56,unk,17-45031-56,Stupid Human,Swamp Funk,,,Identified,,,per u/padsushi
,17-Indio-D2,4/15/2023,57,unk,17-45031-57,Orlando Riva Sound,Moonboots (Original Mix),,,Identified,,,per u/padsushi
,17-Indio-D2,4/15/2023,58,unk,17-45031-58,Unknown,Unknown,,,Unresolved,,"[TR808 rimshot & metallic perc, synth pad pitching up and down, male vocals ""give me a reason, dancefloor, master of lights""] ... per u/padsushi",
,17-Indio-D2,4/15/2023,59,unk,17-45031-59,Donald Byrd,Love Has Come Around,,,Identified,,,per u/padsushi
,17-Indio-D2,4/15/2023,60,unk,17-45031-60,Flash and the Pan,"Midnight Man (12"" Extended Version)",,,Identified,,,per u/padsushi
,17-Indio-D2,4/15/2023,61,unk,17-45031-61,Dante,Do Whatcha Wanna (Disco Attunement By Dante),,,Identified,DAY 2,"edit of ""T-Connection - Do What You Wanna Do""",per u/padsushi
,17-Indio-D2,4/15/2023,62,unk,17-45031-62,Peter Tosh,Dubbing Buk-In-Hamm,,,Identified,,,per u/padsushi
,17-Indio-D2,4/15/2023,63,unk,17-45031-63,The Clash,Outside Broadcast,,,Identified,,,per u/padsushi
,17-Indio-D2,4/15/2023,64,unk,17-45031-64,Rubber Band,Caoutchouc,,,Identified,,,per u/padsushi
,17-Indio-D2,4/15/2023,65,unk,17-45031-65,Gaffa,Attitude Dancing (Land of a 1000 Dunces),,,Identified,,,per u/padsushi
,17-Indio-D2,4/15/2023,66,unk,17-45031-66,Unknown,Unknown,,,Unresolved,,?? [fast gibberish vocals on a kick drum] ... per u/padsushi,
,17-Indio-D2,4/15/2023,67,unk,17-45031-67,Unknown,Unknown,,,Unresolved,,"?? [""for your love""] ... per u/padsushi -- possibly https://www.youtube.com/watch?v=NBWiHi46pkE",
,17-Indio-D2,4/15/2023,68,unk,17-45031-68,Skatt Bros,Walk the Night,,,Identified,,,per u/padsushi
,17-Indio-D2,4/15/2023,69,unk,17-45031-69,Waffles,Poland Waffle,,,Identified,,,per u/padsushi
,17-Indio-D2,4/15/2023,70,unk,17-45031-70,Manncool & Trol2000,Capy,,,Identified,,edit of Capone - Music Love Song,per u/padsushi
,17-Indio-D2,4/15/2023,71,unk,17-45031-71,Hamilton Bohannon,"Let's Start the Dance (12"" Version)",,,Identified,,,per u/padsushi
,17-Indio-D2,4/15/2023,72,unk,17-45031-72,Ferrara,Love Attack / Get Off The Speakers (Unreleased Soulwax Edit),,,Identified,,,per u/padsushi
,17-Indio-D2,4/15/2023,73,unk,17-45031-73,Golden Teacher,Party People,,,Identified,,,per u/padsushi
,17-Indio-D2,4/15/2023,74,unk,17-45031-74,Jaydee,Plastic Dreams,Yes,,Identified,,,per u/padsushi
,17-Indio-D2,4/15/2023,75,unk,17-45031-75,Fischerspooner,Emerge,Yes,,Identified,,,per u/padsushi
,,,,,,,,,,Administrative,DAY 3 4/16/2023,,
,17-Indio-D3,4/16/2023,01,0:00:00,17-45032-01,Philip Glass,Opening,,,Identified,DAY 3,,per u/who-took-the-bomp
,17-Indio-D3,4/16/2023,02,0:02:29,17-45032-02,The Slits,"Earthbeat 12""",,,Identified,,,per u/who-took-the-bomp
,17-Indio-D3,4/16/2023,03,0:05:28,17-45032-03,Unknown,Unknown,,,Unresolved,,,
,17-Indio-D3,4/16/2023,04,0:08:32,17-45032-04,Hudson-Ford,Daylight (Coyote Edit),,,Identified,,,per u/who-took-the-bomp
,17-Indio-D3,4/16/2023,05,0:13:48,17-45032-05,Los Lobos,Lemon 'n' Ice,,,Identified,,,per u/who-took-the-bomp
,17-Indio-D3,4/16/2023,06,0:18:40,17-45032-06,Paul McCartney,Check My Machine,,,Identified,,,per u/who-took-the-bomp
,17-Indio-D3,4/16/2023,07,0:21:45,17-45032-07,Donna Summer,State Of Independence,,,Identified,,,per u/who-took-the-bomp
,17-Indio-D3,4/16/2023,08,0:26:50,17-45032-08,Unknown,Unknown,,,Unresolved,,,
,17-Indio-D3,4/16/2023,09,0:29:24,17-45032-09,Unknown,Unknown,,,Unresolved,,,
,17-Indio-D3,4/16/2023,10,0:35:30,17-45032-10,James Mason,I Want Your Love,,,Identified,,,per u/who-took-the-bomp
,17-Indio-D3,4/16/2023,11,0:39:36,17-45032-11,Zazou Bikaye & CY1,Lamuka,,,Identified,,,per u/who-took-the-bomp
,17-Indio-D3,4/16/2023,12,0:43:14,17-45032-12,Unknown,Unknown,,,Unresolved,,,
,17-Indio-D3,4/16/2023,13,0:46:46,17-45032-13,Clive Stevens & Brainchild,Mystery Man,,,Identified,DAY 3,,per u/who-took-the-bomp
,17-Indio-D3,4/16/2023,14,0:50:54,17-45032-14,Peter Brown,The Singer's Become a Dancer (Despacio Edit),,,Identified,,,per u/who-took-the-bomp
,17-Indio-D3,4/16/2023,15,0:55:27,17-45032-15,Anatolian Weapons,Black Sea II,,,Identified,,,per u/Padsushi
,17-Indio-D3,4/16/2023,16,0:58:46,17-45032-16,Jasper van 't Hof,"Pili-Pili (Special 12"" Disco Mix)",,,Identified,,,per u/who-took-the-bomp
,17-Indio-D3,4/16/2023,17,1:03:10,17-45032-17,Roland P. Young,Ballo-Balla (2manydjs Edit),,,Identified,,,per u/who-took-the-bomp
,17-Indio-D3,4/16/2023,18,1:06:36,17-45032-18,Bunnydrums,Too Much Time,,,Identified,,,per u/who-took-the-bomp
,17-Indio-D3,4/16/2023,19,1:10:42,17-45032-19,Yellowman,Strong Me Strong,,,Identified,,,per u/who-took-the-bomp
,17-Indio-D3,4/16/2023,20,1:12:48,17-45032-20,Su Kramer,Magic Dance,,,Identified,,,per u/who-took-the-bomp
,17-Indio-D3,4/16/2023,21,1:16:17,17-45032-21,Rammellzee & K,Rob-Beat Bop,,,Identified,,,per u/who-took-the-bomp
,17-Indio-D3,4/16/2023,22,1:21:28,17-45032-22,Who's Who,Dancin' Machine (2manydjs Edit),,,Identified,,,per u/who-took-the-bomp
,17-Indio-D3,4/16/2023,23,unk,17-45032-23,Uele Kalabubu Et Sa Tribu,Matata (2manydjs Edit),,,Identified,,,"per u/supwrman, u/who-took-the-bomp"
,17-Indio-D3,4/16/2023,24,unk,17-45032-24,Falcons,Perdido En El Universo,,,Identified,,,
,17-Indio-D3,4/16/2023,25,unk,17-45032-25,Unknown,Unknown,,,Unresolved,DAY 3,,
,17-Indio-D3,4/16/2023,26,unk,17-45032-26,Simple Minds,This Fear Of Gods (2manydjs Edit),,,Identified,,,
,17-Indio-D3,4/16/2023,27,unk,17-45032-27,Tornado Wallace,Trance Encounters,,,Identified,,,
,17-Indio-D3,4/16/2023,28,unk,17-45032-28,Japan,Visions of China (2manydjs Edit),,,Identified,,,
,17-Indio-D3,4/16/2023,29,unk,17-45032-29,Soulwax,Heaven Scent (feat. Chloë Sevigny) (DEEWEEDUB),,,Identified,,,
,17-Indio-D3,4/16/2023,30,unk,17-45032-30,City,Aus Der Ferne (Despacio Edit),,,Identified,,,
,17-Indio-D3,4/16/2023,31,unk,17-45032-31,Men Without Hats,The Safety Dance (Despacio Edit),,,Identified,,,per u/padsushi u/supwrman
,17-Indio-D3,4/16/2023,32,unk,17-45032-32,4 M International,Space Operator (2manydjs Edit),,,Identified,,,per u/padsushi
,17-Indio-D3,4/16/2023,33,unk,17-45032-33,Unknown,,,,Unresolved,,,
,17-Indio-D3,4/16/2023,34,unk,17-45032-34,Talking Heads,"Burning Down the House / Tom Tom Club – Genius of Love (Soulwax Despacio ""Yella"" Edit)",,,Identified,,,per u/padsushi
,17-Indio-D3,4/16/2023,35,unk,17-45032-35,Unknown,Unknown,,,Unresolved,,"unk [female vocals and ""wooo!"" on every 2nd step] ... per u/padsushi",
,17-Indio-D3,4/16/2023,36,unk,17-45032-36,Lou Reed,My Love is Chemical,,,Identified,,,per u/padsushi
,17-Indio-D3,4/16/2023,37,unk,17-45032-37,Francis The Great,Look Up In The Sky (Négro Nature),,,Identified,DAY 3,,per u/padsushi
,17-Indio-D3,4/16/2023,38,unk,17-45032-38,Unknown,Unknown,,,Unresolved,,[sounds like a slowed down record] ... per u/padsushi,
,17-Indio-D3,4/16/2023,39,unk,17-45032-39,Shadow,Let's Get it Together,,,Identified,,,per u/padsushi
,17-Indio-D3,4/16/2023,40,unk,17-45032-40,Asa Moto,Kifesh,,,Identified,,,per u/padsushi
,17-Indio-D3,4/16/2023,41,unk,17-45032-41,Waffles,Ca Va,,,Identified,,,per u/padsushi
,17-Indio-D3,4/16/2023,42,unk,17-45032-42,The Edgar Broughton Band,Mr. Crosby (2manydjs Edit),,,Identified,,,per u/padsushi
,17-Indio-D3,4/16/2023,43,unk,17-45032-43,The Congos,Congoman,,,Identified,,,per u/padsushi
,17-Indio-D3,4/16/2023,44,unk,17-45032-44,Red Axes,The Metal Bender,,,Identified,,,per u/padsushi
,17-Indio-D3,4/16/2023,45,unk,17-45032-45,Fernando Pulichino,Search For Indigo,,,Identified,,,per u/padsushi
,17-Indio-D3,4/16/2023,46,unk,17-45032-46,Gary Wright,Love Is Alive,,,Identified,,,per u/padsushi
,17-Indio-D3,4/16/2023,47,unk,17-45032-47,Syclops,Nelson's Back,,,Identified,,,per u/padsushi
,17-Indio-D3,4/16/2023,48,unk,17-45032-48,King Sunny Ade,Ja Fun Mi Dub,,,Identified,,,per u/padsushi
,17-Indio-D3,4/16/2023,49,unk,17-45032-49,Barrabas,Mellow Blow,,,Identified,DAY 3,,per u/padsushi
,17-Indio-D3,4/16/2023,50,unk,17-45032-50,Peter Gordon & Love Of Life Orchestra,Beginning Of The Heartbreak,,,Identified,,,per u/padsushi
,17-Indio-D3,4/16/2023,51,unk,17-45032-51,Captain Beefheart,Tropical Hot Dog Night,,,Identified,,,per u/padsushi
,17-Indio-D3,4/16/2023,52,unk,17-45032-52,Exile,Kiss You All Over (Unknown Version),,,Identified,,,per u/padsushi
,17-Indio-D3,4/16/2023,53,unk,17-45032-53,Woolfy & Projections,Set it Up,,,Identified,,,per u/padsushi
,17-Indio-D3,4/16/2023,54,unk,17-45032-54,Escape From New York,Fire In My Heart,,,Identified,,,per u/padsushi
,17-Indio-D3,4/16/2023,55,unk,17-45032-55,Sylvester,I Need Somebody To Love Tonight,,,Identified,,,per u/padsushi
,17-Indio-D3,4/16/2023,56,unk,17-45032-56,Unknown,Unknown,,,Unresolved,,,
,17-Indio-D3,4/16/2023,57,unk,17-45032-57,Unknown,Unknown,,,Unresolved,,"unk [percussive & sax stuff, sounds like a Despacio/Waffles edit] ... per u/padsushi",
,17-Indio-D3,4/16/2023,58,unk,17-45032-58,Unknown,Unknown,,,Unresolved,,"unk [male vocals ""disco""?] ... per u/padsushi",
,17-Indio-D3,4/16/2023,59,unk,17-45032-59,Bullion,It's No Spirit (Unreleased Soulwax Remix),,,Identified,,,per u/padsushi
,17-Indio-D3,4/16/2023,60,unk,17-45032-60,Cultural Vibe,Ma Foom Bey (Rhythm Version),,,Identified,,,per u/padsushi
,17-Indio-D3,4/16/2023,61,unk,17-45032-61,Queen,Another One Bites the Dust (Despacio Edit),,,Identified,DAY 3,,per u/padsushi
,17-Indio-D3,4/16/2023,62,unk,17-45032-62,Stretch,Why Did You Do It,,,Identified,,,per u/padsushi
,17-Indio-D3,4/16/2023,63,unk,17-45032-63,Zohra,Badala Zamana (Despacio Edit),,,Identified,,,per u/padsushi
,17-Indio-D3,4/16/2023,64,unk,17-45032-64,Steve Monite,Only You (Frankie Francis Disco Jam Edit),,,Identified,,,per u/padsushi
,17-Indio-D3,4/16/2023,65,unk,17-45032-65,Warren Zevon,Nighttime in the Switching Yard (2manydjs Edit),,,Identified,,,per u/padsushi
,17-Indio-D3,4/16/2023,66,unk,17-45032-66,Fun Boy Three,"Faith, Hope and Charity (Despacio Edit)",,,Identified,,,per u/padsushi
,17-Indio-D3,4/16/2023,67,unk,17-45032-67,Waffles,Croatia White,,,Identified,,,per u/padsushi
,17-Indio-D3,4/16/2023,68,unk,17-45032-68,Mickey Moonlight,Interplanetary Music,,,Identified,,,per u/padsushi
,17-Indio-D3,4/16/2023,69,unk,17-45032-69,Watussi,Purple Moon,,,Identified,,,per u/padsushi
,17-Indio-D3,4/16/2023,70,unk,17-45032-70,Giorgio Moroder,Valley of the Dolls,,,Identified,,,per u/padsushi
,17-Indio-D3,4/16/2023,71,unk,17-45032-71,In Flagranti,Business Acumen,,,Identified,,,per u/padsushi
,17-Indio-D3,4/16/2023,72,unk,17-45032-72,Watussi,If All We Had Was Love,,,Identified,,,per u/padsushi
,17-Indio-D3,4/16/2023,73,unk,17-45032-73,Unknown,Unknown,,,Unresolved,DAY 3,,
,17-Indio-D3,4/16/2023,74,unk,17-45032-74,Unknown,Unknown,,,Unresolved,,,
,17-Indio-D3,4/16/2023,75,unk,17-45032-75,Björk,Human Behavior (Despacio Edit),,,Identified,,,per u/padsushi
,17-Indio-D3,4/16/2023,76,unk,17-45032-76,Sworn Virgins,The Male Man,,,Identified,,,
,17-Indio-D3,4/16/2023,77,unk,17-45032-77,Chic,You Are Beautiful (Frankie Rodriguez' Beautiful Re-Edit),,,Identified,,,per u/padsushi
,17-Indio-D3,4/16/2023,78,unk,17-45032-78,Waffles,Uriah,,,Identified,,,per u/padsushi
,17-Indio-D3,4/16/2023,79,unk,17-45032-79,Unknown,Unknown,,,Unresolved,,,
,17-Indio-D3,4/16/2023,80,unk,17-45032-80,Unknown,Unknown,,,Unresolved,,unk [whistle noises] ... per u/padsushi,
,17-Indio-D3,4/16/2023,81,unk,17-45032-81,Lil' Louis & The World,French Kiss (The Original Underground Mix),,,Identified,,,per u/padsushi
,17-Indio-D3,4/16/2023,82,unk,17-45032-82,Rare Earth,Get Ready,,,Identified,,,per u/padsushi
,17-Indio-D3,4/16/2023,83,unk,17-45032-83,Kraftwerk,Numbers,,,Identified,,,per u/padsushi
,17-Indio-D3,4/16/2023,84,unk,17-45032-84,Kraftwerk,Computer World 2,,,Identified,,,per u/padsushi
,17-Indio-D3,4/16/2023,85,unk,17-45032-85,The Beatles,Here Comes the Sun (Despacio Edit),,,Identified,,,per u/padsushi
,,,,,,,,,,Administrative,DAY 4 4/21/2023,,
,17-Indio-D4,4/21/2023,01,unk,,Forbidden Overture,Strictly Forbidden,,,Identified,DAY 4,,
,17-Indio-D4,4/21/2023,02,unk,,The Android Sisters,Ray-Dee-Oh,,,Identified,,,
,17-Indio-D4,4/21/2023,03,unk,,Harald Grosskopf,Emphasis,,,Identified,,,
,17-Indio-D4,4/21/2023,04,unk,,Agnetha Fältskog,The Heat Is On,,,Identified,,,
,17-Indio-D4,4/21/2023,05,unk,,Unknown,Unknown,,,Unresolved,,,
,17-Indio-D4,4/21/2023,06,unk,,Melanie,Got My Mojo Working,,,Identified,,,
,17-Indio-D4,4/21/2023,07,unk,,Howlin' Wolf,Smokestack Lightning,,,Identified,,,
,17-Indio-D4,4/21/2023,08,unk,,Lou Reed,Disco Mystic (2manydjs Edit),,,Identified,,,
,17-Indio-D4,4/21/2023,09,unk,,Love International,Airport of Love,,,Identified,,,
,17-Indio-D4,4/21/2023,10,unk,,Gina X Performance,Nice Mover,,,Identified,,,
,17-Indio-D4,4/21/2023,11,unk,,Jeanette,¿Por qué te vas? (2manydjs Edit),,,Identified,,,
,17-Indio-D4,4/21/2023,12,unk,,Peter Brown,The Singer's Become a Dancer (Despacio Edit),,,Identified,,,
,17-Indio-D4,4/21/2023,13,unk,,The Osmonds,It'll Be Me,,,Identified,DAY 4,,
,17-Indio-D4,4/21/2023,14,unk,,Bee Gees,Nights On Broadway (2manydjs Edit),,,Identified,,,
,17-Indio-D4,4/21/2023,15,unk,,Eddie Hooper,Tomorrow's Sun,,,Identified,,,
,17-Indio-D4,4/21/2023,16,unk,,Bill Nelson,Hope for a Heartbeat (Remix) (2manydjs Edit),,,Identified,,,
,17-Indio-D4,4/21/2023,17,unk,,Unknown,Unknown,,,Unresolved,,,
,17-Indio-D4,4/21/2023,18,unk,,C2C4,Specimen 5,,,Identified,,,
,17-Indio-D4,4/21/2023,19,unk,,Edwin Starr,Get Up Whirlpool (Eric Duncan Edit),,,Identified,,,
,17-Indio-D4,4/21/2023,20,unk,,Goodie,I Wanna Be Your Man,,,Identified,,,
,17-Indio-D4,4/21/2023,21,unk,,Grace Jones,Slave to the Rhythm (2manydjs Edit),,,Identified,,,
,17-Indio-D4,4/21/2023,22,unk,,Unknown,Unknown,,,Unresolved,,,
,17-Indio-D4,4/21/2023,23,unk,,Dr. John,I Walk on Guilded Splinters,,,Identified,,,
,17-Indio-D4,4/21/2023,24,unk,,Uele Kalabubu Et Sa Tribu,Matata (2manydjs Edit),,,Identified,,,
,17-Indio-D4,4/21/2023,25,unk,,Barış Manço,Sarı Çizmeli Mehmet Ağa,,,Identified,DAY 4,,
,17-Indio-D4,4/21/2023,26,unk,,Topo,"Ba Ba Go, Go",,,Identified,,,
,17-Indio-D4,4/21/2023,27,unk,,Sky,Westway,,,Identified,,,
,17-Indio-D4,4/21/2023,28,unk,,Unknown,Unknown,,,Unresolved,,,
,17-Indio-D4,4/21/2023,29,unk,,Who's Who,Dancin' Machine (2manydjs Edit),,,Identified,,,
,17-Indio-D4,4/21/2023,30,unk,,Simple Minds,This Fear Of Gods (2manydjs Edit),,,Identified,,,
,17-Indio-D4,4/21/2023,31,unk,,Joe Tex,I Gotcha,,,Identified,,,
,17-Indio-D4,4/21/2023,32,unk,,Margie Lomax,God's Greatest Gift To Man Is A Woman,,,Identified,,,
,17-Indio-D4,4/21/2023,33,unk,,Yamasuki,Yamasuki (Asa Moto Rework),,,Identified,,,
,17-Indio-D4,4/21/2023,34,unk,,Roy Ayers,Everybody,,,Identified,,,
,17-Indio-D4,4/21/2023,35,unk,,Unknown,Unknown,,,Unresolved,,,
,17-Indio-D4,4/21/2023,36,unk,,Womack & Womack,MPB (Missin' Persons Bureau) (Paradise Ballroom Mix),,,Identified,,,
,17-Indio-D4,4/21/2023,37,unk,,Marshall Hain,Dancing In The City,,,Identified,DAY 4,,
,17-Indio-D4,4/21/2023,38,unk,,B.W.H.,Stop,,,Identified,,,
,17-Indio-D4,4/21/2023,39,unk,,Tone Band,Germany Calling (2manydjs Edit),,,Identified,,,
,17-Indio-D4,4/21/2023,40,unk,,Wally Badarou,Mambo,,,Identified,,,
,17-Indio-D4,4/21/2023,41,unk,,AJ From Philly,Profascination (Edit of Marvin Gaye – What's Going On),,,Identified,,Big find! Credit to Denlekke for the ID. ,
,17-Indio-D4,4/21/2023,42,unk,,Red Axes,Sun My Sweet Sun (Despacio Edit),,,Identified,,,
,17-Indio-D4,4/21/2023,43,unk,,Tendts,Cosmic Swimmer (Soulwax Remix),,,Identified,,,
,17-Indio-D4,4/21/2023,44,unk,,Ozo,Anambra,,,Identified,,,
,17-Indio-D4,4/21/2023,45,unk,,Men Without Hats,The Safety Dance (Despacio Edit),,,Identified,,,
,17-Indio-D4,4/21/2023,46,unk,,Rete 105,Vacanze (Strumentale),,,Identified,,,
,17-Indio-D4,4/21/2023,47,unk,,Elkin & Nelson,Abran Paso-Ahoa (Enrolle),,,Identified,,,
,17-Indio-D4,4/21/2023,48,unk,,Chuck Mangione,Land Of Make Believe,,,Identified,,,
,17-Indio-D4,4/21/2023,49,unk,,Heart,Magic Man,,,Identified,DAY 4,,
,17-Indio-D4,4/21/2023,50,unk,,Waffles,Macao,,,Identified,,,
,17-Indio-D4,4/21/2023,51,unk,,Haruomi Hosono,Living-Dining-Kitchen,,,Identified,,,
,17-Indio-D4,4/21/2023,52,unk,,Marta Acuna,"Dance, Dance, Dance (Unknown Edit)",,,Identified,,,
,17-Indio-D4,4/21/2023,53,unk,,"Jah Wobble, The Edge & Holger Czukay",Hold On To Your Dreams,,,Identified,,,
,17-Indio-D4,4/21/2023,54,unk,,Warmduscher,Midnight Dipper (Soulwax Remix),,,Identified,,,
,17-Indio-D4,4/21/2023,55,unk,,Charlotte Gainsbourg,Deadly Valentine (Soulwax Remix),,,Identified,,,
,17-Indio-D4,4/21/2023,56,unk,,Unknown,Unknown,,,Unresolved,,,
,17-Indio-D4,4/21/2023,57,unk,,Monika,Secret in the Dark (Despacio Edit),,,Identified,,,
,17-Indio-D4,4/21/2023,58,unk,,The Cars,A Dream Away,,,Identified,,,
,17-Indio-D4,4/21/2023,59,unk,,Loose Joints,Is It All Over My Face? (Larry Levan Remix),,,Identified,,,
,17-Indio-D4,4/21/2023,60,unk,,Daryl Hall & John Oates,I Can't Go for That (No Can Do) (Despacio Edit),,,Identified,,,
,17-Indio-D4,4/21/2023,61,unk,,The Orb,Little Fluffy Clouds (Cumulo Nimbus Mix),,,Identified,DAY 4,,
,17-Indio-D4,4/21/2023,62,unk,,Unknown,Unknown,,,Unresolved,,,
,17-Indio-D4,4/21/2023,63,unk,,Haruomi Hosono,Sports Men,,,Identified,,,
,17-Indio-D4,4/21/2023,64,unk,,El Turronero,Las Penas (La Caña),,,Identified,,,
,17-Indio-D4,4/21/2023,65,unk,,Warren Zevon,Nighttime in the Switching Yard (2manydjs Edit),,,Identified,,,
,17-Indio-D4,4/21/2023,66,unk,,Mim Suleiman,Nyuli (Maurice Fulton Dub),,,Identified,,,
,17-Indio-D4,4/21/2023,67,unk,,Eddie Hooper,Pass It On (Part 1),,,Identified,,,
,17-Indio-D4,4/21/2023,68,unk,,Joe Moks,Boys And Girls (2manydjs Edit),,,Identified,,,
,17-Indio-D4,4/21/2023,69,unk,,Dante,Do Whatcha Wanna (Disco Attunement By Dante),,,Identified,,edit of T-Connection - Do What You Wanna Do,
,17-Indio-D4,4/21/2023,70,unk,,Rutes,Tick Tack,,,Identified,,,
,17-Indio-D4,4/21/2023,71,unk,,Prince & The Revolution,"Erotic City (Make Love Not War Erotic City Come Alive) (12"" Version)",,,Identified,,,
,17-Indio-D4,4/21/2023,72,unk,,Skatt Bros,Walk the Night,,,Identified,,,
,17-Indio-D4,4/21/2023,73,unk,,Unknown,Unknown,,,Unresolved,,,
,17-Indio-D4,4/21/2023,74,unk,,Shit Robot,Where It's At (feat. Reggie Watts) (Johnny Aux Remix),,,Identified,,,
,17-Indio-D4,4/21/2023,75,unk,,Waffles,"007A (2manydjs Edit of Akiko Yano ""Tokimeki"")",,,Identified,,,
,17-Indio-D4,4/21/2023,76,unk,,Harold Melvin & The Blue Notes,Tell The World How I Feel About 'Cha Baby (A Dimitri from Paris Disco Re Edit),,,Identified,,,
,17-Indio-D4,4/21/2023,77,unk,,Fun Boy Three,Our Lips Are Sealed (Special Remix Version),,,Identified,,,
,17-Indio-D4,4/21/2023,78,unk,,Headman,It Rough (Chicken Lips Remix),,,Identified,,,
,17-Indio-D4,4/21/2023,79,unk,,Ministry,Primental,,,Identified,,,
,17-Indio-D4,4/21/2023,80,unk,,Red Rack'em,Wonky Bassline Disco Banger,,,Identified,,,
,17-Indio-D4,4/21/2023,81,unk,,Thomas & Eric,Lower Beard Stays The Same,,,Identified,,"Edit of ""I'm A Man"" by Chicago",
,17-Indio-D4,4/21/2023,82,unk,,Harold Melvin & The Blue Notes,Don't Leave Me This Way (A Tom Moulton Mix),,,Identified,,,
,,,,,,,,,,Administrative,DAY 5 4/22/2023,,
,17-Indio-D5,4/22/2023,01,unk,,Offering,Love in the Darkness,,,Identified,DAY 5,,per u/who-took-the-bomp
,17-Indio-D5,4/22/2023,02,unk,,Supermax,Ain't Gonna Feel,,,Identified,,,per u/who-took-the-bomp
,17-Indio-D5,4/22/2023,03,unk,,Art of Noise,Moments in Love (Beaten),,,Identified,,,per u/who-took-the-bomp
,17-Indio-D5,4/22/2023,04,unk,,Lion,You've Got A Woman,,,Identified,,,per u/who-took-the-bomp
,17-Indio-D5,4/22/2023,05,unk,,Richard Wahnfried,Charming The Wind,,,Identified,,,per u/who-took-the-bomp
,17-Indio-D5,4/22/2023,06,unk,,Ned Doheny,Get It Up For Love,,,Identified,,,per u/who-took-the-bomp
,17-Indio-D5,4/22/2023,07,unk,,Bob Moses & Billy Martin,"Nana? Nono, Nene!",,,Identified,,,per u/who-took-the-bomp
,17-Indio-D5,4/22/2023,08,unk,,Fern Kinney,Baby Let Me Kiss You,,,Identified,,,per u/who-took-the-bomp
,17-Indio-D5,4/22/2023,09,unk,,Jon & Vangelis,State of Independence,,,Identified,,,per u/who-took-the-bomp
,17-Indio-D5,4/22/2023,10,unk,,Love International,Dance On The Groove (And Do The Funk),,,Identified,,,per u/who-took-the-bomp
,17-Indio-D5,4/22/2023,11,unk,,Steel Mind,Boss Man,,,Identified,,,per u/who-took-the-bomp
,17-Indio-D5,4/22/2023,12,unk,,Clive Stevens & Brainchild,Mystery Man,,,Identified,,,per u/who-took-the-bomp
,17-Indio-D5,4/22/2023,13,unk,,Unknown,Unknown,,,Unresolved,DAY 5,,
,17-Indio-D5,4/22/2023,14,unk,,Unknown,Unknown,,,Unresolved,,,
,17-Indio-D5,4/22/2023,15,unk,,David Byrne,My Big Hands (Fall Through the Cracks),,,Identified,,,per u/who-took-the-bomp
,17-Indio-D5,4/22/2023,16,unk,,Robert Palmer,Come Over,,,Identified,,,per u/who-took-the-bomp
,17-Indio-D5,4/22/2023,17,unk,,Wings,Let 'Em In,,,Identified,,,per u/who-took-the-bomp
,17-Indio-D5,4/22/2023,18,unk,,Unknown,Unknown,,,Unresolved,,,
,17-Indio-D5,4/22/2023,19,unk,,Pete Shelley,Witness the Change,,,Identified,,,per u/who-took-the-bomp
,17-Indio-D5,4/22/2023,20,unk,,Unknown,Unknown,,,Unresolved,,,
,17-Indio-D5,4/22/2023,21,unk,,Ryuichi Sakamoto,Prototype A (2manydjs Edit),,,Identified,,,per u/who-took-the-bomp
,17-Indio-D5,4/22/2023,22,unk,,Will Powers,"Adventures in Success (12"" Vocal)",,,Identified,,,per u/who-took-the-bomp
,17-Indio-D5,4/22/2023,23,unk,,Edwin Starr,Get Up Whirlpool (Eric Duncan Edit),,,Identified,,,per u/who-took-the-bomp
,17-Indio-D5,4/22/2023,24,unk,,Barbatuques,Baianá (Wolf Müller's Drum Drop),,,Identified,,,per u/who-took-the-bomp
,17-Indio-D5,4/22/2023,25,unk,,Mina,Capisco (2manydjs Edit),,,Identified,DAY 5,,per u/who-took-the-bomp
,17-Indio-D5,4/22/2023,26,unk,,Unknown,Unknown,,,Unresolved,,,
,17-Indio-D5,4/22/2023,27,unk,,Billy Idol,Flesh For Fantasy (Despacio Edit),,,Identified,,,per u/who-took-the-bomp & u/padsushi
,17-Indio-D5,4/22/2023,28,unk,,Ettika,Ettika (2manydjs Edit),,,Identified,,,per u/who-took-the-bomp
,17-Indio-D5,4/22/2023,29,unk,,Black Meteoric Star,Freaks Only,,,Identified,,,per u/mco_josh
,17-Indio-D5,4/22/2023,30,unk,,Unknown,Unknown,,,Unresolved,,"""woo - alright"" vocals with offsnare beat",per u/padsushi
,17-Indio-D5,4/22/2023,31,unk,,Blue Jazz TV,Chiba Girl (feat. Billy G Robinson),,,Identified,,,per u/mco_josh
,17-Indio-D5,4/22/2023,32,unk,,Su Kramer,Magic Dance,,,Identified,,,per u/padsushi
,17-Indio-D5,4/22/2023,33,unk,,Johnny Harris,Odyssey (Despacio Edit),,,Identified,,,per u/padsushi
,17-Indio-D5,4/22/2023,34,unk,,The Turtles,I'm Chief Kamanawanalea (We're The Royal Macadamia Nuts) (2manydjs Edit),,,Identified,,,per u/who-took-the-bomp
,17-Indio-D5,4/22/2023,35,unk,,Björn Skifs & Vision,(I Wanna) Boogie With You,,,Identified,,,per u/who-took-the-bomp
,17-Indio-D5,4/22/2023,36,,,"Beauregard, Violletti & Ste-Claire",Ce Soir (Je Sens Que Tout Peut M'arriver) (2manydjs Edit),,,Identified,,,per u/padsushi
,17-Indio-D5,4/22/2023,37,,,Unknown,Unknown,,,Unresolved,DAY 5,"acidish bass, wow guitars, ""hold on me""",per u/padsushi
,17-Indio-D5,4/22/2023,38,,,Unknown,Unknown,,,Unresolved,,,
,17-Indio-D5,4/22/2023,39,,,Laid Back,Fly Away / Walking In The Sunshine,,,Identified,,,per u/padsushi
,17-Indio-D5,4/22/2023,40,,,Ngozi Family,Sunka Mulamu (2manydjs Edit),,,Identified,,,per u/padsushi
,17-Indio-D5,4/22/2023,41,,,The Osmonds,"I, I, I",,,Identified,,,per u/padsushi
,17-Indio-D5,4/22/2023,42,,,Waffles,Ca Va,,,Identified,,,per u/padsushi
,17-Indio-D5,4/22/2023,43,,,Gaznevada,I.C. Love Affair (Italian Version),,,Identified,,,per u/padsushi
,17-Indio-D5,4/22/2023,44,,,Paul Mauriat,Love Is Still Blue,,,Identified,,,per u/who-took-the-bomp
,17-Indio-D5,4/22/2023,45,,,6th Borough Project,Stratus Quo (Despacio Edit),,,Identified,,,per u/padsushi
,17-Indio-D5,4/22/2023,46,,,Sworn Virgins,The Male Man,,,Identified,,,per u/padsushi
,17-Indio-D5,4/22/2023,47,,,Unknown,Unknown,,,Unresolved,,,
,17-Indio-D5,4/22/2023,48,,,Fatback Band,The Girl Is Fine (So Fine) (Dance Version),,,Identified,,,per u/who-took-the-bomp & u/padsushi
,17-Indio-D5,4/22/2023,49,,,Queen,Another One Bites the Dust (Despacio Edit),,,Identified,DAY 5,,per u/padsushi
,17-Indio-D5,4/22/2023,50,,,Haruomi Hosono,Living-Dining-Kitchen,,,Identified,,,per u/who-took-the-bomp
,17-Indio-D5,4/22/2023,51,,,Crazy Band,Up Down Push (Going Up) (Soulwax Edit),,,Identified,,,per u/padsushi
,17-Indio-D5,4/22/2023,52,,,Unknown,Unknown,,,Unresolved,,,
,17-Indio-D5,4/22/2023,53,,,Mariah,Shinzo No Tobira,,,Identified,,,per u/who-took-the-bomp
,17-Indio-D5,4/22/2023,54,,,Unknown,Unknown,,,Unresolved,,,
,17-Indio-D5,4/22/2023,55,,,Bobby Rush,Do The Do,,,Identified,,,per u/who-took-the-bomp
,17-Indio-D5,4/22/2023,56,,,Patrick Cowley,Do You Wanna Funk,,,Identified,,,per u/who-took-the-bomp
,17-Indio-D5,4/22/2023,57,,,Ten,Disco Chopper,,,Identified,,,per u/supwrman
,17-Indio-D5,4/22/2023,58,,,Rose Royce,Do Your Dance,,,Identified,,,per u/who-took-the-bomp
,17-Indio-D5,4/22/2023,59,,,Unknown,Unknown,,,Unresolved,,,
,17-Indio-D5,4/22/2023,60,,,Adriano Celentano,Prisencolinensinainciusol (GW Ruff Edit),,,Identified,,,per u/who-took-the-bomp
,17-Indio-D5,4/22/2023,61,,,Deee-Lite,What Is Love? (Holographic Goatee Mix),,,Identified,DAY 5,,per u/who-took-the-bomp
,17-Indio-D5,4/22/2023,62,,,Talking Drums,C60 Lato A,,,Identified,,,per u/who-took-the-bomp
,17-Indio-D5,4/22/2023,63,,,Unknown,Unknown,,,Unresolved,,,
,17-Indio-D5,4/22/2023,64,,,The Human League,Hard Times (Instrumental),,,Identified,,,per u/who-took-the-bomp
,17-Indio-D5,4/22/2023,65,,,The Human League,Love Action (Instrumental),,,Identified,,,per u/who-took-the-bomp
,17-Indio-D5,4/22/2023,66,,,Craig Peyton,Be Thankful For What You Got,,,Identified,,,per u/who-took-the-bomp
,17-Indio-D5,4/22/2023,67,,,Mickey Moonlight,Interplanetary Music,,,Identified,,,per u/who-took-the-bomp
,17-Indio-D5,4/22/2023,68,,,Orlando Riva Sound,Moonboots (Original Mix),,,Identified,,,per u/who-took-the-bomp
,17-Indio-D5,4/22/2023,69,,,Jackson 5,Hum Along and Dance,,,Identified,,,per u/who-took-the-bomp
,17-Indio-D5,4/22/2023,70,,,Hot Chocolate,Mindless Boogie (Extended Version),,,Identified,,,per u/who-took-the-bomp
,17-Indio-D5,4/22/2023,71,,,Waffles,007B,,,Identified,,,per u/who-took-the-bomp
,17-Indio-D5,4/22/2023,72,,,Exuma,"Exuma, The Obeah Man",,,Identified,,,per u/who-took-the-bomp
,17-Indio-D5,4/22/2023,73,,,Unknown,Unknown,,,Unresolved,,,per u/who-took-the-bomp
,17-Indio-D5,4/22/2023,74,,,Skatt Bros,Walk the Night,,,Identified,,,per u/who-took-the-bomp
,17-Indio-D5,4/22/2023,75,,,The Messengers,In The Jungle,,,Identified,,,per u/who-took-the-bomp
,17-Indio-D5,4/22/2023,76,,,Rubber Band,Caoutchouc,,,Identified,,,per u/who-took-the-bomp
,17-Indio-D5,4/22/2023,77,,,Yazoo,Don't Go (US Dub),,,Identified,,,per u/who-took-the-bomp
,17-Indio-D5,4/22/2023,78,,,Montana Sextet,Who Needs Enemies (With a Friend Like You) (Club Mix),,,Identified,,,per u/who-took-the-bomp
,17-Indio-D5,4/22/2023,79,,,Ferrara,Love Attack / Get Off The Speakers (Unreleased Soulwax Edit),,,Identified,,,per u/who-took-the-bomp
,17-Indio-D5,4/22/2023,80,,,Sylvester,You Make Me Feel (Mighty Real) (Soulwax for Despacio Remix),,,Identified,,,per u/who-took-the-bomp
,17-Indio-D5,4/22/2023,81,,,Delia Gonzalez & Gavin Russom,Relevee (Carl Craig Remix),,,Identified,,,per u/who-took-the-bomp
,17-Indio-D5,4/22/2023,82,,,Jaydee,Plastic Dreams,,,Identified,,,per u/who-took-the-bomp
,,,,,,,,,,Administrative,DAY 6 4/23/2023,,
,17-Indio-D6,4/23/2023,,,,Philip Glass,Opening,,,Identified,DAY 6,,
,17-Indio-D6,4/23/2023,,,,Unknown,Unknown,,,Unresolved,,,
,17-Indio-D6,4/23/2023,,,,Santi Arisa & La Tribu,Au Vinga Pica,,,Identified,,,
,17-Indio-D6,4/23/2023,,,,Unknown,Unknown,,,Unresolved,,,
,17-Indio-D6,4/23/2023,,,,The Bjarne Rostvold-Perry Knudsen Percussion-Ensemble,Magonde,,,Identified,,,
,17-Indio-D6,4/23/2023,,,,Robert Palmer,Come Over,,,Identified,,,
,17-Indio-D6,4/23/2023,,,,Carly Simon,"Why (12"" Version)",,,Identified,,,
,17-Indio-D6,4/23/2023,,,,Bill Nelson,Konny Buys a Kodak,,,Identified,,,
,17-Indio-D6,4/23/2023,,,,Brian Eno & David Byrne,Regiment (2manydjs Edit),,,Identified,,,
,17-Indio-D6,4/23/2023,,,,Unknown,Unknown,,,Unresolved,,,
,17-Indio-D6,4/23/2023,,,,Barış Manço,Sarı Çizmeli Mehmet Ağa,,,Identified,,,
,17-Indio-D6,4/23/2023,,,,Sky,Westway,,,Identified,,,
,17-Indio-D6,4/23/2023,,,,Yamasuki,Yamasuki (Asa Moto Rework),,,Identified,DAY 6,,
,17-Indio-D6,4/23/2023,,,,Sandii & The Sunsetz,An Antenna,,,Identified,,,
,17-Indio-D6,4/23/2023,,,,Topo,"Ba Ba Go, Go",,,Identified,,,
,17-Indio-D6,4/23/2023,,,,Billy Idol,Flesh For Fantasy (Despacio Edit),,,Identified,,,
,17-Indio-D6,4/23/2023,,,,Ego Troopers,Her Poolparty (Soulwax Remix),,,Identified,,,
,17-Indio-D6,4/23/2023,,,,Dennis Parker,Like An Eagle (Despacio Edit),,,Identified,,,
,17-Indio-D6,4/23/2023,,,,Unknown,Unknown,,,Unresolved,,,
,17-Indio-D6,4/23/2023,,,,DJ Steef,Black Savates,,,Identified,,,
,17-Indio-D6,4/23/2023,,,,Rod Stewart,"Passion (12"" Version)",,,Identified,,,
,17-Indio-D6,4/23/2023,,,,Men Without Hats,The Safety Dance (Despacio Edit),,,Identified,,,
,17-Indio-D6,4/23/2023,,,,DJ Steef,Triolisme,,,Identified,,,
,17-Indio-D6,4/23/2023,,,,Japan,Visions of China (2manydjs Edit),,,Identified,,,
,17-Indio-D6,4/23/2023,,,,Mim Suleiman,Nyuli (Maurice Fulton Dub),,,Identified,DAY 6,,
,17-Indio-D6,4/23/2023,,,,D.C. La Rue,Do You Want The Real Thing,,,Identified,,,
,17-Indio-D6,4/23/2023,,,,Mahotella Queens,Wozani Mahipi (2manydjs Edit),,,Identified,,,
,17-Indio-D6,4/23/2023,,,,Red Axes,Sun My Sweet Sun (Despacio Edit),,,Identified,,,
,17-Indio-D6,4/23/2023,,,,Sandii,Zoot Kook,,,Identified,,,
,17-Indio-D6,4/23/2023,,,,Unknown,Unknown,,,Unresolved,,,
,17-Indio-D6,4/23/2023,,,,Zohra,Badala Zamana (Despacio Edit),,,Identified,,,
,17-Indio-D6,4/23/2023,,,,Unknown,Unknown,,,Unresolved,,,
,17-Indio-D6,4/23/2023,,,,Eros,Vol 1 Track 3,,,Identified,,,
,17-Indio-D6,4/23/2023,,,,Unknown,Unknown,,,Unresolved,,,
,17-Indio-D6,4/23/2023,,,,Daft Punk,Da Funk,,,Identified,,,
,17-Indio-D6,4/23/2023,,,,Unknown,Unknown,,,Unresolved,,,
,17-Indio-D6,4/23/2023,,,,Stephane Sévérac,Hold On (Extended Mix),,,Identified,DAY 6,,
,17-Indio-D6,4/23/2023,,,,Unknown,Unknown,,,Unresolved,,,
,17-Indio-D6,4/23/2023,,,,Kool & the Gang,Jungle Boogie (2manydjs Edit),,,Identified,,,
,17-Indio-D6,4/23/2023,,,,Unknown,Unknown,,,Unresolved,,,
,17-Indio-D6,4/23/2023,,,,Marta Acuna,"Dance, Dance, Dance (Unknown Edit)",,,Identified,,,
,17-Indio-D6,4/23/2023,,,,Unknown,Unknown,,,Unresolved,,,
,17-Indio-D6,4/23/2023,,,,Waffles,Poland Waffle,,,Identified,,,
,17-Indio-D6,4/23/2023,,,,Unknown,Unknown,,,Unresolved,,,
,17-Indio-D6,4/23/2023,,,,Prinzhorn Dance School,You Are the Space Invader (Optimo Espacio Mix),,,Identified,,,
,17-Indio-D6,4/23/2023,,,,Unknown,Unknown,,,Unresolved,,,
,17-Indio-D6,4/23/2023,,,,Steve Monite,Only You (Frankie Francis Disco Jam Edit),,,Identified,,,
,17-Indio-D6,4/23/2023,,,,Unknown,Unknown,,,Unresolved,,,
,17-Indio-D6,4/23/2023,,,,Koreless,Joy Squad (2manydjs Edit),,,Identified,DAY 6,,
,17-Indio-D6,4/23/2023,,,,Unknown,Unknown,,,Unresolved,,,
,17-Indio-D6,4/23/2023,,,,Hot Chocolate,Mindless Boogie (Extended Version),,,Identified,,,
,17-Indio-D6,4/23/2023,,,,Unknown,Unknown,,,Unresolved,,,
,17-Indio-D6,4/23/2023,,,,In Flagranti,Business Acumen,,,Identified,,,
,17-Indio-D6,4/23/2023,,,,Oliver Sim,Sensitive Child (Soulwax Remix),,,Identified,,,
,17-Indio-D6,4/23/2023,,,,Unknown,Unknown,,,Unresolved,,,
,17-Indio-D6,4/23/2023,,,,Capone,Music Love Song,,,Identified,,,
,17-Indio-D6,4/23/2023,,,,Unknown,Unknown,,,Unresolved,,,
,17-Indio-D6,4/23/2023,,,,,,,,Incomplete,,,
,17-Indio-D6,4/23/2023,,,,Unknown,Unknown,,,Unresolved,,,
,17-Indio-D6,4/23/2023,,,,Hamilton Bohannon,"Let's Start the Dance (12"" Version)",,,Identified,,,
,17-Indio-D6,4/23/2023,,,,Unknown,Unknown,,,Unresolved,DAY 6,,
,17-Indio-D6,4/23/2023,,,,Yoko Hatanaka,Demodori Majo,,,Identified,,,
,17-Indio-D6,4/23/2023,,,,Unknown,Unknown,,,Unresolved,,,
,17-Indio-D6,4/23/2023,,,,The Patchouli Brothers,"Cheat, Lie, Kill, Die",,,Identified,,,
,17-Indio-D6,4/23/2023,,,,Unknown,Unknown,,,Unresolved,,,
,17-Indio-D6,4/23/2023,,,,Tres Demented,Demented (Or Just Crazy) (Original Version),Yes,,Identified,,https://www.reddit.com/r/despacio/comments/12x98yj/really_really_need_track_id_of_this_monster_tune/,
,17-Indio-D6,4/23/2023,,,,Unknown,Unknown,,,Unresolved,,,
,17-Indio-D6,4/23/2023,,,,Cultural Vibe,Ma Foom Bey (Rhythm Version),,,Identified,,,
,17-Indio-D6,4/23/2023,,,,The Cars,A Dream Away,,,Identified,,,
,17-Indio-D6,4/23/2023,,,,Syclops,Nelson's Back,,,Identified,,,
,17-Indio-D6,4/23/2023,,,,The Orb,Little Fluffy Clouds (Cumulo Nimbus Mix),,,Identified,,,
,17-Indio-D6,4/23/2023,,,,Tullio De Piscopo,Stop Bajo,,,Identified,,,
,17-Indio-D6,4/23/2023,,,,George Benson,On Broadway (Live),,,Identified,,,
,17-Indio-D6,4/23/2023,,,,A Number of Names,Sharevari (Vocal),,,Identified,,,
,17-Indio-D6,4/23/2023,,,,Robyn,Ever Again (Soulwax Remix),,,Identified,,,
,17-Indio-D6,4/23/2023,,,,Bee Gees,You Should Be Dancin' (Todd Terje Edit),,,Identified,,,
,17-Indio-D6,4/23/2023,,,,Lil' Louis & The World,French Kiss (The Original Underground Mix),,,Identified,,,
,17-Indio-D6,4/23/2023,,,,Unknown,Unknown,,,Unresolved,,,
,17-Indio-D6,4/23/2023,,,,Kraftwerk,Numbers,,,Identified,,,
,17-Indio-D6,4/23/2023,,,,Kraftwerk,Computer World 2,,,Identified,,,
