,,,,,,,,,,,,
,Show ID,Date,Ord,Time,Unique ID,Artist,Title,Ball,Recording URL,Identification Status,Status / Notes,Comments
,18-Miami-D1,10/20/2023,-01,sound check,18-45219--01,Aphex Twin,Windowlicker,No,,Identified,,"It was played, honest!"
,18-Miami-D1,10/20/2023,00,sound check,18-45219-00,Mark Allen Shepherd,Himmelfahrt,No,,Identified,,NEW ADDITION
,18-Miami-D1,10/20/2023,01,2100,18-45219-01,Forbidden Overture,Strictly Forbidden,No,,Identified,,Late start so this track was looped a lot
,18-Miami-D1,10/20/2023,02,2124,18-45219-02,Unknown,Unknown,No,,Unresolved,,
,18-Miami-D1,10/20/2023,03,2128,18-45219-03,Bob Moses & Billy Martin,"Nana? Nono, Nene!",No,,Identified,,
,18-Miami-D1,10/20/2023,04,2134,18-45219-04,Queen,Cool Cat,No,,Identified,,NEW ADDITION
,18-Miami-D1,10/20/2023,05,2138,18-45219-05,Unknown,Unknown,No,,Unresolved,,
,18-Miami-D1,10/20/2023,06,2140,18-45219-06,Hudson-Ford,Daylight (Coyote Edit),No,,Identified,,
,18-Miami-D1,10/20/2023,07,2145,18-45219-07,Ned Doheny,Get It Up For Love,No,,Identified,,
,18-Miami-D1,10/20/2023,08,2149,18-45219-08,Unknown,Unknown,No,,Unresolved,,"Tribal drums, possible 2manydjs edit"
,18-Miami-D1,10/20/2023,09,2151,18-45219-09,Agnetha Fältskog,The Heat Is On,No,,Identified,,
,18-Miami-D1,10/20/2023,10,2156,18-45219-10,Shock Machine,Open Up the Sky (Soulwax Remix),No,,Identified,,
,18-Miami-D1,10/20/2023,11,2204,18-45219-11,Eddie Hooper,Tomorrow's Sun,No,,Identified,,
,18-Miami-D1,10/20/2023,12,2211,18-45219-12,Gina X Performance,Nice Mover,No,,Identified,,
,18-Miami-D1,10/20/2023,13,2214,18-45219-13,Love International,Dance On The Groove (And Do The Funk),No,,Identified,,NEW ADDITION
,18-Miami-D1,10/20/2023,14,2219,18-45219-14,Casino Music,The Beat Goes On,No,,Identified,,
,18-Miami-D1,10/20/2023,15,2222,18-45219-15,Robert Palmer,Come Over,No,,Identified,,
,18-Miami-D1,10/20/2023,16,2225,18-45219-16,Steel Mind,Boss Man,No,,Identified,,
,18-Miami-D1,10/20/2023,17,2228,18-45219-17,Clout,Sunshine Baby,No,,Identified,,NEW ADDITION
,18-Miami-D1,10/20/2023,18,2233,18-45219-18,Shinehead,Billie Jean,No,,Identified,,
,18-Miami-D1,10/20/2023,19,2236,18-45219-19,Tumblack,Vaudou (2manydjs Edit),No,,Identified,,
,18-Miami-D1,10/20/2023,20,2239,18-45219-20,Bill Nelson,Do You Dream In Colour?,No,,Identified,,NEW ADDITION?
,18-Miami-D1,10/20/2023,21,2241,18-45219-21,Sky,Westway,No,,Identified,,
,18-Miami-D1,10/20/2023,22,2244,18-45219-22,Roland P. Young,Ballo-Balla (2manydjs Edit),No,,Identified,,
,18-Miami-D1,10/20/2023,23,2248,18-45219-23,Goodie,I Wanna Be Your Man,No,,Identified,,NEW ADDITION
,18-Miami-D1,10/20/2023,24,2252,18-45219-24,Carly Simon,"Why (12"" Version)",No,,Identified,,
,18-Miami-D1,10/20/2023,25,2258,18-45219-25,Ryuichi Sakamoto,Prototype A (2manydjs Edit),No,,Identified,,
,18-Miami-D1,10/20/2023,26,2302,18-45219-26,Brian Brain,Working In A Farmyard In A White Suit,No,,Identified,,NEW ADDITION
,18-Miami-D1,10/20/2023,27,2305,18-45219-27,6th Borough Project,Deep C,No,,Identified,,
,18-Miami-D1,10/20/2023,28,2309,18-45219-28,Grace Jones,Slave to the Rhythm (2manydjs Edit),No,,Identified,,Possible 2manydjs edit?
,18-Miami-D1,10/20/2023,29,2314,18-45219-29,Crystal Grass,Dream On,No,,Identified,,
,18-Miami-D1,10/20/2023,30,2317,18-45219-30,Niagara,Sangandongo (2manydjs Edit),No,,Identified,,
,18-Miami-D1,10/20/2023,31,2323,18-45219-31,Bilgeri,Video Life,No,,Identified,,
,18-Miami-D1,10/20/2023,32,2326,18-45219-32,Barış Manço,Sarı Çizmeli Mehmet Ağa,No,,Identified,,
,18-Miami-D1,10/20/2023,33,2328,18-45219-33,Who's Who,Dancin' Machine (2manydjs Edit),No,,Identified,,
,18-Miami-D1,10/20/2023,34,2332,18-45219-34,Peter Lüdemann & Pit Troja,Steady Going (2manydjs Edit),No,,Identified,,
,18-Miami-D1,10/20/2023,35,2334,18-45219-35,Sandii & The Sunsetz,An Antenna,No,,Identified,,
,18-Miami-D1,10/20/2023,36,2339,18-45219-36,Heart,Magic Man,Yes,,Identified,,
,18-Miami-D1,10/20/2023,37,2344,18-45219-37,Kool & the Gang,Jungle Boogie (2manydjs Edit),No,,Identified,,
,18-Miami-D1,10/20/2023,38,2349,18-45219-38,Andres Montiel,Love Letter to Despacio,No,,Identified,,
,18-Miami-D1,10/20/2023,39,2357,18-45219-39,Mim Suleiman,Nyuli (Maurice Fulton Dub),No,,Identified,,
,18-Miami-D1,10/20/2023,40,0002,18-45219-40,Larry Robbins & Sammy Burdson / Daevid Allen & New York Gong / Kayanza,Disco Cola / Jungle Windo(w) / Salutation Akazéhé (2manydjs Edit),No,,Identified,,
,18-Miami-D1,10/20/2023,41,0005,18-45219-41,Haruomi Hosono,Living-Dining-Kitchen,No,,Identified,,
,18-Miami-D1,10/20/2023,42,0009,18-45219-42,Bullion,It's No Spirit (Unreleased Soulwax Remix),No,,Identified,,
,18-Miami-D1,10/20/2023,43,0012,18-45219-43,Charlotte Gainsbourg,Deadly Valentine (Soulwax Remix),No,,Identified,,
,18-Miami-D1,10/20/2023,44,0019,18-45219-44,The Equals,Funky Like a Train,No,,Identified,,
,18-Miami-D1,10/20/2023,45,0024,18-45219-45,Waffles,Macao,No,,Identified,,
,18-Miami-D1,10/20/2023,46,0027,18-45219-46,6th Borough Project,Stratus Quo (Despacio Edit),No,,Identified,,NEW ADDITION
,18-Miami-D1,10/20/2023,47,0033,18-45219-47,Fox,S-S-S-Single Bed,No,,Identified,,
,18-Miami-D1,10/20/2023,48,0036,18-45219-48,Zohra,Badala Zamana (Despacio Edit),No,,Identified,,
,18-Miami-D1,10/20/2023,49,0038,18-45219-49,Tantra,A Place Called Tarot (Idjut Boys Re-Edit),No,,Identified,,
,18-Miami-D1,10/20/2023,50,0044,18-45219-50,Stupid Human,Swamp Funk,No,,Identified,,"Edit of ""I Wanna Do The Do"" by Bobby Rush"
,18-Miami-D1,10/20/2023,51,0053,18-45219-51,Monica,Secret in the Dark (Despacio Edit),No,,Identified,,
,18-Miami-D1,10/20/2023,52,0059,18-45219-52,T Connection,Do What You Wanna Do,No,,Identified,,
,18-Miami-D1,10/20/2023,53,0104,18-45219-53,Ghosts of Venice,Feel the Heat,No,,Identified,,NEW ADDITION
,18-Miami-D1,10/20/2023,54,0109,18-45219-54,Marta Acuna,"Dance, Dance, Dance (Unknown Edit)",No,,Identified,,
,18-Miami-D1,10/20/2023,55,0113,18-45219-55,Waffles,Poland Waffle,Yes,,Identified,,
,18-Miami-D1,10/20/2023,56,0118,18-45219-56,Donald Byrd,Love Has Come Around,No,,Identified,,
,18-Miami-D1,10/20/2023,57,0127,18-45219-57,Hot Chocolate,Mindless Boogie (Extended Version),No,,Identified,,
,18-Miami-D1,10/20/2023,58,0132,18-45219-58,Waffles,Uriah,No,,Identified,,
,18-Miami-D1,10/20/2023,59,0136,18-45219-59,Watussi,If All We Had Was Love,No,,Identified,,
,18-Miami-D1,10/20/2023,60,0146,18-45219-60,Decius,Roberto's Tumescence (feat. Lias Saoudi & Douglas Lucas),No,,Identified,,NEW ADDITION
,18-Miami-D1,10/20/2023,61,0148,18-45219-61,Daryl Hall & John Oates,I Can't Go for That (No Can Do) (Despacio Edit),Yes,,Identified,,
,18-Miami-D1,10/20/2023,62,0154,18-45219-62,Five Letters,Two For A Kiss,No,,Identified,,high high high high high high high (04:32 on recording)
,18-Miami-D1,10/20/2023,63,0159,18-45219-63,Skatt Bros,Walk the Night,No,,Identified,,
,18-Miami-D1,10/20/2023,64,0203,18-45219-64,Zongamin,Bongo Song,No,,Identified,,
,18-Miami-D1,10/20/2023,65,0206,18-45219-65,Prinzhorn Dance School,You Are the Space Invader (Optimo Espacio Mix),No,,Identified,,
,18-Miami-D1,10/20/2023,66,0210,18-45219-66,Sworn Virgins,Fifty Dollar Bills,No,,Identified,,
,18-Miami-D1,10/20/2023,67,0214,18-45219-67,Rubber Band,Caoutchouc,No,,Identified,,
,18-Miami-D1,10/20/2023,68,0218,18-45219-68,Unknown,Unknown,No,,Unresolved,,sounded like a new order synth (04:57 on recording)
,18-Miami-D1,10/20/2023,69,0222,18-45219-69,Tiga,Good as Gold,No,,Identified,,
,18-Miami-D1,10/20/2023,70,0228,18-45219-70,Yazoo,Situation (Dub Version),No,,Identified,,
,18-Miami-D1,10/20/2023,71,0230,18-45219-71,Vision,Lucifer's Friend,No,,Identified,,NEW ADDITION
,18-Miami-D1,10/20/2023,72,0235,18-45219-72,Oliver Sim,Sensitive Child (Soulwax Remix),No,,Identified,,
,18-Miami-D1,10/20/2023,73,0240,18-45219-73,A Number of Names,Sharevari (Vocal),No,,Identified,,
,18-Miami-D1,10/20/2023,74,0243,18-45219-74,Brian Brain,Fun With Music,No,,Identified,,NEW ADDITION
,18-Miami-D1,10/20/2023,75,0246,18-45219-75,The League Unlimited Orchestra,Things That Dreams Are Made Of,No,,Identified,,
,18-Miami-D1,10/20/2023,76,0248,18-45219-76,Together (DJ Falcon & Thomas Bangalter),Together,Yes,,Identified,,
,18-Miami-D1,10/20/2023,77,0254,18-45219-77,Atomic Rooster,Play It Again,Yes,,Identified,,NEW ADDITION
,18-Miami-D1,10/20/2023,78,0258,18-45219-78,Fischerspooner,Emerge,Yes,,Identified,,
,18-Miami-D1,10/20/2023,79,0303,18-45219-79,Jonathan Richman & The Modern Lovers,Don't Let Our Youth Go To Waste,No,,Identified,,
,18-Miami-D2,10/21/2023,-03,sound check,18-45220--03,Herbert von Karajan & Berliner Philharmoniker,The Blue Danube (Reprise),No,,Identified,,
,18-Miami-D2,10/21/2023,-02,sound check,18-45220--02,Trio,Da Da Da,No,,Identified,,
,18-Miami-D2,10/21/2023,-01,sound check,18-45220--01,Deux,Everybody's Night,No,,Identified,,
,18-Miami-D2,10/21/2023,-00,sound check,18-45220--00,Ladytron,Seventeen,No,,Identified,,
,18-Miami-D2,10/21/2023,01,2114,18-45220-01,Art of Noise,Moments in Love (Beaten),No,,Identified,,
,18-Miami-D2,10/21/2023,02,2118,18-45220-02,"Archie Shepp, Trilok Gurtue, Peter Giger's Family of Percussion",Here Comes the Family,No,,Identified,,
,18-Miami-D2,10/21/2023,03,2124,18-45220-03,The Slits,"Earthbeat 12""",No,,Identified,,
,18-Miami-D2,10/21/2023,04,2127,18-45220-04,Unknown,Unknown,No,,Unresolved,,
,18-Miami-D2,10/21/2023,05,2129,18-45220-05,Unknown,Unknown,No,,Unresolved,,
,18-Miami-D2,10/21/2023,06,2132,18-45220-06,David Bowie,Young Americans (Despacio Edit),No,,Identified,,
,18-Miami-D2,10/21/2023,07,2138,18-45220-07,Unknown,Unknown,No,,Unresolved,,
,18-Miami-D2,10/21/2023,08,2140,18-45220-08,Fern Kinney,Baby Let Me Kiss You,No,,Identified,,
,18-Miami-D2,10/21/2023,09,2145,18-45220-09,Zazou Bikaye & CY1,Lamuka,No,,Identified,,
,18-Miami-D2,10/21/2023,10,2147,18-45220-10,Unknown,Unknown,No,,Unresolved,,
,18-Miami-D2,10/21/2023,11,2148,18-45220-11,Paul McCartney,Check My Machine,No,,Identified,,
,18-Miami-D2,10/21/2023,12,2153,18-45220-12,Peter Brown,The Singer's Become a Dancer (Despacio Edit),No,,Identified,,
,18-Miami-D2,10/21/2023,13,2159,18-45220-13,Jon & Vangelis,State of Independence,No,,Identified,,
,18-Miami-D2,10/21/2023,14,2205,18-45220-14,Melanie,Got My Mojo Working,No,,Identified,,
,18-Miami-D2,10/21/2023,15,2208,18-45220-15,Jeanette,¿Por qué te vas? (2manydjs Edit),No,,Identified,,
,18-Miami-D2,10/21/2023,16,2213,18-45220-16,Alf Emil Eik,To You,No,,Identified,,
,18-Miami-D2,10/21/2023,17,2217,18-45220-17,Love International,Airport of Love,No,,Identified,,
,18-Miami-D2,10/21/2023,18,2221,18-45220-18,The Peppers,Hot Caramel (Soulwax Remix),No,,Identified,,
,18-Miami-D2,10/21/2023,19,2226,18-45220-19,Clive Stevens & Brainchild,Mystery Man,No,,Identified,,
,18-Miami-D2,10/21/2023,20,2229,18-45220-20,Mina,Capisco (2manydjs Edit),No,,Identified,,
,18-Miami-D2,10/21/2023,21,2233,18-45220-21,Edwin Starr,Get Up Whirlpool (Eric Duncan Edit),Yes,,Identified,,
,18-Miami-D2,10/21/2023,22,2240,18-45220-22,Prince,When We're Dancing Close and Slow (Unknown Version),No,,Identified,,
,18-Miami-D2,10/21/2023,23,2244,18-45220-23,Yamasuki,Yamasuki (Asa Moto Rework),No,,Identified,,
,18-Miami-D2,10/21/2023,24,2248,18-45220-24,Will Powers,"Adventures in Success (12"" Vocal)",No,,Identified,,
,18-Miami-D2,10/21/2023,25,2255,18-45220-25,The Fixx,Crystal Ice Dub,No,,Identified,,Billy Idol - Flesh for Fantasy (waffles edit?)?
,18-Miami-D2,10/21/2023,26,2259,18-45220-26,Tone Band,Germany Calling (2manydjs Edit),No,,Identified,,
,18-Miami-D2,10/21/2023,27,2304,18-45220-27,Unknown,Unknown,No,,Unresolved,,Sounds a bit Bolis Populi
,18-Miami-D2,10/21/2023,28,2308,18-45220-28,Fuego,Misa Criolla (We Are the Children),No,,Identified,,NEW ADDITION
,18-Miami-D2,10/21/2023,29,2314,18-45220-29,Su Kramer,Magic Dance,No,,Identified,,
,18-Miami-D2,10/21/2023,30,2316,18-45220-30,Kel-Air & Band Band,Tu Tuareg,No,,Identified,,NEW ADDITION
,18-Miami-D2,10/21/2023,31,2321,18-45220-31,BEGIN,Day Pulse,No,,Identified,,
,18-Miami-D2,10/21/2023,32,2325,18-45220-32,Unknown,Unknown,No,,Unresolved,,
,18-Miami-D2,10/21/2023,33,2329,18-45220-33,Unknown,Unknown,No,,Unresolved,,
,18-Miami-D2,10/21/2023,34,2335,18-45220-34,Black Meteoric Star,Freaks Only,No,,Identified,,
,18-Miami-D2,10/21/2023,35,2340,18-45220-35,Unknown,Unknown,No,,Unresolved,,Bluegrass sounding track
,18-Miami-D2,10/21/2023,36,2342,18-45220-36,Red Axes,Sun My Sweet Sun (Despacio Edit),No,,Identified,,
,18-Miami-D2,10/21/2023,37,2346,18-45220-37,Japan,Visions of China (2manydjs Edit),No,,Identified,,
,18-Miami-D2,10/21/2023,38,2350,18-45220-38,Marsha Hunt's 22,"(Oh, No! Not!) The Beast Day",No,,Identified,,NEW ADDITION
,18-Miami-D2,10/21/2023,39,2353,18-45220-39,Dennis Parker,Like An Eagle (Despacio Edit),Yes,,Identified,,
,18-Miami-D2,10/21/2023,40,0000,18-45220-40,Uele Kalabubu Et Sa Tribu,Matata (2manydjs Edit),No,,Identified,,
,18-Miami-D2,10/21/2023,41,0005,18-45220-41,Frank Virgilio,Inside Out,No,,Identified,,DJ Cole Medina version?
,18-Miami-D2,10/21/2023,42,0009,18-45220-42,Rod Stewart,"Passion (12"" Version)",No,,Identified,,They're clearly working on this one. Immense!
,18-Miami-D2,10/21/2023,43,0015,18-45220-43,Baxter Dury,Miami (Parrot and Cocker Too Remix),Yes,,Identified,,
,18-Miami-D2,10/21/2023,44,0022,18-45220-44,Philip Glass,Opening,No,,Identified,,
,18-Miami-D2,10/21/2023,45,0024,18-45220-45,D.C. La Rue,Do You Want The Real Thing,No,,Identified,,
,18-Miami-D2,10/21/2023,46,0033,18-45220-46,Unknown,Unknown,No,,Unresolved,,
,18-Miami-D2,10/21/2023,47,0047,18-45220-47,4 M International,Space Operator (2manydjs Edit),No,,Identified,,
,18-Miami-D2,10/21/2023,48,0049,18-45220-48,Men Without Hats,The Safety Dance (Despacio Edit),Yes,,Identified,,
,18-Miami-D2,10/21/2023,49,0054,18-45220-49,Stephane Sévérac,Hold On (Extended Mix),No,,Identified,,"""My baby, I was trying to hold on"""
,18-Miami-D2,10/21/2023,50,0058,18-45220-50,Lata Ramasar,The Greatest Name That Lives (Alessandro Adriani Remix),No,,Identified,,
,18-Miami-D2,10/21/2023,51,0105,18-45220-51,Unknown,Unknown,No,,Unresolved,,"""who's that baller"""
,18-Miami-D2,10/21/2023,52,0108,18-45220-52,Mahotella Queens,Wozani Mahipi (2manydjs Edit),No,,Identified,,
,18-Miami-D2,10/21/2023,53,0111,18-45220-53,Pete Shelley,Witness the Change,No,,Identified,,
,18-Miami-D2,10/21/2023,54,0117,18-45220-54,Unknown,Unknown,No,,Unresolved,,
,18-Miami-D2,10/21/2023,55,0122,18-45220-55,Ngozi Family,Sunka Mulamu (2manydjs Edit),No,,Identified,,
,18-Miami-D2,10/21/2023,56,0124,18-45220-56,Loose Joints,Is It All Over My Face? (Larry Levan Remix),No,,Identified,,
,18-Miami-D2,10/21/2023,57,0129,18-45220-57,Fun Boy Three,"Faith, Hope and Charity (Despacio Edit)",No,,Identified,,
,18-Miami-D2,10/21/2023,58,0133,18-45220-58,Queen,Another One Bites the Dust (Despacio Edit),No,,Identified,,
,18-Miami-D2,10/21/2023,59,0138,18-45220-59,Steve Monite,Only You (Frankie Francis Disco Jam Edit),No,,Identified,,
,18-Miami-D2,10/21/2023,60,0144,18-45220-60,Haruomi Hosono,Sports Men,No,,Identified,,
,18-Miami-D2,10/21/2023,61,0147,18-45220-61,Warren Zevon,Nighttime in the Switching Yard (2manydjs Edit),No,,Identified,,
,18-Miami-D2,10/21/2023,62,0150,18-45220-62,Telex,Moskow Diskow,No,,Identified,,
,18-Miami-D2,10/21/2023,63,0154,18-45220-63,Gary Numan,Music for Chameleons,No,,Identified,,
,18-Miami-D2,10/21/2023,64,0159,18-45220-64,Chic,You Are Beautiful (Frankie Rodriguez' Beautiful Re-Edit),No,,Identified,,NEW VERSION ADDITION
,18-Miami-D2,10/21/2023,65,0202,18-45220-65,In Flagranti,Business Acumen,No,,Identified,,
,18-Miami-D2,10/21/2023,66,0207,18-45220-66,Unknown,Unknown,No,,Unresolved,,"""Holi Holi Holi, Harder Harder"""
,18-Miami-D2,10/21/2023,67,0210,18-45220-67,George Benson,On Broadway (Live),No,,Identified,,
,18-Miami-D2,10/21/2023,68,0214,18-45220-68,Waffles,Croatia White,No,,Identified,,NEW ADDITION
,18-Miami-D2,10/21/2023,69,0220,18-45220-69,Gaffa,Attitude Dancing (Land of a 1000 Dunces),No,,Identified,,NEW ADDITION
,18-Miami-D2,10/21/2023,70,0222,18-45220-70,Charlotte Adigéry & Bolis Pupul,Cliché (Soulwax Remix),Yes,,Identified,,
,18-Miami-D2,10/21/2023,71,0227,18-45220-71,Headman,It Rough (Chicken Lips Remix),No,,Identified,,
,18-Miami-D2,10/21/2023,72,0233,18-45220-72,Crash Course In Science,Jump Over Barrels,No,,Identified,,NEW ADDITION
,18-Miami-D2,10/21/2023,73,0236,18-45220-73,Harry Thumann,"Underwater (12"" Extended Version)",Yes,,Identified,,
,18-Miami-D2,10/21/2023,74,0240,18-45220-74,Sylvester,You Make Me Feel (Mighty Real) (Soulwax for Despacio Remix),No,,Identified,,
,18-Miami-D2,10/21/2023,75,0248,18-45220-75,The Fantasy,Summer Night in Harlem,Yes,,Identified,,"Edit of ""Bill Withers - Harlem"""
,18-Miami-D2,10/21/2023,76,0253,18-45220-76,Kraftwerk,Numbers / Computer World 2,Yes,,Identified,,
,18-Miami-D2,10/21/2023,77,0258,18-45220-77,The Beatles,Here Comes the Sun (Despacio Edit),Yes,,Identified,,
,18-Miami-D3,10/22/2023,00,2000,18-45221-00,Unknown,Unknown,Unknown,,Unresolved,,no recording
,18-Miami-D3,10/22/2023,01,2005,18-45221-01,Unknown,Unknown,Unknown,,Unresolved,,no recording
,18-Miami-D3,10/22/2023,02,2010,18-45221-02,Unknown,Unknown,Unknown,,Unresolved,,no recording
,18-Miami-D3,10/22/2023,03,2015,18-45221-03,Unknown,Unknown,Unknown,,Unresolved,,no recording
,18-Miami-D3,10/22/2023,04,2020,18-45221-04,Unknown,Unknown,Unknown,,Unresolved,,no recording
,18-Miami-D3,10/22/2023,05,2025,18-45221-05,Unknown,Unknown,Unknown,,Unresolved,,no recording
,18-Miami-D3,10/22/2023,06,2035,18-45221-06,Flash and the Pan,"Midnight Man (12"" Extended Version)",Unknown,,Identified,,
,18-Miami-D3,10/22/2023,07,,18-45221-07,Phill & Friends Band,This Man,Unknown,,Identified,,
,18-Miami-D3,10/22/2023,08,,18-45221-08,Kid Creole & The Coconuts,"I'm A Wonderful Thing, Baby",Unknown,,Identified,,
,18-Miami-D3,10/22/2023,09,,18-45221-09,Daft Punk,Da Funk,Unknown,,Identified,,
,18-Miami-D3,10/22/2023,10,,18-45221-10,Magnus Uggla,Sommartid (1981 Remix),Unknown,,Identified,,"12"" Version aka NY Version (not 76)"
,18-Miami-D3,10/22/2023,11,,18-45221-11,Unknown,Unknown,Unknown,,Unresolved,,Instrumental
,18-Miami-D3,10/22/2023,12,,18-45221-12,The Cars,A Dream Away,Unknown,,Identified,,
,18-Miami-D3,10/22/2023,13,,18-45221-13,Maurice Fulton Presents Stress,My Gigolo,Unknown,,Identified,,
,18-Miami-D3,10/22/2023,14,,18-45221-14,Unknown,Unknown (2manydjs Edit),Unknown,,Unresolved,,"Unknown song, but 99% sure its an 2manydjs edit"
,18-Miami-D3,10/22/2023,15,,18-45221-15,Mariah,Shinzo No Tobira,Unknown,,Identified,,
,18-Miami-D3,10/22/2023,16,,18-45221-16,Mariah,Shonen,Unknown,,Identified,,
,18-Miami-D3,10/22/2023,17,,18-45221-17,Scritti Politti,"Absolute (12"" Version)",Unknown,,Identified,,
,18-Miami-D3,10/22/2023,18,,18-45221-18,Renaldo And The Loaf,Hambu Hodo,Unknown,,Identified,,
,18-Miami-D3,10/22/2023,19,,18-45221-19,The Vels,Look My Way,Unknown,,Identified,,
,18-Miami-D3,10/22/2023,20,,18-45221-20,Arbeid Adelt!,Death Disco,Unknown,,Identified,,
,18-Miami-D3,10/22/2023,21,,18-45221-21,INXS,Need You Tonight (Despacio Edit),Unknown,,Identified,,
,18-Miami-D3,10/22/2023,22,,18-45221-22,Rose Royce,Do Your Dance,Unknown,,Identified,,
,18-Miami-D3,10/22/2023,23,,18-45221-23,Daniel Wang,Like Some Dream (I Can't Stop Dreaming),Unknown,,Identified,,
,18-Miami-D3,10/22/2023,24,,18-45221-24,Tantra,A Place Called Tarot (Idjut Boys Re-Edit),Unknown,,Identified,,
,18-Miami-D3,10/22/2023,25,,18-45221-25,Tony Orlando,Don't Let Go,Unknown,,Identified,,
,18-Miami-D3,10/22/2023,26,,18-45221-26,D.A.N.,Premintal,Unknown,,Identified,,
,18-Miami-D3,10/22/2023,27,,18-45221-27,The Hunters,Jungle Man,Unknown,,Identified,,Slowed Down
,18-Miami-D3,10/22/2023,28,,18-45221-28,Eros,Untitled (B1) (EROS01),Unknown,,Identified,,
,18-Miami-D3,10/22/2023,29,,18-45221-29,Prince & The Revolution,"Erotic City (Make Love Not War Erotic City Come Alive) (12"" Version)",Unknown,,Identified,,
,18-Miami-D3,10/22/2023,30,,18-45221-30,Mickey Moonlight,Interplanetary Music,Unknown,,Identified,,
,18-Miami-D3,10/22/2023,31,,18-45221-31,The Patchouli Brothers,"Cheat, Lie, Kill, Die",Unknown,,Identified,,"Edit of ""The Zebras - For Your Love"""
,18-Miami-D3,10/22/2023,32,,18-45221-32,Gino Soccio,Remember,Unknown,,Identified,,
,18-Miami-D3,10/22/2023,33,,18-45221-33,Giorgio Moroder,Valley of the Dolls (Instrumental),Unknown,,Identified,,
,18-Miami-D3,10/22/2023,34,,18-45221-34,Manncool & Trol2000,Capy,Unknown,,Identified,,"Edit of ""Capone - Music Love Song"""
,18-Miami-D3,10/22/2023,35,,18-45221-35,Ferrara,Love Attack / Get Off The Speakers (Unreleased Soulwax Edit),Unknown,,Identified,,
,18-Miami-D3,10/22/2023,36,,18-45221-36,Watsonian Institute,"New York, New York (Despacio Edit)",Unknown,,Identified,,https://www.youtube.com/watch?v=vCq9peS8qak
,18-Miami-D3,10/22/2023,37,,18-45221-37,Stopp,I'm Hungry,Unknown,,Identified,,
,18-Miami-D3,10/22/2023,38,,18-45221-38,Talking Heads,This Must Be the Place (Naive Melody),Unknown,,Identified,,
,18-Miami-D3,10/22/2023,39,,18-45221-39,Red Rack'em,Wonky Bassline Disco Banger,Unknown,,Identified,,
,18-Miami-D3,10/22/2023,40,,18-45221-40,Oliver Mandić,Sve Su Seke Jebene,Unknown,,Identified,,
,18-Miami-D3,10/22/2023,41,,18-45221-41,Bee Gees,You Should Be Dancin' (Todd Terje Edit),Unknown,,Identified,,
,18-Miami-D3,10/22/2023,42,,18-45221-42,Skatt Bros,Walk the Night,Unknown,,Identified,,
,18-Miami-D3,10/22/2023,43,,18-45221-43,Jackey Beavers,Mr. Bump Man (Theo Parrish Re-Edit),Unknown,,Identified,,"Edit of ""Jackey Beavers - Mr. Bump Man"""
,18-Miami-D3,10/22/2023,44,,18-45221-44,Tame Impala,Let It Happen (Soulwax Remix),Unknown,,Identified,,
,18-Miami-D3,10/22/2023,45,,18-45221-45,Lil' Louis & The World,French Kiss (The Original Underground Mix),Unknown,,Identified,,
,18-Miami-D3,10/22/2023,46,,18-45221-46,Thomas & Eric,Lower Beard Stays The Same,Unknown,,Identified,,"Edit of ""Chicago - I'm A Man"""
