,,,,,,,,,,Administrative,ra,,,,Statistics,
,Show ID,Date,Ord,Time,Unique ID,Artist,Title,Ball,Recording URL,Identification Status,Status / Notes,Comments,,,Tracks,162
,19-Ghent-D1,3/16/2024,01,16:18,19-45367-01,Offering,Love in the Darkness,No,,Identified,,,,,Tracks without ID,8
,19-Ghent-D1,3/16/2024,02,16:30,19-45367-02,Unknown,Unknown,No,https://drive.google.com/file/d/1aJAI7ef1o5_6NBuLfbVACWkWKURrWaQj/view?usp=sharing,Unresolved,,,,,Percent identified,95.06%
,19-Ghent-D1,3/16/2024,03,16:34,19-45367-03,Unknown,Unknown,No,https://drive.google.com/file/d/1mL0vWFiBWGGYRkSja3djL0NHBfgmuzGX/view?usp=drive_link,Unresolved,,,,,,
,19-Ghent-D1,3/16/2024,04,16:38,19-45367-04,Li Garatonni,Here Is Silence,No,,Identified,,,,,,
,19-Ghent-D1,3/16/2024,05,16:42,19-45367-05,Barry White,Love Serenade (Pt. II),No,,Identified,,,,,,
,19-Ghent-D1,3/16/2024,06,unk,19-45367-06,Unknown,Unknown,No,https://drive.google.com/file/d/1H1gjb512h6frttEbcNM7k--vLM2q4Qpt/view?usp=drive_link,Unresolved,,,,,,
,19-Ghent-D1,3/16/2024,07,16:47,19-45367-07,Forbidden Overture,Strictly Forbidden,No,,Identified,,,,,,
,19-Ghent-D1,3/16/2024,08,16:53,19-45367-08,Cha Cha Guitri,Non non non (Despacio Edit),No,https://drive.google.com/file/d/1-bwRGzAOWJAZasI6cokkB5ciNnDUGtDC/view?usp=drive_link,Identified,,,,,,
,19-Ghent-D1,3/16/2024,09,16:58,19-45367-09,Hudson-Ford,Daylight (Coyote Edit),No,,Identified,,,,,,
,19-Ghent-D1,3/16/2024,10,17:03,19-45367-10,Bob Moses & Billy Martin,"Nana? Nono, Nene!",No,,Identified,,,,,,
,19-Ghent-D1,3/16/2024,11,17:07,19-45367-11,Unknown,Unknown,No,https://drive.google.com/file/d/1-xBO9FwiO9zate3Uq4xWMfr471sP2_rJ/view?usp=drive_link,Unresolved,,,,,,
,19-Ghent-D1,3/16/2024,12,17:10,19-45367-12,Ned Doheny,Get It Up For Love,No,,Identified,,,,,,
,19-Ghent-D1,3/16/2024,13,17:14,19-45367-13,Tumblack,Vaudou (2manydjs Edit),No,,Identified,,,,,,
,19-Ghent-D1,3/16/2024,14,17:17,19-45367-14,Casino Music,The Beat Goes On,No,,Identified,,,,,,
,19-Ghent-D1,3/16/2024,15,17:20,19-45367-15,Peter Brown,The Singer's Become a Dancer (Despacio Edit),No,,Identified,,,,,,
,19-Ghent-D1,3/16/2024,16,17:25,19-45367-16,Chris & Cosey,This Is Me,No,,Identified,,,,,,
,19-Ghent-D1,3/16/2024,17,17:27,19-45367-17,Love International,Airport of Love,No,,Identified,,,,,,
,19-Ghent-D1,3/16/2024,18,17:31,19-45367-18,Jeanette,¿Por qué te vas? (2manydjs Edit),No,,Identified,,,,,,
,19-Ghent-D1,3/16/2024,19,17:35,19-45367-19,Eddie Hooper,Tomorrow's Sun,No,,Identified,,,,,,
,19-Ghent-D1,3/16/2024,20,17:43,19-45367-20,Melanie,Got My Mojo Working,No,,Identified,,,,,,
,19-Ghent-D1,3/16/2024,21,17:46,19-45367-21,Robert Palmer,Come Over,No,,Identified,,,,,,
,19-Ghent-D1,3/16/2024,22,17:50,19-45367-22,Clive Stevens & Brainchild,Mystery Man,No,,Identified,,,,,,
,19-Ghent-D1,3/16/2024,23,17:54,19-45367-23,Edwin Starr,Get Up Whirlpool (Eric Duncan Edit),Yes,,Identified,,,,,,
,19-Ghent-D1,3/16/2024,24,18:00,19-45367-24,Brian Brain,Working In A Farmyard In A White Suit,No,,Identified,,,,,,
,19-Ghent-D1,3/16/2024,25,18:03,19-45367-25,Steel Mind,Boss Man,No,,Identified,,,,,,
,19-Ghent-D1,3/16/2024,26,18:06,19-45367-26,Goodie,I Wanna Be Your Man,No,,Identified,,,,,,
,19-Ghent-D1,3/16/2024,27,18:10,19-45367-27,Sky,Westway,No,,Identified,,,,,,
,19-Ghent-D1,3/16/2024,28,18:13,19-45367-28,Mina,Capisco (2manydjs Edit),No,,Identified,,,,,,
,19-Ghent-D1,3/16/2024,29,18:17,19-45367-29,Black Meteoric Star,Freaks Only,No,,Identified,,,,,,
,19-Ghent-D1,3/16/2024,30,18:24,19-45367-30,Billy Idol,Flesh For Fantasy (Despacio Edit),No,,Identified,,"multitrack remix, not an edit. TBC",,,,
,19-Ghent-D1,3/16/2024,31,18:32,19-45367-31,Topo,"Ba Ba Go, Go",No,,Identified,,,,,,
,19-Ghent-D1,3/16/2024,32,18:35,19-45367-32,Barış Manço,Sarı Çizmeli Mehmet Ağa,No,,Identified,,,,,,
,19-Ghent-D1,3/16/2024,33,18:39,19-45367-33,Dennis Parker,Like An Eagle (Despacio Edit),Yes,,Identified,,,,,,
,19-Ghent-D1,3/16/2024,34,18:47,19-45367-34,Uele Kalabubu Et Sa Tribu,Matata (2manydjs Edit),No,,Identified,,,,,,
,19-Ghent-D1,3/16/2024,35,18:51,19-45367-35,Marsha Hunt's 22,"(Oh, No! Not!) The Beast Day",No,,Identified,,,,,,
,19-Ghent-D1,3/16/2024,36,18:55,19-45367-36,De Gantwerp Rappers,Poopeloo,No,,Identified,,,,,,
,19-Ghent-D1,3/16/2024,37,18:58,19-45367-37,Eighties Ladies,Turned On to You (Viva Shade Re-Edit),No,,Identified,,"Sounds like a cover, not the original '81 by Eighties Ladies",,,,
,19-Ghent-D1,3/16/2024,38,19:02,19-45367-38,L.B. Bad,Just Don't Stop the Dance,No,,Identified,,,,,,
,19-Ghent-D1,3/16/2024,39,19:04,19-45367-39,Suicide,Misery Train,No,,Identified,,,,,,
,19-Ghent-D1,3/16/2024,40,19:09,19-45367-40,The Turtles,I'm Chief Kamanawanalea (We're The Royal Macadamia Nuts) (2manydjs Edit),No,,Identified,,,,,,
,19-Ghent-D1,3/16/2024,41,19:12,19-45367-41,4 M International,Space Operator (2manydjs Edit),No,,Identified,,,,,,
,19-Ghent-D1,3/16/2024,42,19:14,19-45367-42,Men Without Hats,The Safety Dance (Despacio Edit),Yes,,Identified,,,,,,
,19-Ghent-D1,3/16/2024,43,19:18,19-45367-43,Stephane Sévérac,Hold On (Extended Mix),No,,Identified,,,,,,
,19-Ghent-D1,3/16/2024,44,19:25,19-45367-44,Michael Nesmith,Cruisin' (Lucy And Ramona And Sunset Sam),No,,Identified,,,,,,
,19-Ghent-D1,3/16/2024,45,19:28,19-45367-45,Heart,Magic Man,No,,Identified,,,,,,
,19-Ghent-D1,3/16/2024,46,19:33,19-45367-46,Peter Gordon & Love Of Life Orchestra,Beginning Of The Heartbreak,No,,Identified,,,,,,
,19-Ghent-D1,3/16/2024,47,19:36,19-45367-47,Mahotella Queens,Wozani Mahipi (2manydjs Edit),No,,Identified,,,,,,
,19-Ghent-D1,3/16/2024,48,19:41,19-45367-48,Waffles,Hankuri,No,,Identified,,,,,,
,19-Ghent-D1,3/16/2024,49,19:45,19-45367-49,Waffles,Macao,No,,Identified,,,,,,
,19-Ghent-D1,3/16/2024,50,19:48,19-45367-50,Jeff Britton & The Spitfires,Rub Out,No,,Identified,,,,,,
,19-Ghent-D1,3/16/2024,51,19:50,19-45367-51,Charlotte Gainsbourg,Deadly Valentine (Soulwax Remix),No,,Identified,,,,,,
,19-Ghent-D1,3/16/2024,52,19:58,19-45367-52,Haruomi Hosono,Living-Dining-Kitchen,No,,Identified,,,,,,
,19-Ghent-D1,3/16/2024,53,20:01,19-45367-53,Barcode,Data New Beat,No,https://drive.google.com/file/d/1ln5n51b2911H77HclbZeawG1Yr8IV9DX/view?usp=drive_link,Identified,,,,,,
,19-Ghent-D1,3/16/2024,54,20:05,19-45367-54,Mim Suleiman,Nyuli (Maurice Fulton Dub),No,,Identified,,,,,,
,19-Ghent-D1,3/16/2024,55,20:09,19-45367-55,Shit Robot,Hey Creep!,No,,Identified,,,,,,
,19-Ghent-D1,3/16/2024,56,20:14,19-45367-56,Unknown,Unknown,No,https://drive.google.com/file/d/12x0ZpfZGkob6xlpvnkZAPpDKHBJjLYV7/view?usp=drive_link,Unresolved,,,,,,
,19-Ghent-D1,3/16/2024,57,20:18,19-45367-57,Queen,Another One Bites the Dust (Despacio Edit),Yes,,Identified,,,,,,
,19-Ghent-D1,3/16/2024,58,20:23,19-45367-58,Jayson Green & The Jerk,Local Jerk,No,,Identified,,,,,,
,19-Ghent-D1,3/16/2024,59,20:29,19-45367-59,Marta Acuna,"Dance, Dance, Dance (Unknown Edit)",No,,Identified,,possibly unk - check comments // isn't it 2manydjs edit?,,,,
,19-Ghent-D1,3/16/2024,60,20:34,19-45367-60,Haruomi Hosono,Sports Men,No,,Identified,,,,,,
,19-Ghent-D1,3/16/2024,61,20:37,19-45367-61,Daryl Hall & John Oates,I Can't Go for That (No Can Do) (Despacio Edit),Yes,,Identified,,,,,,
,19-Ghent-D1,3/16/2024,62,20:43,19-45367-62,Waffles,Uganda,No,,Identified,,,,,,
,19-Ghent-D1,3/16/2024,63,20:47,19-45367-63,El Turronero,Las Penas (La Caña),No,,Identified,,,,,,
,19-Ghent-D1,3/16/2024,64,20:51,19-45367-64,Boney M.,Nightflight to Venus,No,,Identified,,,,,,
,19-Ghent-D1,3/16/2024,65,20:53,19-45367-65,In Flagranti,Business Acumen,No,,Identified,,,,,,
,19-Ghent-D1,3/16/2024,66,20:57,19-45367-66,Five Letters,Two For A Kiss,No,https://drive.google.com/file/d/1louvQJMPO9-XGWgnKv4aMS_gHAlpBMiB/view?usp=drive_link,Identified,,Denlekke solved it after 3 years! ,,,,
,19-Ghent-D1,3/16/2024,67,21:00,19-45367-67,Conrad Schnitzler Und Gregor Schnitzler,The Shark Eats Ice (2manydjs Edit),No,,Identified,,,,,,
,19-Ghent-D1,3/16/2024,68,21:04,19-45367-68,Talking Heads,This Must Be the Place (Naive Melody),No,,Identified,,,,,,
,19-Ghent-D1,3/16/2024,69,21:09,19-45367-69,Prinzhorn Dance School,You Are the Space Invader (Optimo Espacio Mix),No,,Identified,,,,,,
,19-Ghent-D1,3/16/2024,70,21:14,19-45367-70,Watsonian Institute,"New York, New York (Despacio Edit)",No,https://drive.google.com/file/d/1jpcpFDf6zwNLAkNLmhZDS03EVVuL5yR6/view?usp=drive_link,Identified,,,,,,
,19-Ghent-D1,3/16/2024,71,21:16,19-45367-71,Marie Davidson,Push Me Fuckhead,No,,Identified,,,,,,
,19-Ghent-D1,3/16/2024,72,21:20,19-45367-72,Manncool & Trol2000,Capy (Edit of Capone – Music Love Song),Yes,,Identified,,,,,,
,19-Ghent-D1,3/16/2024,73,21:27,19-45367-73,Oliver Sim,Sensitive Child (Soulwax Remix),No,,Identified,,,,,,
,19-Ghent-D1,3/16/2024,74,21:31,19-45367-74,Sworn Virgins,Fifty Dollar Bills,No,,Identified,,,,,,
,19-Ghent-D1,3/16/2024,75,21:36,19-45367-75,Ferrara,Love Attack / Get Off The Speakers (Unreleased Soulwax Edit),No,,Identified,,,,,,
,19-Ghent-D1,3/16/2024,76,21:41,19-45367-76,Crash Course In Science,Jump Over Barrels,No,,Identified,,,,,,
,19-Ghent-D1,3/16/2024,77,21:44,19-45367-77,Yazoo,Situation (Dub Version),No,,Identified,,,,,,
,19-Ghent-D1,3/16/2024,78,21:47,19-45367-78,Bee Gees,You Should Be Dancin' (Todd Terje Edit),Yes,,Identified,,,,,,
,19-Ghent-D1,3/16/2024,79,21:51,19-45367-79,Michael Wilson,Groove It To Your Body,No,,Identified,,,,,,
,19-Ghent-D1,3/16/2024,80,21:55,19-45367-80,Sylvester,You Make Me Feel (Mighty Real) (Soulwax for Despacio Remix),Yes,,Identified,,,,,,
,19-Ghent-D1,3/16/2024,81,22:02,19-45367-81,Red Rack'em,Wonky Bassline Disco Banger,No,,Identified,,,,,,
,19-Ghent-D1,3/16/2024,82,22:05,19-45367-82,Jackey Beavers,Mr. Bump Man (Theo Parrish Re-Edit),No,,Identified,,,,,,
,19-Ghent-D1,3/16/2024,83,22:12,19-45367-83,The Beatles,Here Comes the Sun (Despacio Edit),Yes,,Identified,,"final song, d1",,,,
,19-Ghent-D2,3/17/2024,01,16:08,19-45368-01,Steve Reich Ensemble,Music for 18 Musicians,No,,Identified,,"first song, d2",,,,
,19-Ghent-D2,3/17/2024,02,16:29,19-45368-02,Art of Noise,Moments in Love (Beaten),No,,Identified,,,,,,
,19-Ghent-D2,3/17/2024,03,16:36,19-45368-03,Vangelis,Spiral,No,,Identified,,,,,,
,19-Ghent-D2,3/17/2024,04,16:38,19-45368-04,Unknown,Unknown,No,https://drive.google.com/file/d/1iD3nDwWGA725ScXXuFdlBAgJy1oE3T1Y/view?usp=sharing,Unresolved,,"""long drum beat, could be extended into to the next one""",,,,
,19-Ghent-D2,3/17/2024,05,16:41,19-45368-05,Agnetha Fältskog,The Heat Is On,No,,Identified,,,,,,
,19-Ghent-D2,3/17/2024,06,16:45,19-45368-06,Paul McCartney,Check My Machine,No,,Identified,,,,,,
,19-Ghent-D2,3/17/2024,07,16:49,19-45368-07,Unknown,Unknown,No,https://drive.google.com/file/d/1iD3nDwWGA725ScXXuFdlBAgJy1oE3T1Y/view?usp=sharing,Unresolved,,twangy guitar track,,,,
,19-Ghent-D2,3/17/2024,08,16:51,19-45368-08,Gina X Performance,Nice Mover,No,,Identified,,,,,,
,19-Ghent-D2,3/17/2024,09,16:55,19-45368-09,Fern Kinney,Baby Let Me Kiss You,No,,Identified,,,,,,
,19-Ghent-D2,3/17/2024,10,17:01,19-45368-10,Anji Cakebread,Dear Computer (Despacio Edit),No,https://drive.google.com/file/d/116HF7FzvOCdDHaZjE5OJElgtWVnTWYAz/view?usp=sharing,Identified,,,,,,
,19-Ghent-D2,3/17/2024,11,17:04,19-45368-11,James Mason,I Want Your Love,No,,Identified,,,,,,
,19-Ghent-D2,3/17/2024,12,17:10,19-45368-12,Zazou Bikaye & CY1,Lamuka,No,,Identified,,,,,,
,19-Ghent-D2,3/17/2024,13,17:14,19-45368-13,The Peppers,Hot Caramel (Soulwax Remix),No,,Identified,,,,,,
,19-Ghent-D2,3/17/2024,14,17:19,19-45368-14,Alf Emil Eik,To You,No,,Identified,,,,,,
,19-Ghent-D2,3/17/2024,15,17:23,19-45368-15,Lou Reed,Disco Mystic (2manydjs Edit),No,,Identified,,,,,,
,19-Ghent-D2,3/17/2024,16,17:27,19-45368-16,David Michael Cross,Nuclear War Part 2,No,,Identified,,,,,,
,19-Ghent-D2,3/17/2024,17,17:31,19-45368-17,Roland P. Young,Ballo-Balla (2manydjs Edit),No,,Identified,,,,,,
,19-Ghent-D2,3/17/2024,18,17:34,19-45368-18,Clout,Sunshine Baby,No,,Identified,,,,,,
,19-Ghent-D2,3/17/2024,19,17:38,19-45368-19,Prince,When We're Dancing Close and Slow (Unknown Version),No,,Identified,,,,,,
,19-Ghent-D2,3/17/2024,20,17:44,19-45368-20,Damon Harris,I Fell in Love (Unknown Edit),No,https://drive.google.com/file/d/1Pyd9O2aHHrfHdEu5wbfNx5pGdwOTqma2/view?usp=sharing,Identified,,woman saying love over and over; https://youtu.be/Yg6zAFdMNqY,,,,
,19-Ghent-D2,3/17/2024,21,17:48,19-45368-21,Carly Simon,Why (Instrumental),No,,Identified,,,,,,
,19-Ghent-D2,3/17/2024,22,17:51,19-45368-22,Ettika,Ettika (2manydjs Edit),No,,Identified,,,,,,
,19-Ghent-D2,3/17/2024,23,17:56,19-45368-23,Blue Jazz TV,Chiba Girl (feat. Billy G Robinson),No,,Identified,,,,,,
,19-Ghent-D2,3/17/2024,24,18:10,19-45368-24,Kel-Air & Band Band,Tuareg,No,,Identified,,,,,,
,19-Ghent-D2,3/17/2024,25,18:14,19-45368-25,Yamasuki,Yamasuki (Asa Moto Rework),No,,Identified,,,,,,
,19-Ghent-D2,3/17/2024,26,18:18,19-45368-26,Unknown,Unknown,No,https://drive.google.com/file/d/1Db-KRGqmFHMX9on61mprCSmBY248c5yF/view?usp=sharing,Unresolved,,synth,,,,
,19-Ghent-D2,3/17/2024,27,18:22,19-45368-27,Ryuichi Sakamoto,Honneamise (2manydjs Edit),No,,Identified,,"aka ""Prototype A""",,,,
,19-Ghent-D2,3/17/2024,28,18:24,19-45368-28,Grace Jones,Don't Cry - It's Only The Rhythm,No,,Identified,,,,,,
,19-Ghent-D2,3/17/2024,29,18:26,19-45368-29,Grace Jones,Slave to the Rhythm (2manydjs Edit),No,,Identified,,Yet have to ID the version (starts with long aah pad and then isolated percussion). Not the blooded version!,,,,
,19-Ghent-D2,3/17/2024,30,18:32,19-45368-30,Severed Heads,We have come to bless the house,No,https://drive.google.com/file/d/1rRU6Od00GgaApFlqAlmbsYlEqiWDqNgW/view?usp=sharing,Identified,,,,,,
,19-Ghent-D2,3/17/2024,31,18:35,19-45368-31,Madonna,Justify My Love (Q-Sound Mix) (2manydjs Edit),No,,Identified,,,,,,
,19-Ghent-D2,3/17/2024,32,18:38,19-45368-32,Bella Vista,Mister Wong (Disco Dub),No,,Identified,,,,,,
,19-Ghent-D2,3/17/2024,33,18:42,19-45368-33,Will Powers,"Adventures in Success (12"" Vocal)",No,,Identified,,,,,,
,19-Ghent-D2,3/17/2024,34,18:47,19-45368-34,Tone Band,Germany Calling (2manydjs Edit),No,,Identified,,,,,,
,19-Ghent-D2,3/17/2024,35,18:50,19-45368-35,Marvin Gaye,A Funky Space Reincarnation,No,,Identified,,,,,,
,19-Ghent-D2,3/17/2024,36,18:55,19-45368-36,Dennis Parker,Like An Eagle (Despacio Edit),Yes,,Identified,,,,,,
,19-Ghent-D2,3/17/2024,37,19:03,19-45368-37,Japan,Visions of China (2manydjs Edit),No,https://drive.google.com/file/d/1J92TLhy9s1eWYvaO3fg9Kwiutxg8dlGw/view?usp=sharing,Identified,,,,,,
,19-Ghent-D2,3/17/2024,38,19:06,19-45368-38,Syclops,Nelson's Back,No,,Identified,,,,,,
,19-Ghent-D2,3/17/2024,39,19:11,19-45368-39,Rod Stewart,"Passion (12"" Version)",No,,Identified,,,,,,
,19-Ghent-D2,3/17/2024,40,19:16,19-45368-40,Red Axes,Sun My Sweet Sun (Despacio Edit),No,,Identified,,rather slowed down than edited I think (previously credited as 2manydjs edit),,,,
,19-Ghent-D2,3/17/2024,41,19:20,19-45368-41,Sheila Chandra,Lament,No,,Identified,,,,,,
,19-Ghent-D2,3/17/2024,42,19:26,19-45368-42,Adriano Celentano,Prisencolinensinainciusol (GW Ruff Edit),No,,Identified,,,,,,
,19-Ghent-D2,3/17/2024,43,19:30,19-45368-43,Telex,Victime de la Société,No,,Identified,,,,,,
,19-Ghent-D2,3/17/2024,44,19:32,19-45368-44,Jackson 5,Hum Along and Dance,No,,Identified,,,,,,
,19-Ghent-D2,3/17/2024,45,19:38,19-45368-45,Daft Punk,Da Funk,Yes,,Identified,,,,,,
,19-Ghent-D2,3/17/2024,46,19:41,19-45368-46,Bruce Haack,Party Machine,No,,Identified,,,,,,
,19-Ghent-D2,3/17/2024,47,19:45,19-45368-47,Patrick Cowley,Low Down Dirty Rhythm,No,,Identified,,,,,,
,19-Ghent-D2,3/17/2024,48,19:51,19-45368-48,Kool & the Gang,Jungle Boogie (2manydjs Edit),Yes,,Identified,,beginning of edit sounded different than before,,,,
,19-Ghent-D2,3/17/2024,49,19:55,19-45368-49,Chet Faker,Whatever Tomorrow (Soulwax Remix),No,,Identified,,,,,,
,19-Ghent-D2,3/17/2024,50,20:00,19-45368-50,The Equals,Funky Like a Train,No,,Identified,,,,,,
,19-Ghent-D2,3/17/2024,51,20:05,19-45368-51,6th Borough Project,Stratus Quo (Despacio Edit),Yes,,Identified,,,,,,
,19-Ghent-D2,3/17/2024,52,20:10,19-45368-52,Ngozi Family,Sunka Mulamu (2manydjs Edit),No,,Identified,,,,,,
,19-Ghent-D2,3/17/2024,53,20:13,19-45368-53,Free Life,There's Something Better,Yes,,Identified,,,,,,
,19-Ghent-D2,3/17/2024,54,20:16,19-45368-54,Bill Withers,You Got the Stuff,Yes,,Identified,,,,,,
,19-Ghent-D2,3/17/2024,55,20:20,19-45368-55,Zohra,Badala Zamana (Despacio Edit),No,,Identified,,,,,,
,19-Ghent-D2,3/17/2024,56,20:23,19-45368-56,Jean-Yves Labat,Cash,No,,Identified,,,,,,
,19-Ghent-D2,3/17/2024,57,20:27,19-45368-57,Monica,Secret in the Dark (Despacio Edit),Yes,,Identified,,,,,,
,19-Ghent-D2,3/17/2024,58,20:32,19-45368-58,The Cars,A Dream Away,No,,Identified,,,,,,
,19-Ghent-D2,3/17/2024,59,20:37,19-45368-59,Flash and the Pan,"Midnight Man (12"" Extended Version)",No,,Identified,,,,,,
,19-Ghent-D2,3/17/2024,60,20:42,19-45368-60,Waffles,Ca Va,No,https://drive.google.com/file/d/1ONXPH9XC1A7NYEZrx6k4mFRnwvl_O0NS/view?usp=sharing,Identified,,guitar scion/zion?,,,,
,19-Ghent-D2,3/17/2024,61,20:46,19-45368-61,Gaffa,Attitude Dancing (Land of a 1000 Dunces),No,,Identified,,,,,,
,19-Ghent-D2,3/17/2024,62,20:49,19-45368-62,Warren Zevon,Nighttime in the Switching Yard (2manydjs Edit),No,,Identified,,,,,,
,19-Ghent-D2,3/17/2024,63,20:52,19-45368-63,Prinzhorn Dance School,You Are the Space Invader (Optimo Espacio Mix),No,,Identified,,,,,,
,19-Ghent-D2,3/17/2024,64,20:57,19-45368-64,Gust,Tarzan es men Blinken,No,,Identified,,,,,,
,19-Ghent-D2,3/17/2024,65,21:00,19-45368-65,Tiga,Good as Gold,No,,Identified,,,,,,
,19-Ghent-D2,3/17/2024,66,21:05,19-45368-66,Vision,Lucifer's Friend,No,,Identified,,,,,,
,19-Ghent-D2,3/17/2024,67,21:09,19-45368-67,Marie Davidson,Unknown (Unknown Version),No,,Identified,,"Thank you, Nico Jack! ",,,,
,19-Ghent-D2,3/17/2024,68,21:15,19-45368-68,Hot Chocolate,Mindless Boogie (Extended Version),No,,Identified,,,,,,
,19-Ghent-D2,3/17/2024,69,21:18,19-45368-69,Shit Robot,Shit Robot,No,,Identified,,,,,,
,19-Ghent-D2,3/17/2024,70,21:22,19-45368-70,Headman,It Rough (Chicken Lips Remix),Yes,,Identified,,,,,,
,19-Ghent-D2,3/17/2024,71,21:26,19-45368-71,Charlotte Adigéry & Bolis Pupul,Cliché (Soulwax Remix),Yes,,Identified,,,,,,
,19-Ghent-D2,3/17/2024,72,21:31,19-45368-72,The Patchouli Brothers,"Cheat, Lie, Kill, Die",No,,Identified,,,,,,
,19-Ghent-D2,3/17/2024,73,21:36,19-45368-73,Skatt Bros,Walk the Night,No,,Identified,,,,,,
,19-Ghent-D2,3/17/2024,74,21:40,19-45368-74,Rubber Band,Caoutchouc,No,,Identified,,,,,,
,19-Ghent-D2,3/17/2024,75,21:44,19-45368-75,Rose Royce,R R Express,No,,Identified,,,,,,
,19-Ghent-D2,3/17/2024,76,21:51,19-45368-76,Plastic Bertrand,Tout Petit La Planète,No,,Identified,,,,,,
,19-Ghent-D2,3/17/2024,77,21:53,19-45368-77,Bohannon,Bohannon,Yes,,Identified,,,,,,
,19-Ghent-D2,3/17/2024,78,21:58,19-45368-78,Harry Thumann,"Underwater (12"" Extended Version)",Yes,,Identified,,,,,,
,19-Ghent-D2,3/17/2024,79,22:10,19-45368-79,Kraftwerk,Numbers / Computer World 2,Yes,,Identified,,,,,,
,,,,,,,,,,,,,,,,
,,,,,,,,,,,,,,,,
,,,,,,,,,,,,,,,,
,,,,,,,,,,,,,,,,
,,,,,,,,,,,,,,,,
,,,,,,,,,,,,,,,,
,,,,,,8,,,,,,,,,,
,,,,,,162,,,,,,,,,,
,,,,,,0.950617284,,,,,,,,,,
