,Show ID,Date,Ord,Time,Unique ID,Artist,Title,Ball,Recording URL,Identification Status,Status / Notes,Comments,YouTube,Statistics,
,,,,,,,,,,Administrative,unordered list (not sure where these go yet... ),,,Tracks,94
,20-Portola-D1,9/20/2025,??,??,,Molly Nilsson,Mona-Lisa's Smile,No,,Identified,,,,Tracks without ID,8
,,9/20/2025,??,??,,Acid Kids,I Love You (Soulwax Edit),No,,Identified,,"Based on edit taken from Radio Soulwax mix ""This Is Belgium Pt 1: New Beat""",,Percent identified,91.49%
,20-Portola-D1,9/20/2025,??,??,,Peter Matson & JKriv,Ewesse Ye (feat. Samy Love),No,,Identified,,,,,
,,,,,,,,,,Administrative,this is a group effort by reddit.com/r/despacio and discord.gg/despacio | ordered list: day 1,,,,
,20-Portola-D1,9/20/2025,01,15:15,20-45920-01,Unknown,Unknown,No,https://discord.com/channels/1100861098124648459/1101542763834646528/1420857047292973106,Unresolved,,,,,
,20-Portola-D1,9/20/2025,02,15:15 + ??,20-45920-02,Unknown,Unknown,No,,Unresolved,Recording missing,,,,
,20-Portola-D1,9/20/2025,03,15:15 + ??,20-45920-03,Unknown,Unknown,No,,Unresolved,Recording missing,,,,
,20-Portola-D1,9/20/2025,04,15:15 + ??,20-45920-04,Unknown,Unknown,No,,Unresolved,Recording missing,,,,
,20-Portola-D1,9/20/2025,05,15:38,20-45920-05,Edwin Starr,Get Up Whirlpool (Eric Duncan Edit),Yes,,Identified,,,https://www.youtube.com/watch?v=gm0Eduh1_-4,,
,20-Portola-D1,9/20/2025,06,15:43,20-45920-06,Tumblack,Vaudou (2manydjs Edit),No,https://discord.com/channels/1100861098124648459/1101542763834646528/1421277605222678669,Identified,DAY 1,"Youncs writes: ""could be Mystery Man by Clive Steven’s and Brainchild"" could be ""Lamuka by Zazou / Bikye/ Cy1?""",,,
,20-Portola-D1,9/20/2025,07,15:45,20-45920-07,Eddie Hooper,Tomorrow's Sun,No,,Identified,,,https://www.youtube.com/watch?v=8IAUtzg7Pv0,,
,20-Portola-D1,9/20/2025,08,15:51,20-45920-08,Jeanette,¿Por qué te vas? (2manydjs Edit),No,,Identified,,,https://www.youtube.com/watch?v=TjUhXbGdLYo,,
,20-Portola-D1,9/20/2025,09,15:57,20-45920-09,group O,The Answer Machine (feat. Okay Kaya),No,,Identified,,,https://www.youtube.com/watch?v=rDnk5kyHgqk,,
,20-Portola-D1,9/20/2025,10,15:59,20-45920-10,Clive Stevens & Brainchild,Mystery Man,No,,Identified,,,https://www.youtube.com/watch?v=qv6AhgNkUVU,,
,20-Portola-D1,9/20/2025,11,16:04,20-45920-11,Peter Brown,The Singer's Become a Dancer (Despacio Edit),No,,Identified,,,https://www.youtube.com/watch?v=SjWZY76zZgg,,
,20-Portola-D1,9/20/2025,12,16:09,20-45920-12,Carly Simon,"Why (12"" Version)",No,,Identified,,,,,
,20-Portola-D1,9/20/2025,13,16:12,20-45920-13,Clout,Sunshine Baby,No,,Identified,,,,,
,20-Portola-D1,9/20/2025,14,16:17,20-45920-14,Love International,Airport of Love,No,,Identified,, ,,,
,20-Portola-D1,9/20/2025,15,16:21,20-45920-15,Zazou Bikaye & CY1,Lamuka,No,,Identified,,,,,
,20-Portola-D1,9/20/2025,16,16:25,20-45920-16,Prince,When We're Dancing Close and Slow (Unknown Version),No,,Identified,,"Could be OG, but i need to spend more time to cross compare. Vocals are not often in this song.",,,
,20-Portola-D1,9/20/2025,17,16:29,20-45920-17,Santi Arisa & La Tribu,Au Vinga Pica,No,,Identified,,,,,
,20-Portola-D1,9/20/2025,18,16:31,20-45920-18,The Peppers,Hot Caramel (Soulwax Remix),No,,Identified,,,,,
,20-Portola-D1,9/20/2025,19,16:35,20-45920-19,Stano,White Field (In Isis),No,,Identified,DAY 1,,,,
,20-Portola-D1,9/20/2025,20,16:38,20-45920-20,Sandii & The Sunsetz,An Antenna,No,,Identified,,,,,
,20-Portola-D1,9/20/2025,21,16:42,20-45920-21,Sky,Westway,No,,Identified,,,,,
,20-Portola-D1,9/20/2025,22,16:45,20-45920-22,Daniel Ögren,Annalena,No,,Identified,,,https://www.youtube.com/watch?v=uQRir_-qEXw,,
,20-Portola-D1,9/20/2025,23,16:48,20-45920-23,Nicola Cruz,Aima,No,,Identified,,,https://www.youtube.com/watch?v=iauC-Co9TXI,,
,20-Portola-D1,9/20/2025,24,16:51,20-45920-24,Mina,Capisco (2manydjs Edit),No,,Identified,,,https://www.youtube.com/watch?v=Caj6xpjZmZs,,
,20-Portola-D1,9/20/2025,25,16:56,20-45920-25,BEGIN,Day Pulse,No,,Identified,,,,,
,20-Portola-D1,9/20/2025,26,17:00,20-45920-26,Topo,"Ba Ba Go, Go",No,,Identified,,Marriage proposal made during this song.,https://www.youtube.com/watch?v=uct2FMRColk,,
,20-Portola-D1,9/20/2025,27,17:04,20-45920-27,Billy Idol,Flesh For Fantasy (Despacio Edit),No,,Identified,,,,,
,20-Portola-D1,9/20/2025,28,17:15,20-45920-28,Barış Manço,Sarı Çizmeli Mehmet Ağa,No,,Identified,,,,,
,20-Portola-D1,9/20/2025,29,17:19,20-45920-29,Dennis Parker,Like An Eagle (Despacio Edit),Yes,,Identified,,,,,
,20-Portola-D1,9/20/2025,30,17:27,20-45920-30,Grace Jones,Don't Cry - It's Only The Rhythm,No,,Identified,,,https://www.youtube.com/watch?v=ragfuw4XPfg,,
,20-Portola-D1,9/20/2025,31,17:30,20-45920-31,Grace Jones,Slave to the Rhythm (2manydjs Edit),No,,Identified,DAY 1,"Likely a Despacio edit, where the track starts with isolated percussion",,,
,20-Portola-D1,9/20/2025,32,17:34,20-45920-32,Modsleep,Women Don't Want to Love Me,Unknown,https://discord.com/channels/1100861098124648459/1101542763834646528/1421912476911403251,Identified,,uncertain on version but this is definitely close. original is by chicago,https://www.youtube.com/watch?v=tZF96lXpFA4,,
,20-Portola-D1,9/20/2025,33,17:38,20-45920-33,Kel-Air & Band Band,Tuareg (Hysteric Edit),No,,Identified,,,https://www.youtube.com/watch?v=XAgPHivDEWs,,
,20-Portola-D1,9/20/2025,34,17:42,20-45920-34,Axel Bauer,Cargo,No,recording?!,Identified,,"Despacio edit? Neither the 7"" or 12"" edits (longer intro/outro, some parts cut -sounds like a mix of original+remix from '83)",,,
,20-Portola-D1,9/20/2025,35,17:48,20-45920-35,Unknown,Unknown,Unknown,https://discord.com/channels/1100861098124648459/1101542763834646528/1421914147620131029,Unresolved,,,,,
,20-Portola-D1,9/20/2025,36,17:51,20-45920-36,Who's Who,Dancin' Machine (2manydjs Edit),,,Identified,,,,,
,20-Portola-D1,9/20/2025,37,17:55,20-45920-37,Marsha Hunt's 22,"(Oh, No! Not!) The Beast Day",No,,Identified,,,https://www.youtube.com/watch?v=UNbg68mdFkA,,
,20-Portola-D1,9/20/2025,38,17:59,20-45920-38,Japan,Visions of China (2manydjs Edit),No,,Identified,,,,,
,20-Portola-D1,9/20/2025,39,18:04,20-45920-39,The Turtles,I'm Chief Kamanawanalea (We're The Royal Macadamia Nuts) (2manydjs Edit),No,,Identified,,,,,
,20-Portola-D1,9/20/2025,40,18:07,20-45920-40,Stephane Sévérac,Hold On (Extended Mix),Yes,,Identified,,,,,
,20-Portola-D1,9/20/2025,41,18:14,20-45920-41,Kinga,Sexy Boy (Dub),No,https://discord.com/channels/1100861098124648459/1101542763834646528/1421914771611189369,Identified,,,,,
,20-Portola-D1,9/20/2025,42,18:18,20-45920-42,Men Without Hats,The Safety Dance (Despacio Edit),Yes,,Identified,,"Someone else called this the ""Extended Dance Version"" -- do we know whether that's right?",,,
,20-Portola-D1,9/20/2025,43,18:21,20-45920-43,Jeff Britton & The Spitfires,Rub Out,No,,Identified,,,,,
,20-Portola-D1,9/20/2025,44,18:24,20-45920-44,Mahotella Queens,Wozani Mahipi (2manydjs Edit),No,,Identified,,,,,
,20-Portola-D1,9/20/2025,45,18:28,20-45920-45,Red Axes,Sun My Sweet Sun (Despacio Edit),No,,Identified,,Slowed down,,,
,20-Portola-D1,9/20/2025,46,16:36,20-45920-46,The Orb,Little Fluffy Clouds (Cumulo Nimbus Mix),No,,Identified,,,,,
 ,20-Portola-D1,9/20/2025,47,18:41,20-45920-47,Carlos Dafé,O Metrô (2manydjs Edit),No,,Identified,,,,,
,20-Portola-D1,9/20/2025,48,18:46,20-45920-48,Cybe,Bali Pulau Bagus,No,,Identified,,,,,
,20-Portola-D1,9/20/2025,49,18:48,20-45920-49,Daft Punk,Da Funk,Yes,,Identified,,Time stamp per: https://www.reddit.com/r/despacio/comments/1nnhrrj/spiritual/,,,
,20-Portola-D1,9/20/2025,50,18:52,20-45920-50,Sheila Chandra,Lament,No,,Identified,,from album: https://www.discogs.com/master/35531-Sheila-Chandra-The-Struggle,,,
,20-Portola-D1,9/20/2025,51,18:57,20-45920-51,Lata Ramasar,The Greatest Name That Lives (Alessandro Adriani Remix),No,,Identified,,,,,
,20-Portola-D1,9/20/2025,52,19:03,20-45920-52,6th Borough Project,Stratus Quo (Despacio Edit),Unknown,https://discord.com/channels/1100861098124648459/1101542763834646528/1421640084947603647,Identified,,"Edit of ""Status-Quo"" by Donald Banks",,,
,20-Portola-D1,9/20/2025,53,19:10,20-45920-53,Acid Kids,I Love You (Soulwax Edit),Unknown,https://discord.com/channels/1100861098124648459/1101542763834646528/1422702652298498080,Identified,,"there might be another track above this, unsure",https://www.youtube.com/watch?v=23uGt0BR0EM,,
,20-Portola-D1,9/20/2025,54,19:11,20-45920-54,Goblin,Tenebre,No,,Identified,,,,,
,20-Portola-D1,9/20/2025,55,19:15,20-45920-55,L.B. Bad,Just Don't Stop the Dance,Unknown,https://discord.com/channels/1100861098124648459/1101542763834646528/1422704385145835601,Identified,,,,,
,20-Portola-D1,9/20/2025,56,19:19,20-45920-56,Monica,Secret in the Dark (Despacio Edit),Yes,,Identified,,,,,
,20-Portola-D1,9/20/2025,57,19:24,20-45920-57,Daryl Hall & John Oates,I Can't Go for That (No Can Do) (Despacio Edit),Yes,,Identified,,,,,
,20-Portola-D1,9/20/2025,58,19:29,20-45920-58,Waffles,Macao,No,https://discord.com/channels/1100861098124648459/1101542763834646528/1421916499077103657,Identified,,,,,
,20-Portola-D1,9/20/2025,59,19:33,20-45920-59,Soulwax,Run Free (Nite Version),Unknown,,Identified,,,,,
 ,20-Portola-D1,9/20/2025,60,19:40,20-45920-60,INXS,Need You Tonight (Despacio Edit),No,,Identified,,,,,
,20-Portola-D1,9/20/2025,61,19:43,20-45920-61,Waffles,Uganda,No,,Identified,,,,,
,20-Portola-D1,9/20/2025,62,19:48,20-45920-62,Misty Lane,Energy,No,,Identified,,,,,
,20-Portola-D1,9/20/2025,63,19:51,20-45920-63,Björk,Human Behavior (Despacio Edit),No,,Identified,,https://www.google.com/url?q=https://www.reddit.com/r/Portolafestival/comments/1npncpx/comment/ng0xufu/?utm_source%3Dshare%26utm_medium%3Dweb3x%26utm_name%3Dweb3xcss%26utm_term%3D1%26utm_content%3Dshare_button&sa=D&source=editors&ust=1758763549269925&usg=AOvVaw1eJhuZjLY7bsabGbLFKUoE,,,
,20-Portola-D1,9/20/2025,64,19:56,20-45920-64,Marta Acuna,"Dance, Dance, Dance (Unknown Edit)",Yes,,Identified,,,,,
,20-Portola-D1,9/20/2025,65,20:01,20-45920-65,Paul Lowe,Make Things Better,Unknown,,Identified,,,,,
,20-Portola-D1,9/20/2025,66,20:05,20-45920-66,,,Unknown,,Administrative,GAP IN DENLEKKE RECORDING,,,,
,20-Portola-D1,9/20/2025,67,20:12,20-45920-67,Waffles,Uriah,No,,Identified,,,,,
,20-Portola-D1,9/20/2025,68,20:16,20-45920-68,Gaznevada,Oil Tubes,No,,Identified,,,,,
,20-Portola-D1,9/20/2025,69,20:21,20-45920-69,Orlando Riva Sound,Moonboots (Original Mix),No,,Identified,,,,,
,20-Portola-D1,9/20/2025,70,20:26,20-45920-70,Plastic Bertrand,Tout Petit La Planète,No,,Identified,,,,,
,20-Portola-D1,9/20/2025,71,20:29,20-45920-71,Marie Davidson,Push Me Fuckhead (Soulwax Dub Mix),No,,Identified,,,,,
,20-Portola-D1,9/20/2025,72,20:36,20-45920-72,Mim Suleiman,Nyuli (Maurice Fulton Dub),No,https://discord.com/channels/1100861098124648459/1101542763834646528/1421905151819518084,Identified,,,,,
,20-Portola-D1,9/20/2025,73,20:40,20-45920-73,Unknown,Unknown,Unknown,,Unresolved,,,,,
,20-Portola-D1,9/20/2025,74,20:42,20-45920-74,,,Unknown,,Administrative,GAP IN DENLEKKE RECORDING,,,,
,20-Portola-D1,9/20/2025,75,20:47,20-45920-75,Tantra,A Place Called Tarot (Idjut Boys Re-Edit),No,,Identified,,,,,
,20-Portola-D1,9/20/2025,76,20:51,20-45920-76,Ferrara,Love Attack / Get Off The Speakers (Unreleased Soulwax Edit),Unknown,,Identified,,,,,
,20-Portola-D1,9/20/2025,77,20:58,20-45920-77,Yazoo,Situation (Dub Version),Unknown,,Identified,,,,,
,20-Portola-D1,9/20/2025,78,,20-45920-78,Unknown,Unknown,Unknown,,Unresolved,,We need a link to a file ... Possibly a new Soulwax/2manydjs track?,,,
,20-Portola-D1,9/20/2025,79,,20-45920-79,A Number of Names,Sharevari (Vocal),No,,Identified,,,,,
,20-Portola-D1,9/20/2025,80,21:08,20-45920-80,Rubber Band,Caoutchouc,No,,Identified,DAY 1,,,,
,20-Portola-D1,9/20/2025,81,21:15,20-45920-81,Capone,Music Love Song,Yes,,Identified,,"We are disappointed that it was not Capy by Manncool & Trol2000. There may be a legal issue. Timestamp via this comment; ""Have a recording at 9:18PM Day 1 of a song not featured here: https://drive.google.com/file/d/1mPXAu36UN9x4pnq99IgnbtEIl0inukbV/view?usp=sharing""",,,
,20-Portola-D1,9/20/2025,82,21:20,20-45920-82,Watsonian Institute,"New York, New York (Despacio Edit)",No,,Identified,,,,,
,20-Portola-D1,9/20/2025,83,21:23,20-45920-83,Paranoid London & Josh Caffe,Talk Dirty,No,,Identified,,,,,
,20-Portola-D1,9/20/2025,84,21:26,20-45920-84,Conrad Schnitzler Und Gregor Schnitzler,The Shark Eats Ice (2manydjs Edit),No,,Identified,,,,,
,20-Portola-D1,9/20/2025,85,21:31,20-45920-85,Together (DJ Falcon & Thomas Bangalter),Together,No,,Identified,,,,,
,20-Portola-D1,9/20/2025,86,21:37,20-45920-86,George Benson,On Broadway (Live),No,,Identified,,,,,
,20-Portola-D1,9/20/2025,87,21:41,20-45920-87,Sylvester,You Make Me Feel (Mighty Real) (Soulwax for Despacio Remix),Yes,,Identified,,,,,
,20-Portola-D1,9/20/2025,88,21:50,20-45920-88,Headman,It Rough (Chicken Lips Remix),No,,Identified,,,,,
,20-Portola-D1,9/20/2025,89,,20-45920-89,Tres Demented,Demented (Or Just Crazy) (Original Version),No,,Identified,,,,,
,20-Portola-D1,9/20/2025,90,22:00,20-45920-90,LCD Soundsystem,Tonite (2manydjs Edit),Yes,,Identified,,,,,
,20-Portola-D1,9/20/2025,91,,20-45920-91,Jaydee,Plastic Dreams,Yes,,Identified,,,,,
,20-Portola-D1,9/20/2025,92,,20-45920-92,Tame Impala,Let It Happen (Soulwax Remix),Yes,,Identified,DAY 1,FINAL SONG OF THE NIGHT,,,
,,,,,,,,,,,,,,,
,,,,,,,,,,Administrative,this is a group effort by reddit.com/r/despacio and discord.gg/despacio | ordered list: day 2,,,,
,20-Portola-D2,9/21/2025,01,,20-45921-01,Steve Reich,Music For 18 Musicians (Pulse - Sections I - IV),No,,Identified,DAY 2,,,,
,20-Portola-D2,9/21/2025,02,,20-45921-02,Michael Rother,Tiefenschärfe,No,,Identified,,,https://www.youtube.com/watch?v=i0GYZbwSz6w,,
,20-Portola-D2,9/21/2025,03,,20-45921-03,Cha Cha Guitri,Non non non (Despacio Edit),No,,Identified,,,,,
,20-Portola-D2,9/21/2025,04,,20-45921-04,Forbidden Overture,Strictly Forbidden,No,,Identified,,,https://www.youtube.com/watch?v=i3vMuOAZ35Y,,
,20-Portola-D2,9/21/2025,05,,20-45921-05,Barry White,Love Serenade (Pt. II),No,,Identified,,,,,
,20-Portola-D2,9/21/2025,06,,20-45921-06,Unknown,Unknown,No,https://drive.google.com/file/d/1yMYmwAu4fuzvNNhezJ-A3SEaN8-6GJs7/view?usp=sharing,Unresolved,,Possibly a 2manydjs edit,,,
,20-Portola-D2,9/21/2025,07,,20-45921-07,Li Garatonni,Here Is Silence,No,,Identified,,,https://www.youtube.com/watch?v=KuUtRfvLtgQ,,
,20-Portola-D2,9/21/2025,08,,20-45921-08,Ned Doheny,Get It Up For Love,No,,Identified,,,https://www.youtube.com/watch?v=XwouzFuEMKI,,
,20-Portola-D2,9/21/2025,09,16:00,20-45921-09,Anji Cakebread,Dear Computer (Despacio Edit),No,,Identified,,,,,
,20-Portola-D2,9/21/2025,10,,20-45921-10,Hudson-Ford,Daylight (Coyote Edit),No,,Identified,,,,,
,20-Portola-D2,9/21/2025,11,,20-45921-11,James Mason,I Want Your Love,No,,Identified,,,,,
,20-Portola-D2,9/21/2025,12,,20-45921-12,David Bowie,Young Americans (Despacio Edit),No,,Identified,,,,,
,20-Portola-D2,9/21/2025,13,,20-45921-13,Agnetha Fältskog,The Heat Is On,No,,Identified,DAY 2,,,,
,20-Portola-D2,9/21/2025,14,,20-45921-14,Lou Reed,Disco Mystic (2manydjs Edit),No,,Identified,,,,,
,20-Portola-D2,9/21/2025,15,,20-45921-15,Zazou Bikaye & CY1,Lamuka,No,,Identified,,,,,
,20-Portola-D2,9/21/2025,16,,20-45921-16,Chris & Cosey,This Is Me,No,,Identified,,,,,
,20-Portola-D2,9/21/2025,17,,20-45921-17,Barbatuques,Baianá (Wolf Müller's Drum Drop),No,,Identified,,,,,
,20-Portola-D2,9/21/2025,18,,20-45921-18,Robert Palmer,Come Over,No,,Identified,,,,,
,20-Portola-D2,9/21/2025,19,,20-45921-19,The Osmonds,It'll Be Me,No,,Identified,,,https://www.youtube.com/watch?v=9QexiI8qpMo,,
,20-Portola-D2,9/21/2025,20,,20-45921-20,Will Powers,"Adventures in Success (12"" Vocal)",No,,Identified,,,,,
,20-Portola-D2,9/21/2025,21,,20-45921-21,Steel Mind,Boss Man,No,,Identified,,,,,
,20-Portola-D2,9/21/2025,22,,20-45921-22,Eddie Hooper,Tomorrow's Sun,No,,Identified,,,,,
,20-Portola-D2,9/21/2025,23,,20-45921-23,Dennis Parker,Like An Eagle (Despacio Edit),Yes,,Identified,,,,,
,20-Portola-D2,9/21/2025,24,,20-45921-24,The Android Sisters,Ray-Dee-Oh,No,,Identified,,,,,
,20-Portola-D2,9/21/2025,25,,20-45921-25,Donna Summer,State Of Independence,No,,Identified,DAY 2,,,,
,20-Portola-D2,9/21/2025,26,,20-45921-26,Piramis,Mondj Egy Mesét,No,,Identified,,,,,
,20-Portola-D2,9/21/2025,27,,20-45921-27,Goodie,I Wanna Be Your Man,No,,Identified,,,,,
,20-Portola-D2,9/21/2025,28,,20-45921-28,The Fixx,Reach the Beach (Dub),No,,Identified,,,https://youtu.be/Gsx4JPQcmAs?si=CRTb-ao7YMoDM1LS,,
,20-Portola-D2,9/21/2025,29,,20-45921-29,Blue Jazz TV,Chiba Girl (feat. Billy G Robinson),No,,Identified,,,,,
,20-Portola-D2,9/21/2025,30,,20-45921-30,Brian Brain,Working In A Farmyard In A White Suit,No,,Identified,,,,,
,20-Portola-D2,9/21/2025,31,,20-45921-31,DJ Steef,Black Savates,No,,Identified,,"Edit of ""Planet Caravan"" by Black Sabbath",,,
,20-Portola-D2,9/21/2025,32,,20-45921-32,Fuego,Misa Criolla (We Are the Children),No,,Identified,,,,,
,20-Portola-D2,9/21/2025,33,,20-45921-33,Black Meteoric Star,Freaks Only,No,,Identified,,,,,
,20-Portola-D2,9/21/2025,34,,20-45921-34,Unknown,Unknown,Unknown,https://drive.google.com/file/d/1fkwYp2ekuwqYnKCqzP2y7XBdmW8pMAw1/view?usp=sharing,Unresolved,,"""love, love, love"" lyric, woman's voice",,,
,20-Portola-D2,9/21/2025,35,,20-45921-35,DJ Cole Medina,Cole Loves Your Insides Out,Unknown,,Identified,,"Edit of ""Love You Inside Out"" by Bee Gees",,,
,20-Portola-D2,9/21/2025,36,,20-45921-36,Eighties Ladies,Turned On to You (Viva Shade Re-Edit),Unknown,,Identified,,"Easier to find under ""Eighties Ladies""",,,
,20-Portola-D2,9/21/2025,37,18:11,20-45921-37,D.C. La Rue,Do You Want The Real Thing,Unknown,,Identified,DAY 2,,,,
,20-Portola-D2,9/21/2025,38,18:19,20-45921-38,DJ Steef,Triolisme,Unknown,,Identified,,"Edit of ""Triad"" by The Byrds",,,
,20-Portola-D2,9/21/2025,39,,20-45921-39,Sandii,Zoot Kook,Unknown,,Identified,,,,,
,20-Portola-D2,9/21/2025,40,,20-45921-40,Marvin Gaye,A Funky Space Reincarnation,Unknown,,Identified,,,,,
,20-Portola-D2,9/21/2025,41,18:38,20-45921-41,Roy Ayers,Everybody,Unknown,,Identified,,",,",,,
,20-Portola-D2,9/21/2025,42,,20-45921-42,Suicide,Misery Train,Unknown,,Identified,,,,,
,20-Portola-D2,9/21/2025,43,,20-45921-43,Joe Tex,I Gotcha,Unknown,,Identified,,,,,
,20-Portola-D2,9/21/2025,44,,20-45921-44,Steve Miller Band,Space Intro,Unknown,,Identified,,,,,
,20-Portola-D2,9/21/2025,45,,20-45921-45,Steve Miller Band,Fly Like an Eagle,Unknown,,Identified,,,,,
,20-Portola-D2,9/21/2025,46,,20-45921-46,"Beauregard, Violletti & Ste-Claire",Ce Soir (Je Sens Que Tout Peut M'arriver) (2manydjs Edit),Unknown,,Identified,,,,,
,20-Portola-D2,9/21/2025,47,,20-45921-47,Francis The Great,Look Up In The Sky (2manydjs Edit),Unknown,,Identified,,,,,
,20-Portola-D2,9/21/2025,48,19:02,20-45921-48,Syclops,Nelson's Back,Unknown,,Identified,,,,,
,20-Portola-D2,9/21/2025,49,,20-45921-49,Michael Nesmith,Cruisin' (Lucy And Ramona And Sunset Sam),Unknown,,Identified,DAY 2,,,,
,20-Portola-D2,9/21/2025,50,,20-45921-50,Rod Stewart,"Passion (12"" Version)",Unknown,,Identified,,,,,
,20-Portola-D2,9/21/2025,51,,20-45921-51,Charlotte Gainsbourg,Deadly Valentine (Soulwax Remix),Unknown,,Identified,,,,,
,20-Portola-D2,9/21/2025,52,,20-45921-52,Mim Suleiman,Mingi,Unknown,,Identified,,,,,
,20-Portola-D2,9/21/2025,53,,20-45921-53,The Flying Lizards,A-Train,Unknown,,Identified,,,,,
,20-Portola-D2,9/21/2025,54,,20-45921-54,Bullion,It's No Spirit (Unreleased Soulwax Remix),Unknown,,Identified,,,,,
,20-Portola-D2,9/21/2025,55,,20-45921-55,Unknown,Unknown,Unknown,https://drive.google.com/file/d/1Stp3YjSD7szoaj5gGuNOYfREkIrY6KaC/view?usp=sharing,Unresolved,,,,,
,20-Portola-D2,9/21/2025,56,,20-45921-56,Free Life,There's Something Better,Yes,,Identified,,,,,
,20-Portola-D2,9/21/2025,57,,20-45921-57,Queen,Another One Bites the Dust (Despacio Edit),Yes,,Identified,,,,,
,20-Portola-D2,9/21/2025,58,19:54,20-45921-58,The Equals,Funky Like a Train,Unknown,,Identified,,,,,
,20-Portola-D2,9/21/2025,59,,20-45921-59,Kool & the Gang,Jungle Boogie (2manydjs Edit),Yes,,Identified,,,,,
,20-Portola-D2,9/21/2025,60,,20-45921-60,Zohra,Badala Zamana (Despacio Edit),Unknown,,Identified,,,,,
,20-Portola-D2,9/21/2025,61,,20-45921-61,Jayson Green & The Jerk,Local Jerk,Unknown,,Identified,DAY 2,,,,
,20-Portola-D2,9/21/2025,62,,20-45921-62,Unknown,Unknown,Unknown,https://drive.google.com/file/d/1XkBt8ZFSXquhMZDvdiveFd1trXGK8C5e/view?usp=sharing,Unresolved,,,,,
,20-Portola-D2,9/21/2025,63,,20-45921-63,Francis Bebey,Forest Nativity (Red Axes Edit),Unknown,,Identified,,,,,
,20-Portola-D2,9/21/2025,64,,20-45921-64,Shoc Corridor,Iceberg,Unknown,,Identified,,,,,
,20-Portola-D2,9/21/2025,65,,20-45921-65,Waffles,Hankuri,Unknown,,Identified,,,,,
,20-Portola-D2,9/21/2025,66,,20-45921-66,Celi Bee & The Buzzy Bunch,Superman,Unknown,,Identified,,,,,
,20-Portola-D2,9/21/2025,67,,20-45921-67,Magnus Uggla,Sommartid (1981 Remix),Unknown,,Identified,,,,,
,20-Portola-D2,9/21/2025,68,,20-45921-68,Paul Lowe,Make Things Better,Unknown,,Identified,,https://discord.com/channels/1100861098124648459/1101194648241852526/1419595485953392733,,,
,20-Portola-D2,9/21/2025,69,,20-45921-69,6th Borough Project,Stratus Quo (Despacio Edit),Unknown,,Identified,,"Edit of ""Status-Quo"" by Donald Banks",,,
,20-Portola-D2,9/21/2025,70,,20-45921-70,Stupid Human,Swamp Funk,Unknown,,Identified,,"Edit of ""I Wanna Do The Do"" by Bobby Rush.",,,
,20-Portola-D2,9/21/2025,71,,20-45921-71,Albion,Disco Chopper,Unknown,https://drive.google.com/file/d/1cO3-IVqWviUBZPhAqq1UZiXB-MtJReAw/view?usp=sharing,Identified,,"Edit of ""Disco Chopper"" by Ten",,,
,20-Portola-D2,9/21/2025,72,,20-45921-72,Anne Clark,Our Darkness (Dub Mix),Unknown,https://drive.google.com/file/d/1hhQekYB1bS009XK-Z4LaGZeHzkqAHMbk/view?usp=sharing,Identified,,youtube.com/watch?si=PJA_jEJTZbOESAZL&v=kb_-Egat6ew&feature=youtu.be,,,
,20-Portola-D2,9/21/2025,73,,20-45921-73,Unknown,Unknown,Unknown,https://drive.google.com/file/d/1p4k_-Cm9jvrR7K6prxQC6cNKD1kaseIA/view?usp=sharing,Unresolved,DAY 2,,,,
,20-Portola-D2,9/21/2025,74,,20-45921-74,Unknown,Unknown,Unknown,https://drive.google.com/file/d/1gqpLfiOo-baPPwGnAmU_wU5t76cAHiNm/view?usp=sharing,Unresolved,,,,,
,20-Portola-D2,9/21/2025,75,,20-45921-75,A Guy Called Gerald,Voodoo Ray,Unknown,,Identified,,,,,
,20-Portola-D2,9/21/2025,76,,20-45921-76,Unknown,Unknown,Unknown,https://drive.google.com/file/d/1f7pfiVjPRxXGJMPoKha88r-TkX0En0tx/view?usp=sharing,Unresolved,,,,,
,20-Portola-D2,9/21/2025,77,,20-45921-77,Marie Davidson,Push Me Fuckhead (Soulwax Dub Mix),Unknown,,Identified,,,,,
,20-Portola-D2,9/21/2025,78,,20-45921-78,Nitzer Ebb,Join In The Chant (Burn!),Unknown,,Identified,,,,,
,20-Portola-D2,9/21/2025,79,,20-45921-79,Gaffa,Attitude Dancing (Land of a 1000 Dunces),Unknown,,Identified,,,,,
,20-Portola-D2,9/21/2025,80,,20-45921-80,Gaznevada,I.C. Love Affair (Chinese Version),Unknown,,Identified,,,https://youtu.be/JfprgSNz6UU?si=GAYijcxBKdVN7WWs,,
,20-Portola-D2,9/21/2025,81,,20-45921-81,Charlotte Adigéry & Bolis Pupul,Cliché (Soulwax Remix),Yes,,Identified,,,,,
,20-Portola-D2,9/21/2025,82,,20-45921-82,Unknown,Unknown,Unknown,https://drive.google.com/file/d/1ROHBU6EgkW_nL9vaNX6QVEV73mNnkMwC/view?usp=sharing,Unresolved,,,,,
,20-Portola-D2,9/21/2025,83,,20-45921-83,Hamilton Bohannon,"Let's Start the Dance (12"" Version)",No,,Identified,,,,,
,20-Portola-D2,9/21/2025,84,,20-45921-84,Harry Thumann,"Underwater (12"" Extended Version)",Yes,,Identified,,,,,
,20-Portola-D2,9/21/2025,85,21:50,20-45921-85,Prinzhorn Dance School,You Are the Space Invader (Optimo Espacio Mix),No,,Identified,DAY 2,RIP Keith (JD Twitch),,,
,20-Portola-D2,9/21/2025,86,,20-45921-86,Flash and the Pan,"Midnight Man (12"" Extended Version)",No,,Identified,,,,,
,20-Portola-D2,9/21/2025,87,,20-45921-87,Bee Gees,You Should Be Dancin' (Todd Terje Edit),Yes,,Identified,,,,,
,20-Portola-D2,9/21/2025,88,,20-45921-88,Stone City Band,All Day and All of the Night (Unknown Edit),No,https://drive.google.com/file/d/1DQ3iXRT4UJ7cwHS_9yymSaK2Vau4zY15/view?usp=sharing,Identified,,,,,
,20-Portola-D2,9/21/2025,89,,20-45921-89,Kraftwerk,Numbers,Yes,,Identified,,,,,
,20-Portola-D2,9/21/2025,90,,20-45921-90,Kraftwerk,Computer World 2,Yes,,Identified,,,,,
,20-Portola-D2,9/21/2025,91,,20-45921-91,Headman,It Rough (Chicken Lips Remix),No,,Identified,,,,,
,20-Portola-D2,9/21/2025,92,,20-45921-92,The Fantasy,Summer Night in Harlem,No,,Identified,,"Edit of ""Harlem"" by Bill Withers",,,
,20-Portola-D2,9/21/2025,93,,20-45921-93,Oliver Sim,Sensitive Child (Soulwax Remix),No,,Identified,,,,,
,20-Portola-D2,9/21/2025,94,,20-45921-94,The Beatles,Here Comes the Sun (Despacio Edit),Yes,,Identified,,FINAL SONG OF THE NIGHT,,,
,,,,,,,,,,,,,,,
,,,,,,,,,,,,,,,
,,,,,,,,,,,,,,,
,,,,,,15,,,,,,,,,
