Tab,File,Rows
Canonical Tracks,canonical-tracks.csv,539
22-San Francisco,22-san-francisco.csv,270
21-Miami,21-miami.csv,253
20-San Francisco,20-san-francisco.csv,194
19-Ghent,19-ghent.csv,167
18-Miami,18-miami.csv,210
17-Indio,17-indio.csv,483
16-Miami,16-miami.csv,1
15-Pasadena (TANP),15-pasadena-tanp.csv,154
13-Barcelona (Sonar 2018),13-barcelona-sonar-2018.csv,6
10-New York (Panorama),10-new-york-panorama.csv,15
9-Indio,9-indio.csv,42
5-Glastonbury,5-glastonbury.csv,3
4-Barcelona (Sonar 2014),4-barcelona-sonar-2014.csv,7
3-Camden Roundhouse,3-camden-roundhouse.csv,4
2-Hammersmith,2-hammersmith.csv,2
1-Manchester,1-manchester.csv,23
Song DB,song-db.csv,795
Spotify Playlist Export (Jul 20,spotify-playlist-export-jul-20.csv,668
megalist,megalist.csv,1133
Unknowns,unknowns.csv,194
