Artist,Title,Played at 1,Played at 2,Played at 3,Played at 4,Played at 5,Played at 6,Played at 7,Played at 8,Played at 9,Played at 10,Played at 11,Played at 12,Occurrences
Dennis Parker,Like An Eagle (Despacio Edit),9-Indio-W2,15-TANP-D1,17-Indio-D1,17-Indio-D2,17-Indio-D6,18-Miami-D2,19-Ghent-D1,19-Ghent-D2,20-Portola-D1,20-Portola-D2,21-Miami-D2,22-Portola-D1,12
The Beatles,Here Comes the Sun (Despacio Edit),15-TANP-D1,18-Miami-D2,19-Ghent-D1,20-Portola-D2,21-Miami-D2,17-Indio-D3,3-Camden Roundhouse,4-Barcelona,9-Indio-W2,22-Portola-D3,,,10
Daryl Hall & John Oates,I Can't Go for That (No Can Do) (Despacio Edit),15-TANP-D1,17-Indio-D4,19-Ghent-D1,20-Portola-D1,21-Miami-D2,9-Indio-W2,15-TANP-D2,18-Miami-D1,13-Barcelona,22-Portola-D2,,,10
Kool & the Gang,Jungle Boogie (2manydjs Edit),17-Indio-D2,17-Indio-D6,18-Miami-D1,19-Ghent-D2,20-Portola-D2,21-Miami-D2,15-TANP-D2,9-Indio-W2,10-New York,22-Portola-D1,,,10
Men Without Hats,The Safety Dance (Despacio Edit),17-Indio-D3,15-TANP-D1,17-Indio-D4,17-Indio-D6,18-Miami-D2,19-Ghent-D1,20-Portola-D1,21-Miami-D1,9-Indio-W1,22-Portola-D2,,,10
Topo,"Ba Ba Go, Go",17-Indio-D1,15-TANP-D1,17-Indio-D4,17-Indio-D6,19-Ghent-D1,20-Portola-D1,21-Miami-D2,9-Indio,10-New York,22-Portola-D2,,,10
Charlotte Gainsbourg,Deadly Valentine (Soulwax Remix),15-TANP-D1,15-TANP-D2,17-Indio-D1,17-Indio-D4,19-Ghent-D1,20-Portola-D2,21-Miami-D2,18-Miami-D1,22-Portola-D3,,,,9
Eddie Hooper,Tomorrow's Sun,15-TANP-D1,17-Indio-D1,17-Indio-D4,18-Miami-D1,19-Ghent-D1,20-Portola-D1,20-Portola-D2,21-Miami-D1,22-Portola-D2,,,,9
Edwin Starr,Get Up Whirlpool (Eric Duncan Edit),15-TANP-D1,17-Indio-D2,17-Indio-D4,17-Indio-D5,18-Miami-D2,19-Ghent-D1,20-Portola-D1,21-Miami-D1,22-Portola-D1,,,,9
Marta Acuna,"Dance, Dance, Dance (2manydjs Edit)",15-TANP-D1,18-Miami-D1,19-Ghent-D1,17-Indio-D2,17-Indio-D6,17-Indio-D4,20-Portola-D1,21-Miami-D2,22-Portola-D2,,,,9
Mim Suleiman,Nyuli (Maurice Fulton Dub),15-TANP-D2,17-Indio-D4,17-Indio-D6,18-Miami-D1,21-Miami-D2,17-Indio-D2,20-Portola-D1,19-Ghent-D1,22-Portola-D1,,,,9
Queen,Another One Bites the Dust (Despacio Edit),17-Indio-D3,17-Indio-D5,18-Miami-D2,19-Ghent-D1,20-Portola-D2,1-Manchester,9-Indio-W2,21-Miami-D2,22-Portola-D3,,,,9
Sky,Westway,15-TANP-D2,17-Indio-D2,17-Indio-D4,17-Indio-D6,18-Miami-D1,19-Ghent-D1,20-Portola-D1,21-Miami-D1,22-Portola-D1,,,,9
Uele Kalabubu Et Sa Tribu,Matata (2manydjs Edit),15-TANP-D1,17-Indio-D2,17-Indio-D3,17-Indio-D4,18-Miami-D2,19-Ghent-D1,21-Miami,21-Miami-D1,22-Portola-D2,,,,9
Will Powers,"Adventures in Success (12"" Vocal)",15-TANP-D1,17-Indio-D2,17-Indio-D5,18-Miami-D2,19-Ghent-D2,21-Miami-D2,9-Indio-W2,20-Portola-D2,22-Portola-D2,,,,9
Agnetha Fältskog,The Heat Is On,15-TANP-D1,17-Indio-D1,17-Indio-D4,18-Miami-D1,19-Ghent-D2,20-Portola-D2,21-Miami-D2,22-Portola-D1,,,,,8
Billy Idol,Flesh For Fantasy (Despacio Edit),20-Portola-D1,15-TANP-D1,17-Indio-D1,17-Indio-D5,17-Indio-D6,19-Ghent-D1,21-Miami-D1,22-Portola-D3,,,,,8
Black Meteoric Star,Freaks Only,15-TANP-D1,17-Indio-D1,17-Indio-D5,18-Miami-D2,19-Ghent-D1,20-Portola-D2,21-Miami-D2,22-Portola-D3,,,,,8
Clive Stevens & Brainchild,Mystery Man,15-TANP-D1,17-Indio-D3,17-Indio-D5,21-Miami-D2,18-Miami-D2,19-Ghent-D1,20-Portola-D1,22-Portola-D1,,,,,8
Japan,Visions of China (2manydjs Edit),15-TANP-D1,17-Indio-D3,17-Indio-D6,18-Miami-D2,19-Ghent-D2,20-Portola-D1,21-Miami-D2,,,,,,7
Love International,Airport of Love,15-TANP-D1,17-Indio-D1,17-Indio-D4,18-Miami-D2,19-Ghent-D1,20-Portola-D1,21-Miami-D2,22-Portola-D2,,,,,8
Melanie,Got My Mojo Working,9-Indio-W2,15-TANP-D2,17-Indio-D1,18-Miami-D2,17-Indio-D4,19-Ghent-D1,21-Miami-D2,,,,,,7
Mina,Capisco (2manydjs Edit),15-TANP-D1,17-Indio-D1,17-Indio-D5,18-Miami-D2,19-Ghent-D1,20-Portola-D1,21-Miami-D2,22-Portola-D1,,,,,8
Ned Doheny,Get It Up For Love,15-TANP-D1,17-Indio-D1,17-Indio-D5,18-Miami-D1,19-Ghent-D1,20-Portola-D2,21-Miami-D2,22-Portola-D3,,,,,8
Red Axes,Sun My Sweet Sun (Despacio Edit),17-Indio-D2,17-Indio-D4,17-Indio-D6,20-Portola-D1,21-Miami-D1,18-Miami-D2,19-Ghent-D2,,,,,,7
Robert Palmer,Come Over,15-TANP-D1,17-Indio-D5,17-Indio-D6,18-Miami-D1,19-Ghent-D1,20-Portola-D2,21-Miami-D1,,,,,,7
Rubber Band,Caoutchouc,15-TANP-D1,15-TANP-D2,17-Indio-D2,17-Indio-D5,18-Miami-D1,19-Ghent-D2,20-Portola-D1,22-Portola-D2,,,,,8
Skatt Bros,Walk the Night,15-TANP-D1,17-Indio-D2,17-Indio-D4,17-Indio-D5,19-Ghent-D2,18-Miami-D1,18-Miami-D3,22-Portola-D2,,,,,8
Stephane Sévérac,Hold On (Extended Mix),15-TANP-D1,17-Indio-D1,17-Indio-D6,18-Miami-D2,19-Ghent-D1,20-Portola-D1,21-Miami-D3,22-Portola-D2,,,,,8
Syclops,Nelson's Back,3-Camden Roundhouse,17-Indio-D1,17-Indio-D3,17-Indio-D6,19-Ghent-D2,20-Portola-D2,21-Miami-D3,22-Portola-D3,,,,,8
Waffles,Macao,15-TANP-D1,17-Indio-D1,17-Indio-D4,18-Miami-D1,19-Ghent-D1,20-Portola-D1,21-Miami-D3,22-Portola-D3,,,,,8
Warren Zevon,Nighttime in the Switching Yard (2manydjs Edit),18-Miami-D2,17-Indio-D3,17-Indio-D4,19-Ghent-D2,5-Glastonbury,4-Barcelona,21-Miami-D3,,,,,,7
6th Borough Project,Stratus Quo (Despacio Edit),17-Indio-D5,17-Indio-D2,18-Miami-D1,20-Portola-D1,20-Portola-D2,19-Ghent-D2,22-Portola-D2,,,,,,7
Art of Noise,Moments in Love (Beaten),15-TANP-D1,15-TANP-D2,17-Indio-D1,19-Ghent-D2,17-Indio-D5,18-Miami-D2,22-Portola-D2,,,,,,7
Barış Manço,Sarı Çizmeli Mehmet Ağa,21-Miami-D1,17-Indio-D4,17-Indio-D6,18-Miami-D1,19-Ghent-D1,20-Portola-D1,22-Portola-D2,,,,,,7
Bob Moses & Billy Martin,"Nana? Nono, Nene!",15-TANP-D1,17-Indio-D5,18-Miami-D1,19-Ghent-D1,21-Miami,17-Indio-D1,22-Portola-D1,,,,,,7
Steel Mind,Boss Man,17-Indio-D1,18-Miami-D1,17-Indio-D5,19-Ghent-D1,20-Portola-D2,21-Miami-D2,22-Portola-D1,,,,,,7
Carly Simon,"Why (12"" Version)",17-Indio-D1,17-Indio-D6,18-Miami-D1,9-Indio,15-TANP-D1,20-Portola-D1,,,,,,,6
Charlotte Adigéry & Bolis Pupul,Cliché (Soulwax Remix),15-TANP-D1,18-Miami-D2,20-Portola-D2,21-Miami-D2,19-Ghent-D2,15-TANP-D2,22-Portola-D3,,,,,,7
Daft Punk,Da Funk,10-New York,17-Indio-D6,18-Miami-D3,19-Ghent-D2,20-Portola-D1,21-Miami-D3,,,,,,,6
David Bowie,Young Americans (Despacio Edit),15-TANP-D1,17-Indio-D1,18-Miami-D2,20-Portola-D2,21-Miami-D2,9-Indio-W2,22-Portola-D1,,,,,,7
Fern Kinney,Baby Let Me Kiss You,15-TANP-D1,17-Indio-D1,17-Indio-D5,18-Miami-D2,19-Ghent-D2,21-Miami-D1,22-Portola-D2,,,,,,7
Ferrara,Love Attack / Get Off The Speakers (Unreleased Soulwax Edit),15-TANP-D1,17-Indio-D2,17-Indio-D5,18-Miami-D3,19-Ghent-D1,20-Portola-D1,,,,,,,6
Flash and the Pan,"Midnight Man (12"" Extended Version)",17-Indio-D2,19-Ghent-D2,20-Portola-D2,21-Miami-D2,10-New York,18-Miami-D3,22-Portola-D2,,,,,,7
Harry Thumann,"Underwater (12"" Extended Version)",15-TANP-D1,18-Miami-D2,19-Ghent-D2,20-Portola-D2,21-Miami-D2,17-Indio-D1,,,,,,,6
Headman,It Rough (Chicken Lips Remix),15-TANP-D2,17-Indio-D4,18-Miami-D2,19-Ghent-D2,20-Portola-D1,20-Portola-D2,,,,,,,6
Heart,Magic Man,15-TANP-D1,17-Indio-D1,17-Indio-D4,18-Miami-D1,19-Ghent-D1,21-Miami-D3,22-Portola-D2,,,,,,7
Hot Chocolate,Mindless Boogie (Extended Version),15-TANP-D2,17-Indio-D5,17-Indio-D6,18-Miami-D1,19-Ghent-D2,21-Miami-D2,22-Portola-D2,,,,,,7
Hudson-Ford,Daylight (Coyote Edit),15-TANP-D1,17-Indio-D1,17-Indio-D3,19-Ghent-D1,20-Portola-D2,18-Miami-D1,,,,,,,6
Lil' Louis & The World,French Kiss (The Original Underground Mix),4-Barcelona,15-TANP-D1,17-Indio-D3,17-Indio-D6,18-Miami-D3,15-TANP-D2,,,,,,,6
Mahotella Queens,Wozani Mahipi (2manydjs Edit),17-Indio-D2,17-Indio-D6,18-Miami-D2,19-Ghent-D1,20-Portola-D1,21-Miami-D2,22-Portola-D3,,,,,,7
Monica,Secret in the Dark (Despacio Edit),17-Indio-D2,17-Indio-D4,18-Miami-D1,19-Ghent-D2,20-Portola-D1,21-Miami-D1,13-Barcelona,,,,,,7
Peter Brown,The Singer's Become a Dancer (Despacio Edit),17-Indio-D3,18-Miami-D2,19-Ghent-D1,20-Portola-D1,17-Indio-D4,21-Miami-D2,22-Portola-D1,,,,,,7
Prinzhorn Dance School,You Are the Space Invader (Optimo Espacio Mix),19-Ghent-D2,17-Indio-D6,18-Miami-D1,19-Ghent-D1,20-Portola-D2,21-Miami-D1,,,,,,,6
Rod Stewart,"Passion (12"" Version)",15-TANP-D2,17-Indio-D2,17-Indio-D6,18-Miami-D2,19-Ghent-D2,20-Portola-D2,,,,,,,6
Sworn Virgins,Fifty Dollar Bills,15-TANP-D1,15-TANP-D2,17-Indio-D1,19-Ghent-D1,21-Miami-D1,18-Miami-D1,22-Portola-D2,,,,,,7
Sylvester,You Make Me Feel (Mighty Real) (Soulwax for Despacio Remix),17-Indio-D5,19-Ghent-D1,20-Portola-D1,21-Miami-D1,18-Miami-D2,15-TANP-D2,22-Portola-D1,,,,,,7
The Peppers,Hot Caramel (Soulwax Remix),15-TANP-D2,17-Indio-D2,18-Miami-D2,19-Ghent-D2,20-Portola-D1,21-Miami-D2,22-Portola-D3,,,,,,7
The Turtles,I'm Chief Kamanawanalea (We're The Royal Macadamia Nuts) (2manydjs Edit),15-TANP-D1,17-Indio-D1,17-Indio-D5,19-Ghent-D1,20-Portola-D1,21-Miami-D1,22-Portola-D1,,,,,,7
Tone Band,Germany Calling (2manydjs Edit),15-TANP-D1,17-Indio-D2,17-Indio-D4,21-Miami-D1,18-Miami-D2,19-Ghent-D2,,,,,,,6
Yazoo,Situation (Dub Version),15-TANP-D2,17-Indio-D1,21-Miami-D1,18-Miami-D1,19-Ghent-D1,20-Portola-D1,22-Portola-D2,,,,,,7
Zazou Bikaye & CY1,Lamuka,15-TANP-D1,17-Indio-D3,20-Portola-D1,20-Portola-D2,18-Miami-D2,19-Ghent-D2,,,,,,,6
Zohra,Badala Zamana (Despacio Edit),17-Indio-D3,18-Miami-D1,19-Ghent-D2,20-Portola-D2,17-Indio-D6,21-Miami-D1,,,,,,,6
Bee Gees,You Should Be Dancin' (Todd Terje Edit),18-Miami-D3,19-Ghent-D1,15-TANP-D2,17-Indio-D6,20-Portola-D2,,,,,,,,5
BEGIN,Day Pulse,15-TANP-D2,17-Indio-D2,18-Miami-D2,20-Portola-D1,21-Miami-D1,22-Portola-D1,,,,,,,6
Blue Jazz TV,Chiba Girl (feat. Billy G Robinson),21-Miami-D2,19-Ghent-D2,17-Indio-D2,17-Indio-D5,20-Portola-D2,,,,,,,,5
Brian Eno & David Byrne,Regiment (2manydjs Edit),15-TANP-D1,21-Miami-D1,21-Miami-D2,17-Indio-D2,17-Indio-D6,22-Portola-D3,,,,,,,6
D.C. La Rue,Do You Want The Real Thing,15-TANP-D1,17-Indio-D2,17-Indio-D6,18-Miami-D2,20-Portola-D2,,,,,,,,5
Ettika,Ettika (2manydjs Edit),15-TANP-D1,17-Indio-D2,17-Indio-D5,19-Ghent-D2,21-Miami-D1,,,,,,,,5
Gaffa,Attitude Dancing (Land of a 1000 Dunces),17-Indio-D2,18-Miami-D2,20-Portola-D2,21-Miami-D3,19-Ghent-D2,22-Portola-D1,,,,,,,6
Haruomi Hosono,Living-Dining-Kitchen,17-Indio-D4,17-Indio-D5,18-Miami-D1,19-Ghent-D1,21-Miami-D3,,,,,,,,5
In Flagranti,Business Acumen,17-Indio-D3,17-Indio-D6,18-Miami-D2,19-Ghent-D1,21-Miami-D1,,,,,,,,5
James Mason,I Want Your Love,15-TANP-D1,17-Indio-D3,19-Ghent-D2,20-Portola-D2,21-Miami-D2,22-Portola-D1,,,,,,,6
Jeanette,¿Por qué te vas? (2manydjs Edit),17-Indio-D4,20-Portola-D1,21-Miami-D1,18-Miami-D2,19-Ghent-D1,,,,,,,,5
Kraftwerk,Computer World 2,15-TANP-D1,17-Indio-D3,17-Indio-D6,20-Portola-D2,21-Miami-D3,,,,,,,,5
Kraftwerk,Numbers,15-TANP-D1,17-Indio-D3,17-Indio-D6,20-Portola-D2,21-Miami-D3,,,,,,,,5
Ngozi Family,Sunka Mulamu (2manydjs Edit),17-Indio-D1,17-Indio-D5,18-Miami-D2,19-Ghent-D2,21-Miami-D3,22-Portola-D1,,,,,,,6
Oliver Sim,Sensitive Child (Soulwax Remix),17-Indio-D6,18-Miami-D1,19-Ghent-D1,20-Portola-D2,21-Miami-D1,,,,,,,,5
Prince,When We're Dancing Close and Slow (Unknown Version),15-TANP-D1,18-Miami-D2,21-Miami-D1,20-Portola-D1,19-Ghent-D2,,,,,,,,5
Roland P. Young,Ballo-Balla (2manydjs Edit),15-TANP-D1,17-Indio-D3,19-Ghent-D2,18-Miami-D1,21-Miami-D2,,,,,,,,5
Ryuichi Sakamoto,Prototype A (2manydjs Edit),17-Indio-D5,15-TANP-D1,17-Indio-D2,18-Miami-D1,21-Miami-D1,,,,,,,,5
Santi Arisa & La Tribu,Au Vinga Pica,15-TANP-D1,21-Miami-D1,20-Portola-D1,17-Indio-D2,17-Indio-D6,,,,,,,,5
Su Kramer,Magic Dance,17-Indio-D3,17-Indio-D5,18-Miami-D2,21-Miami-D1,15-TANP-D2,,,,,,,,5
The Equals,Funky Like a Train,17-Indio-D2,18-Miami-D1,19-Ghent-D2,20-Portola-D2,21-Miami-D2,22-Portola-D3,,,,,,,6
The Orb,Little Fluffy Clouds (Cumulo Nimbus Mix),15-TANP-D2,17-Indio-D4,17-Indio-D6,20-Portola-D1,21-Miami-D2,,,,,,,,5
Tumblack,Vaudou (2manydjs Edit),15-TANP-D1,18-Miami-D1,19-Ghent-D1,20-Portola-D1,21-Miami-D1,22-Portola-D2,22-Portola-D3,,,,,,7
Waffles,Ca Va,15-TANP-D1,17-Indio-D3,17-Indio-D5,19-Ghent-D2,21-Miami-D3,,,,,,,,5
Who's Who,Dancin' Machine (2manydjs Edit),17-Indio-D3,17-Indio-D4,18-Miami-D1,21-Miami-D1,20-Portola-D1,22-Portola-D1,,,,,,,6
4 M International,Space Operator (2manydjs Edit),15-TANP-D1,17-Indio-D3,18-Miami-D2,19-Ghent-D1,22-Portola-D2,,,,,,,,5
A Number of Names,Sharevari (Vocal),18-Miami-D1,17-Indio-D6,21-Miami-D2,20-Portola-D1,22-Portola-D1,,,,,,,,5
Alf Emil Eik,To You,15-TANP-D1,19-Ghent-D2,21-Miami-D2,18-Miami-D2,22-Portola-D3,,,,,,,,5
Sandii & The Sunsetz,An Antenna,17-Indio-D1,17-Indio-D6,18-Miami-D1,20-Portola-D1,22-Portola-D3,,,,,,,,5
Barbatuques,Baianá (Wolf Müller's Drum Drop),17-Indio-D5,17-Indio-D1,20-Portola-D2,21-Miami-D1,22-Portola-D2,,,,,,,,5
Björk,Human Behavior (Despacio Edit),20-Portola-D1,15-TANP-D1,21-Miami-D3,17-Indio-D3,,,,,,,,,4
Hamilton Bohannon,"Let's Start the Dance (12"" Version)",15-TANP-D2,17-Indio-D2,17-Indio-D6,20-Portola-D2,,,,,,,,,4
Casino Music,The Beat Goes On,15-TANP-D1,18-Miami-D1,19-Ghent-D1,21-Miami-D1,22-Portola-D1,,,,,,,,5
Forbidden Overture,Strictly Forbidden,17-Indio-D4,18-Miami-D1,19-Ghent-D1,20-Portola-D2,,,,,,,,,4
Free Life,There's Something Better,17-Indio-D1,19-Ghent-D2,20-Portola-D2,21-Miami-D1,22-Portola-D2,,,,,,,,5
Goodie,I Wanna Be Your Man,17-Indio-D4,18-Miami-D1,19-Ghent-D1,20-Portola-D2,,,,,,,,,4
Grace Jones,Slave to the Rhythm (2manydjs Edit),18-Miami-D1,19-Ghent-D2,17-Indio-D4,20-Portola-D1,,,,,,,,,4
Haruomi Hosono,Sports Men,17-Indio-D4,18-Miami-D2,19-Ghent-D1,21-Miami-D3,22-Portola-D1,22-Portola-D3,,,,,,,6
Jaydee,Plastic Dreams,17-Indio-D2,17-Indio-D5,20-Portola-D1,21-Miami-D3,22-Portola-D3,,,,,,,,5
Loose Joints,Is It All Over My Face? (Larry Levan Remix),9-Indio,18-Miami-D2,17-Indio-D4,17-Indio-D1,,,,,,,,,4
Marvin Gaye,A Funky Space Reincarnation,17-Indio-D2,19-Ghent-D2,20-Portola-D2,21-Miami-D3,,,,,,,,,4
Orlando Riva Sound,Moonboots (Original Mix),17-Indio-D2,17-Indio-D5,21-Miami-D1,20-Portola-D1,,,,,,,,,4
Paul McCartney,Check My Machine,19-Ghent-D2,15-TANP-D1,17-Indio-D3,18-Miami-D2,,,,,,,,,4
Red Rack'em,Wonky Bassline Disco Banger,17-Indio-D4,18-Miami-D3,19-Ghent-D1,21-Miami-D1,,,,,,,,,4
Sandii,Zoot Kook,15-TANP-D1,17-Indio-D6,20-Portola-D2,21-Miami-D1,,,,,,,,,4
Simple Minds,This Fear Of Gods (2manydjs Edit),15-TANP-D1,17-Indio-D3,17-Indio-D4,21-Miami-D1,,,,,,,,,4
Steve Miller Band,Fly Like an Eagle,15-TANP-D2,20-Portola-D2,21-Miami-D1,17-Indio-D2,22-Portola-D3,,,,,,,,5
Steve Monite,Only You (Frankie Francis Disco Jam Edit),18-Miami-D2,21-Miami-D1,17-Indio-D3,17-Indio-D6,22-Portola-D3,,,,,,,,5
Stupid Human,Swamp Funk,17-Indio-D2,18-Miami-D1,20-Portola-D2,21-Miami-D1,,,,,,,,,4
Suicide,Misery Train,17-Indio-D2,19-Ghent-D1,20-Portola-D2,21-Miami-D2,22-Portola-D2,,,,,,,,5
Tame Impala,Let It Happen (Soulwax Remix),18-Miami-D3,20-Portola-D1,9-Indio-W2,10-New York,22-Portola-D1,,,,,,,,5
Tantra,A Place Called Tarot (Idjut Boys Re-Edit),18-Miami-D1,18-Miami-D3,20-Portola-D1,21-Miami-D3,,,,,,,,,4
The Cars,A Dream Away,17-Indio-D4,17-Indio-D6,18-Miami-D3,19-Ghent-D2,,,,,,,,,4
Tiga,Good as Gold,15-TANP-D1,15-TANP-D2,18-Miami-D1,19-Ghent-D2,,,,,,,,,4
Waffles,Uganda,15-TANP-D1,17-Indio-D2,19-Ghent-D1,20-Portola-D1,22-Portola-D2,,,,,,,,5
Yamasuki,Yamasuki (Asa Moto Rework),17-Indio-D4,17-Indio-D6,18-Miami-D2,19-Ghent-D2,,,,,,,,,4
Adriano Celentano,Prisencolinensinainciusol (GW Ruff Edit),19-Ghent-D2,21-Miami-D3,17-Indio-D5,,,,,,,,,,3
Anji Cakebread,Dear Computer (Despacio Edit),19-Ghent-D2,20-Portola-D2,21-Miami-D2,22-Portola-D3,,,,,,,,,4
Barry White,Love Serenade (Pt. II),19-Ghent-D1,20-Portola-D2,21-Miami-D2,,,,,,,,,,3
Baxter Dury,Miami (Parrot and Cocker Too Remix),18-Miami-D2,17-Indio-D1,21-Miami-D2,,,,,,,,,,3
"Beauregard, Violletti & Ste-Claire",Ce Soir (Je Sens Que Tout Peut M'arriver) (2manydjs Edit),15-TANP-D2,17-Indio-D5,20-Portola-D2,,,,,,,,,,3
Bilgeri,Video Life,21-Miami-D1,15-TANP-D2,18-Miami-D1,,,,,,,,,,3
Bill Nelson,Hope for a Heartbeat (Remix) (2manydjs Edit),21-Miami-D2,15-TANP-D1,17-Indio-D4,22-Portola-D2,,,,,,,,,4
Brian Brain,Working In A Farmyard In A White Suit,18-Miami-D1,19-Ghent-D1,20-Portola-D2,22-Portola-D1,,,,,,,,,4
Bullion,It's No Spirit (Unreleased Soulwax Remix),18-Miami-D1,20-Portola-D2,17-Indio-D3,,,,,,,,,,3
Cha Cha Guitri,Non non non (Despacio Edit),20-Portola-D2,21-Miami-D2,19-Ghent-D1,22-Portola-D1,,,,,,,,,4
Clout,Sunshine Baby,18-Miami-D1,19-Ghent-D2,20-Portola-D1,22-Portola-D3,,,,,,,,,4
Crystal Grass,Dream On,15-TANP-D2,17-Indio-D2,18-Miami-D1,,,,,,,,,,3
Dante,Do Whatcha Wanna (Disco Attunement By Dante),17-Indio-D2,17-Indio-D4,21-Miami-D1,22-Portola-D1,,,,,,,,,4
Deux,Everybody's Night,15-TANP-D2,17-Indio-D1,18-Miami-D2,,,,,,,,,,3
DJ Steef,Black Savates,15-TANP-D1,17-Indio-D6,20-Portola-D2,22-Portola-D2,,,,,,,,,4
DJ Steef,Triolisme,17-Indio-D1,17-Indio-D6,20-Portola-D2,22-Portola-D1,,,,,,,,,4
Donald Byrd,Love Has Come Around,17-Indio-D2,18-Miami-D1,21-Miami-D3,,,,,,,,,,3
Donna Summer,State Of Independence,17-Indio-D3,20-Portola-D2,21-Miami-D2,,,,,,,,,,3
Dr. John,I Walk on Guilded Splinters,17-Indio-D4,21-Miami-D1,15-TANP-D2,,,,,,,,,,3
Eighties Ladies,Turned On to You (Viva Shade Re-Edit),19-Ghent-D1,17-Indio-D1,20-Portola-D2,,,,,,,,,,3
El Turronero,Las Penas (La Caña),19-Ghent-D1,17-Indio-D4,9-Indio,,,,,,,,,,3
Fun Boy Three,"Faith, Hope and Charity (Despacio Edit)",21-Miami-D2,18-Miami-D2,17-Indio-D3,,,,,,,,,,3
George Benson,On Broadway (Live),17-Indio-D6,20-Portola-D1,18-Miami-D2,22-Portola-D3,,,,,,,,,4
Gina X Performance,Nice Mover,17-Indio-D4,18-Miami-D1,19-Ghent-D2,,,,,,,,,,3
INXS,Need You Tonight (Despacio Edit),18-Miami-D3,20-Portola-D1,21-Miami,,,,,,,,,,3
Jayson Green & The Jerk,Local Jerk,20-Portola-D2,21-Miami-D1,19-Ghent-D1,22-Portola-D2,,,,,,,,,4
Jean-Yves Labat,Cash,17-Indio-D2,19-Ghent-D2,21-Miami-D3,,,,,,,,,,3
Jon & Vangelis,State of Independence,17-Indio-D1,17-Indio-D5,18-Miami-D2,22-Portola-D3,,,,,,,,,4
L.B. Bad,Just Don't Stop the Dance,19-Ghent-D1,21-Miami-D1,20-Portola-D1,,,,,,,,,,3
Lou Reed,Disco Mystic (2manydjs Edit),17-Indio-D4,19-Ghent-D2,20-Portola-D2,,,,,,,,,,3
Madonna,Justify My Love (Q-Sound Mix) (2manydjs Edit),15-TANP-D1,21-Miami-D3,19-Ghent-D2,,,,,,,,,,3
Mariah,Shinzo No Tobira,17-Indio-D5,18-Miami-D3,21-Miami-D3,,,,,,,,,,3
Marie Davidson,Push Me Fuckhead (Soulwax Dub Mix),20-Portola-D1,20-Portola-D2,21-Miami-D1,,,,,,,,,,3
Marsha Hunt's 22,"(Oh, No! Not!) The Beast Day",18-Miami-D2,19-Ghent-D1,20-Portola-D1,,,,,,,,,,3
Michael Nesmith,Cruisin' (Lucy And Ramona And Sunset Sam),17-Indio-D2,19-Ghent-D1,20-Portola-D2,,,,,,,,,,3
Mickey Moonlight,Interplanetary Music,17-Indio-D3,17-Indio-D5,18-Miami-D3,,,,,,,,,,3
Mim Suleiman,Mingi,15-TANP-D1,17-Indio-D1,20-Portola-D2,,,,,,,,,,3
Niagara,Sangandongo,15-TANP-D1,17-Indio-D2,18-Miami-D1,22-Portola-D1,,,,,,,,,4
Nitzer Ebb,Join In The Chant (Burn!),10-New York,20-Portola-D2,21-Miami-D2,,,,,,,,,,3
Peter Tosh,Dubbing Buk-In-Hamm,15-TANP-D2,21-Miami-D1,17-Indio-D2,,,,,,,,,,3
Philip Glass,Opening,17-Indio-D3,17-Indio-D6,18-Miami-D2,22-Portola-D3,,,,,,,,,4
Plastic Bertrand,Tout Petit La Planète,20-Portola-D1,21-Miami-D1,19-Ghent-D2,,,,,,,,,,3
Robert Wyatt,The Age Of Self,15-TANP-D1,17-Indio-D2,21-Miami-D1,,,,,,,,,,3
Larry Robbins & Sammy Burdson / Daevid Allen & New York Gong / Kayanza,Disco Cola / Jungle Windo(w) / Salutation Akazéhé (2manydjs Edit),15-TANP-D1,21-Miami-D3,18-Miami-D1,,,,,,,,,,3
Steve Miller Band,Space Intro,20-Portola-D2,21-Miami-D1,17-Indio-D2,22-Portola-D3,,,,,,,,,4
Sworn Virgins,The Male Man,15-TANP-D1,17-Indio-D3,17-Indio-D5,,,,,,,,,,3
Talking Heads,This Must Be the Place (Naive Melody),18-Miami-D3,21-Miami-D3,19-Ghent-D1,,,,,,,,,,3
Telex,"Moskow Diskow (12"" Version)",18-Miami-D2,17-Indio-D1,21-Miami-D1,22-Portola-D1,,,,,,,,,4
The Fantasy,Summer Night in Harlem,20-Portola-D2,21-Miami-D2,18-Miami-D2,,,,,,,,,,3
The Patchouli Brothers,"Cheat, Lie, Kill, Die",17-Indio-D6,19-Ghent-D2,18-Miami-D3,22-Portola-D2,,,,,,,,,4
Together (DJ Falcon & Thomas Bangalter),Together,20-Portola-D1,17-Indio-D1,18-Miami-D1,,,,,,,,,,3
Vision,Lucifer's Friend,18-Miami-D1,19-Ghent-D2,21-Miami-D1,,,,,,,,,,3
Waffles,Hankuri,17-Indio-D2,19-Ghent-D1,20-Portola-D2,22-Portola-D3,,,,,,,,,4
Waffles,Uriah,17-Indio-D3,18-Miami-D1,20-Portola-D1,,,,,,,,,,3
Waffles,Croatia White,17-Indio-D1,18-Miami-D2,17-Indio-D3,22-Portola-D3,,,,,,,,,4
Waffles,Poland Waffle,17-Indio-D2,17-Indio-D6,18-Miami-D1,,,,,,,,,,3
Watsonian Institute,"New York, New York (Despacio Edit)",18-Miami-D3,19-Ghent-D1,20-Portola-D1,,,,,,,,,,3
6th Borough Project,Deep C,17-Indio-D1,18-Miami-D1,,,,,,,,,,,2
A Guy Called Gerald,Voodoo Ray,20-Portola-D2,21-Miami-D2,22-Portola-D3,,,,,,,,,,3
Axel Bauer,Cargo,20-Portola-D1,21-Miami-D1,,,,,,,,,,,2
Bella Vista,Mister Wong (Disco Dub),19-Ghent-D2,21-Miami-D1,,,,,,,,,,,2
Bill Nelson,Konny Buys a Kodak,17-Indio-D6,21-Miami-D3,,,,,,,,,,,2
Bill Withers,You Got the Stuff,19-Ghent-D2,21-Miami-D3,,,,,,,,,,,2
Bolis Pupul,Rendez-Voodoo,15-TANP-D1,15-TANP-D2,,,,,,,,,,,2
Brian Brain,Fun With Music,18-Miami-D1,21-Miami,,,,,,,,,,,2
Bruce Haack,Party Machine,19-Ghent-D2,21-Miami-D3,,,,,,,,,,,2
Bunnydrums,Too Much Time,17-Indio-D3,21-Miami-D1,,,,,,,,,,,2
Capone,Music Love Song,17-Indio-D6,20-Portola-D1,,,,,,,,,,,2
Manncool & Trol2000,Capy (Edit of Capone – Music Love Song),15-TANP-D2,19-Ghent-D1,,,,,,,,,,,2
Captain Beefheart,Tropical Hot Dog Night,15-TANP-D1,17-Indio-D3,,,,,,,,,,,2
Tres Demented,Demented (Or Just Crazy) (Original Version),17-Indio-D6,20-Portola-D1,,,,,,,,,,,2
Carlos Dafé,O Metrô (2manydjs Edit),20-Portola-D1,21-Miami-D1,22-Portola-D2,,,,,,,,,,3
Chet Faker,Whatever Tomorrow (Soulwax Remix),19-Ghent-D2,17-Indio-D1,,,,,,,,,,,2
Chic,You Are Beautiful (Frankie Rodriguez' Beautiful Re-Edit),17-Indio-D3,18-Miami-D2,,,,,,,,,,,2
Chicago,I'm A Man (Rub-N-Tug's Lower Beard Stays The Same Re-Edit),15-TANP-D2,17-Indio-D1,,,,,,,,,,,2
Modsleep,Women Don't Want to Love Me,21-Miami-D2,20-Portola-D1,,,,,,,,,,,2
Chris & Cosey,This Is Me,19-Ghent-D1,20-Portola-D2,22-Portola-D1,,,,,,,,,,3
Conrad Schnitzler Und Gregor Schnitzler,The Shark Eats Ice (2manydjs Edit),19-Ghent-D1,20-Portola-D1,,,,,,,,,,,2
Crash Course In Science,Jump Over Barrels,18-Miami-D2,19-Ghent-D1,,,,,,,,,,,2
Crazy Band,Up Down Push (Going Up) (Soulwax Edit),17-Indio-D5,21-Miami,,,,,,,,,,,2
Cultural Vibe,Ma Foom Bey (Rhythm Version),17-Indio-D3,17-Indio-D6,,,,,,,,,,,2
Cybe,Bali Pulau Bagus,21-Miami-D2,20-Portola-D1,,,,,,,,,,,2
D.A.N.,Premintal,18-Miami-D3,21-Miami-D1,22-Portola-D1,,,,,,,,,,3
Daniel Ögren,Annalena,20-Portola-D1,21-Miami-D1,22-Portola-D1,,,,,,,,,,3
DEEWEE,Oh Stéphanie,15-TANP-D2,17-Indio-D1,,,,,,,,,,,2
Delia Gonzalez & Gavin Russom,Relevee (Carl Craig Remix),17-Indio-D5,15-TANP-D2,,,,,,,,,,,2
DJ Cole Medina,Cole Loves Your Insides Out,17-Indio-D2,20-Portola-D2,22-Portola-D1,,,,,,,,,,3
Ebo Taylor,Love & Death,17-Indio-D1,21-Miami-D3,,,,,,,,,,,2
Eddie Hooper,Pass It On (Part 1),9-Indio-W2,17-Indio-D4,,,,,,,,,,,2
The Edgar Broughton Band,Mr. Crosby (2manydjs Edit),21-Miami-D3,17-Indio-D3,,,,,,,,,,,2
Ego Troopers,Her Poolparty (Soulwax Remix),17-Indio-D6,21-Miami-D1,,,,,,,,,,,2
Fischerspooner,Emerge,17-Indio-D2,18-Miami-D1,,,,,,,,,,,2
Five Letters,Two For A Kiss,18-Miami-D1,19-Ghent-D1,22-Portola-D3,,,,,,,,,,3
Fox,S-S-S-Single Bed,17-Indio-D2,18-Miami-D1,,,,,,,,,,,2
Fuego,Misa Criolla (We Are the Children),20-Portola-D2,18-Miami-D2,,,,,,,,,,,2
Fun Boy Three,Our Lips Are Sealed (Special Remix Version),17-Indio-D4,21-Miami-D1,,,,,,,,,,,2
Gary Wright,Love Is Alive,17-Indio-D3,21-Miami-D3,22-Portola-D2,,,,,,,,,,3
Giorgio Moroder,Valley of the Dolls,17-Indio-D3,21-Miami-D1,,,,,,,,,,,2
Goblin,Tenebre,20-Portola-D1,21-Miami-D1,,,,,,,,,,,2
Golden Teacher,Party People,17-Indio-D2,21-Miami-D2,,,,,,,,,,,2
Grace Jones,Don't Cry - It's Only The Rhythm,19-Ghent-D2,20-Portola-D1,22-Portola-D3,,,,,,,,,,3
group O,The Answer Machine (feat. Okay Kaya),21-Miami-D2,20-Portola-D1,,,,,,,,,,,2
Harold Melvin & The Blue Notes,Don't Leave Me This Way (A Tom Moulton Mix),17-Indio-D4,21-Miami-D3,,,,,,,,,,,2
Jackey Beavers,Mr. Bump Man (Theo Parrish Re-Edit),18-Miami-D3,19-Ghent-D1,,,,,,,,,,,2
Jackson 5,Hum Along and Dance,17-Indio-D5,19-Ghent-D2,,,,,,,,,,,2
Jasper van 't Hof,"Pili-Pili (Special 12"" Disco Mix)",17-Indio-D3,15-TANP-D1,22-Portola-D3,,,,,,,,,,3
Jeff Britton & The Spitfires,Rub Out,19-Ghent-D1,20-Portola-D1,22-Portola-D1,,,,,,,,,,3
Joe Tex,I Gotcha,17-Indio-D4,20-Portola-D2,22-Portola-D1,,,,,,,,,,3
Johnny Harris,Odyssey (Despacio Edit),17-Indio-D2,17-Indio-D5,,,,,,,,,,,2
Jorge Reyes & Antonio Zepeda,A la Izquierda del Colibrí,15-TANP-D1,21-Miami-D3,,,,,,,,,,,2
Koreless,Joy Squad (2manydjs Edit),15-TANP-D2,17-Indio-D6,,,,,,,,,,,2
Kraftwerk,Numbers / Computer World 2,18-Miami-D2,19-Ghent-D2,,,,,,,,,,,2
Laid Back,Fly Away / Walking In The Sunshine,17-Indio-D5,21-Miami-D3,,,,,,,,,,,2
Lata Ramasar,The Greatest Name That Lives (Alessandro Adriani Remix),18-Miami-D2,20-Portola-D1,,,,,,,,,,,2
Li Garatonni,Here Is Silence,19-Ghent-D1,20-Portola-D2,22-Portola-D1,,,,,,,,,,3
Logic System,Unit,17-Indio-D1,21-Miami-D1,22-Portola-D1,,,,,,,,,,3
Lou Reed,My Love is Chemical,17-Indio-D3,21-Miami-D1,22-Portola-D1,,,,,,,,,,3
Love International,Dance On The Groove (And Do The Funk),17-Indio-D5,18-Miami-D1,,,,,,,,,,,2
Magnus Uggla,Sommartid (1981 Remix),18-Miami-D3,20-Portola-D2,,,,,,,,,,,2
Manncool & Trol2000,Capy,17-Indio-D2,18-Miami-D3,22-Portola-D3,,,,,,,,,,3
Margie Lomax,God's Greatest Gift To Man Is A Woman,17-Indio-D4,21-Miami-D3,,,,,,,,,,,2
Montana Sextet,Who Needs Enemies (With a Friend Like You) (Club Mix),17-Indio-D5,21-Miami-D3,22-Portola-D2,,,,,,,,,,3
Nicola Cruz,Aima,20-Portola-D1,21-Miami-D2,22-Portola-D1,22-Portola-D2,22-Portola-D3,,,,,,,,5
Offering,Love in the Darkness,17-Indio-D5,19-Ghent-D1,,,,,,,,,,,2
Paranoid London & Josh Caffe,Talk Dirty,21-Miami-D1,20-Portola-D1,,,,,,,,,,,2
Paul Lowe,Make Things Better,20-Portola-D1,20-Portola-D2,,,,,,,,,,,2
Pete Shelley,Witness the Change,17-Indio-D5,18-Miami-D2,,,,,,,,,,,2
Peter Gordon & Love Of Life Orchestra,Beginning Of The Heartbreak,17-Indio-D3,19-Ghent-D1,,,,,,,,,,,2
Phil Kieran,Polyrhythmic,15-TANP-D1,15-TANP-D?,,,,,,,,,,,2
Phill & Friends Band,This Man,17-Indio-D2,18-Miami-D3,,,,,,,,,,,2
Piramis,Mondj Egy Mesét,20-Portola-D2,21-Miami-D1,,,,,,,,,,,2
Prince & The Revolution,"Erotic City (Make Love Not War Erotic City Come Alive) (12"" Version)",18-Miami-D3,17-Indio-D4,,,,,,,,,,,2
Rare Earth,Get Ready,17-Indio-D3,21-Miami-D2,,,,,,,,,,,2
Rose Royce,Do Your Dance,17-Indio-D5,18-Miami-D3,,,,,,,,,,,2
Roy Ayers,Everybody,20-Portola-D2,17-Indio-D4,,,,,,,,,,,2
Scritti Politti,"Absolute (12"" Version)",18-Miami-D3,21-Miami-D3,,,,,,,,,,,2
Severed Heads,We have come to bless the house,19-Ghent-D2,21-Miami-D2,22-Portola-D3,,,,,,,,,,3
Shadow,Let's Get it Together,15-TANP-D2,17-Indio-D3,22-Portola-D1,,,,,,,,,,3
Sheila Chandra,Lament,19-Ghent-D2,20-Portola-D1,22-Portola-D3,,,,,,,,,,3
Shit Robot,Hey Creep!,19-Ghent-D1,21-Miami-D1,22-Portola-D3,,,,,,,,,,3
Shoc Corridor,Iceberg,20-Portola-D2,21-Miami-D1,,,,,,,,,,,2
Stano,White Field (In Isis),20-Portola-D1,21-Miami-D1,22-Portola-D2,,,,,,,,,,3
Stone City Band,All Day and All of the Night (Unknown Edit),21-Miami-D1,20-Portola-D2,,,,,,,,,,,2
Sylvester,I Need Somebody To Love Tonight,17-Indio-D3,21-Miami-D2,22-Portola-D2,,,,,,,,,,3
Sylvester,You Make Me Feel (Mighty Real),9-Indio-W2,15-TANP-D1,,,,,,,,,,,2
Talking Heads,"Burning Down the House / Tom Tom Club – Genius of Love (Soulwax Despacio ""Yella"" Edit)",17-Indio-D3,21-Miami-D2,,,,,,,,,,,2
Tendts,Cosmic Swimmer (Soulwax Remix),17-Indio-D4,21-Miami-D1,,,,,,,,,,,2
The Android Sisters,Ray-Dee-Oh,17-Indio-D4,20-Portola-D2,,,,,,,,,,,2
The Congos,Congoman,17-Indio-D3,21-Miami-D3,,,,,,,,,,,2
The Dynamic Duo,In the Pocket (Ray Mang Beats),15-TANP-D2,21-Miami-D1,,,,,,,,,,,2
The Fixx,Reach the Beach (Dub),20-Portola-D2,21-Miami-D2,22-Portola-D2,,,,,,,,,,3
The Jellies,Jive Baby On A Saturday Night,17-Indio-D1,21-Miami-D2,,,,,,,,,,,2
The Osmonds,It'll Be Me,17-Indio-D4,20-Portola-D2,22-Portola-D3,,,,,,,,,,3
The Slits,"Earthbeat 12""",18-Miami-D2,17-Indio-D3,,,,,,,,,,,2
Thomas & Eric,Lower Beard Stays The Same,17-Indio-D4,18-Miami-D3,,,,,,,,,,,2
Vangelis,Spiral,15-TANP-D1,19-Ghent-D2,22-Portola-D2,,,,,,,,,,3
Waffles,49 Gang,9-Indio-W2,15-TANP-D2,,,,,,,,,,,2
Waffles,"007A (2manydjs Edit of Akiko Yano ""Tokimeki"")",15-TANP-D2,17-Indio-D4,,,,,,,,,,,2
Watussi,If All We Had Was Love,17-Indio-D3,18-Miami-D1,,,,,,,,,,,2
Wings,Let 'Em In,9-Indio-W2,17-Indio-D5,,,,,,,,,,,2
Woolfy & Projections,Set it Up,15-TANP-D2,17-Indio-D3,,,,,,,,,,,2
Yello,You Gotta Say Yes to Another Excess (1983 Disco Mix),17-Indio-D2,21-Miami-D1,22-Portola-D1,,,,,,,,,,3
Zongamin,Bongo Song,15-TANP-D2,18-Miami-D1,,,,,,,,,,,2
4 M International,Space Operator (Vocal Mix),21-Miami-D1,,,,,,,,,,,,1
Ace Frehley,New York Groove,17-Indio-D2,22-Portola-D3,,,,,,,,,,,2
Acid Kids,I Love You (Soulwax Edit),20-Portola-D1,,,,,,,,,,,,1
AJ From Philly,Profascination (Edit of Marvin Gaye – What's Going On),17-Indio-D4,,,,,,,,,,,,1
Albion,Disco Chopper,20-Portola-D2,,,,,,,,,,,,1
Anatolian Weapons,Black Sea II,17-Indio-D3,,,,,,,,,,,,1
Andres Montiel,Love Letter to Despacio,18-Miami-D1,,,,,,,,,,,,1
Anne Clark,Our Darkness (Dub Mix),20-Portola-D2,,,,,,,,,,,,1
Aphex Twin,Windowlicker,18-Miami-D1,,,,,,,,,,,,1
Arbeid Adelt!,Death Disco,18-Miami-D3,,,,,,,,,,,,1
"Archie Shepp, Trilok Gurtue, Peter Giger's Family of Percussion",Here Comes the Family,18-Miami-D2,,,,,,,,,,,,1
Asa Moto,Gillesgolo,21-Miami-D1,22-Portola-D3,,,,,,,,,,,2
Asa Moto,Kifesh,17-Indio-D3,,,,,,,,,,,,1
Asa Moto,MJ Complex,21-Miami-D2,,,,,,,,,,,,1
Atomic Rooster,Play It Again,18-Miami-D1,22-Portola-D1,,,,,,,,,,,2
B.W.H.,All Right (Disco Extended Version),21-Miami-D1,,,,,,,,,,,,1
B.W.H.,Stop,17-Indio-D4,,,,,,,,,,,,1
Barcode,Data New Beat,19-Ghent-D1,,,,,,,,,,,,1
Barrabas,Mellow Blow,17-Indio-D3,,,,,,,,,,,,1
Bee Gees,Love You Inside Out,15-TANP-D2,,,,,,,,,,,,1
Bee Gees,Nights On Broadway (2manydjs Edit),17-Indio-D4,,,,,,,,,,,,1
Bill Nelson,Do You Dream In Colour?,18-Miami-D1,,,,,,,,,,,,1
Billy Swan,Don't Be Cruel,17-Indio-D1,22-Portola-D3,,,,,,,,,,,2
Björn Skifs & Vision,(I Wanna) Boogie With You,17-Indio-D5,,,,,,,,,,,,1
Black Sabbath,Planet Caravan (Poolside Rework),21-Miami-D2,,,,,,,,,,,,1
Bobby Rush,Do The Do,17-Indio-D5,,,,,,,,,,,,1
Bohannon,Bohannon,19-Ghent-D2,,,,,,,,,,,,1
Boney M.,Nightflight to Venus,19-Ghent-D1,,,,,,,,,,,,1
Bowie,Let's Dance,1-Manchester,,,,,,,,,,,,1
C2C4,Specimen 5,17-Indio-D4,,,,,,,,,,,,1
Cajmere,Percolator,15-TANP-D2,,,,,,,,,,,,1
Can,Moonshake,15-TANP-D2,,,,,,,,,,,,1
Carly Simon,Why (Instrumental),19-Ghent-D2,,,,,,,,,,,,1
Celi Bee & The Buzzy Bunch,Superman,20-Portola-D2,,,,,,,,,,,,1
Chic,I Feel Your Love Comin' On,21-Miami-D1,,,,,,,,,,,,1
Chicken Lips,Do It Proper (Justin Robertson Rmx),21-Miami-D2,,,,,,,,,,,,1
Chris & Cosey,Here I Come,21-Miami-D2,,,,,,,,,,,,1
Chuck Mangione,Land Of Make Believe,17-Indio-D4,,,,,,,,,,,,1
City,Aus Der Ferne (Despacio Edit),17-Indio-D3,,,,,,,,,,,,1
Cocteau Twins,Watchlar,21-Miami-D2,22-Portola-D1,,,,,,,,,,,2
Craig Peyton,Be Thankful For What You Got,17-Indio-D5,,,,,,,,,,,,1
Damon Harris,I Fell in Love (Unknown Edit),19-Ghent-D2,,,,,,,,,,,,1
Daniel Maloso,Body Music,21-Miami-D3,,,,,,,,,,,,1
Daniel Wang,Like Some Dream (I Can't Stop Dreaming),18-Miami-D3,,,,,,,,,,,,1
David Bowie,Shake It (Re-mix AKA Long Version),21-Miami-D3,,,,,,,,,,,,1
David Byrne,My Big Hands (Fall Through the Cracks),17-Indio-D5,,,,,,,,,,,,1
David Michael Cross,Nuclear War Part 2,19-Ghent-D2,,,,,,,,,,,,1
Davitt Sigerson,Ain't It Ever Thus,21-Miami-D2,,,,,,,,,,,,1
De Gantwerp Rappers,Poopeloo,19-Ghent-D1,,,,,,,,,,,,1
Decius,Roberto's Tumescence (feat. Lias Saoudi & Douglas Lucas),18-Miami-D1,,,,,,,,,,,,1
Deee-Lite,What Is Love? (Holographic Goatee Mix),17-Indio-D5,,,,,,,,,,,,1
Die Verboten,Live In Eivissa,21-Miami-D1,,,,,,,,,,,,1
Diplo & Damian Lazarus,Don’t Be Afraid (Soulwax Remix),15-TANP-D2,,,,,,,,,,,,1
Elkin & Nelson,Abran Paso-Ahoa (Enrolle),17-Indio-D4,,,,,,,,,,,,1
Eros,Untitled (B1) (EROS01),18-Miami-D3,,,,,,,,,,,,1
Eros,Vol 1 Track 3,17-Indio-D6,,,,,,,,,,,,1
Escape From New York,Fire In My Heart,17-Indio-D3,,,,,,,,,,,,1
Executive Slacks,"The Bus (12"" Version)",21-Miami-D3,,,,,,,,,,,,1
Exile,Kiss You All Over (Unknown Version),17-Indio-D3,,,,,,,,,,,,1
Exuma,"Exuma, The Obeah Man",17-Indio-D5,,,,,,,,,,,,1
Falcons,Perdido En El Universo,17-Indio-D3,,,,,,,,,,,,1
Fatback Band,The Girl Is Fine (So Fine) (Dance Version),17-Indio-D5,,,,,,,,,,,,1
Fela Kuti,Ye Ye De Smell,17-Indio-D1,,,,,,,,,,,,1
Fernando Pulichino,Natural 77,15-TANP-D1,,,,,,,,,,,,1
Fernando Pulichino,Search For Indigo,17-Indio-D3,,,,,,,,,,,,1
Francis Bebey,Forest Nativity (Red Axes Edit),20-Portola-D2,,,,,,,,,,,,1
Francis The Great,Look Up In The Sky (2manydjs Edit),20-Portola-D2,,,,,,,,,,,,1
Francis The Great,Look Up In The Sky (Négro Nature),17-Indio-D3,,,,,,,,,,,,1
Frank Virgilio,Inside Out,18-Miami-D2,,,,,,,,,,,,1
Gary Numan,Music for Chameleons,18-Miami-D2,,,,,,,,,,,,1
Gaznevada,I.C. Love Affair (Chinese Version),20-Portola-D2,,,,,,,,,,,,1
Gaznevada,I.C. Love Affair (Italian Version),17-Indio-D5,,,,,,,,,,,,1
Gaznevada,Oil Tubes,20-Portola-D1,,,,,,,,,,,,1
George Kranz / Paranoid London,Din daa daa / Transmission 4 (2manydjs Edit),21-Miami-D1,,,,,,,,,,,,1
Ghosts of Venice,Feel the Heat,18-Miami-D1,,,,,,,,,,,,1
Gino Soccio,Remember,18-Miami-D3,,,,,,,,,,,,1
Giorgio Moroder,I Wanna Rock You,1-Manchester,,,,,,,,,,,,1
Giorgio Moroder,Valley of the Dolls (Instrumental),18-Miami-D3,,,,,,,,,,,,1
Glaxo Babies,Shake (The Foundations),21-Miami-D3,,,,,,,,,,,,1
Gust,Tarzan es men Blinken,19-Ghent-D2,,,,,,,,,,,,1
Harald Grosskopf,Emphasis,17-Indio-D4,,,,,,,,,,,,1
Harold Melvin & The Blue Notes,Tell The World How I Feel About 'Cha Baby (A Dimitri from Paris Disco Re Edit),17-Indio-D4,,,,,,,,,,,,1
He Said,Pump,15-TANP-D1,,,,,,,,,,,,1
Herb Alpert,Rise,15-TANP-D2,,,,,,,,,,,,1
Herbert von Karajan & Berliner Philharmoniker,The Blue Danube (Reprise),18-Miami-D2,,,,,,,,,,,,1
Holger Czukay,Cool in the Pool,21-Miami-D2,,,,,,,,,,,,1
Howlin' Wolf,Smokestack Lightning,17-Indio-D4,22-Portola-D1,,,,,,,,,,,2
Imagination,Just An Illusion (Instrumental),21-Miami-D1,22-Portola-D2,,,,,,,,,,,2
J.J. Cale,After Midnight,21-Miami-D3,,,,,,,,,,,,1
"Jah Wobble, The Edge & Holger Czukay",Hold On To Your Dreams,17-Indio-D4,,,,,,,,,,,,1
Jan Hammer Group,Don't You Know,17-Indio-D2,,,,,,,,,,,,1
Jeans Team,Keine Melodien,21-Miami-D3,,,,,,,,,,,,1
Joe Moks,Boys And Girls (2manydjs Edit),17-Indio-D4,,,,,,,,,,,,1
Johnny Wakelin,In Zaire,9-Indio-W2,,,,,,,,,,,,1
Jonathan Richman & The Modern Lovers,Don't Let Our Youth Go To Waste,18-Miami-D1,,,,,,,,,,,,1
Junior Byron,Dance To The Music (Dub Mix),21-Miami-D2,,,,,,,,,,,,1
Kate Bush,Running Up That Hill (Unknown Version),21-Miami-D2,,,,,,,,,,,,1
Kel-Air & Band Band,Tu Tuareg,18-Miami-D2,,,,,,,,,,,,1
Kel-Air & Band Band,Tuareg (Hysteric Edit),20-Portola-D1,,,,,,,,,,,,1
Kel-Air & Band Band,Tuareg,19-Ghent-D2,,,,,,,,,,,,1
Kid Creole & The Coconuts,"I'm A Wonderful Thing, Baby",18-Miami-D3,,,,,,,,,,,,1
King Sunny Ade,Ja Fun Mi Dub,17-Indio-D3,,,,,,,,,,,,1
Kinga,Sexy Boy (Dub),20-Portola-D1,,,,,,,,,,,,1
Kraan,Dancing In The Shade,15-TANP-D1,,,,,,,,,,,,1
Kraftwerk,Computerwelt 2,15-TANP-D2,,,,,,,,,,,,1
Kraftwerk,Trans-Europe Express,21-Miami-D2,,,,,,,,,,,,1
Ladytron,Seventeen,18-Miami-D2,,,,,,,,,,,,1
Laila,The Other Me (DEEWEEDUB),9-Indio,,,,,,,,,,,,1
Laurin Rinder & W. Michael Lewis,"Anger and Sex (Members Only ""Anger and Sex"")",17-Indio-D1,,,,,,,,,,,,1
LCD Soundsystem,Tonite (2manydjs Edit),20-Portola-D1,,,,,,,,,,,,1
Leik,Burner (Original Mix),15-TANP-D2,,,,,,,,,,,,1
Les Rita Mitsouko,Andy (2manydjs Edit),21-Miami-D1,22-Portola-D2,,,,,,,,,,,2
Lex,14 Days,21-Miami-D1,,,,,,,,,,,,1
Lion,You've Got A Woman,17-Indio-D5,,,,,,,,,,,,1
Los Lobos,Lemon 'n' Ice,17-Indio-D3,,,,,,,,,,,,1
Lynsey De Paul,Sugar Me,17-Indio-D2,,,,,,,,,,,,1
Madonna,Justify My Love (Unknown Version),17-Indio-D1,,,,,,,,,,,,1
Man Parrish,Strictly Forbidden,21-Miami-D2,,,,,,,,,,,,1
Mariah,Shonen,18-Miami-D3,,,,,,,,,,,,1
Marie Davidson,Push Me Fuckhead,19-Ghent-D1,,,,,,,,,,,,1
Marie Davidson,Unknown (Unknown Version),19-Ghent-D2,,,,,,,,,,,,1
Mark Allen Shepherd,Himmelfahrt,18-Miami-D1,,,,,,,,,,,,1
Marshall Hain,Dancing In The City,17-Indio-D4,,,,,,,,,,,,1
Marvin & Guy,Shot Me,21-Miami-D3,,,,,,,,,,,,1
Marvin Gaye,Too Busy Thinking About My Baby,21-Miami-D1,,,,,,,,,,,,1
Matt Jonsson,Colours Fly and Catherine Wheel (2manydjs Edit),21-Miami-D1,22-Portola-D2,,,,,,,,,,,2
Maurice Fulton Presents Stress,My Gigolo,18-Miami-D3,,,,,,,,,,,,1
Max Berlin,Elle et Moi,21-Miami-D3,,,,,,,,,,,,1
Metronomy,Love Letters,4-Barcelona,,,,,,,,,,,,1
Michael Rother,Tiefenschärfe,20-Portola-D2,,,,,,,,,,,,1
Michael Wilson,Groove It To Your Body,19-Ghent-D1,,,,,,,,,,,,1
Ministry,Primental,17-Indio-D4,,,,,,,,,,,,1
Misty Lane,Energy,20-Portola-D1,,,,,,,,,,,,1
Molly Nilsson,Mona-Lisa's Smile,20-Portola-D1,,,,,,,,,,,,1
Mr. Oizo,Flat Beat,21-Miami-D2,,,,,,,,,,,,1
Nikola Mihailovic,Sense of Dream (Original Mix),15-TANP-D2,,,,,,,,,,,,1
Northend,Happy Days (2manydjs Edit),21-Miami-D3,,,,,,,,,,,,1
Novi Singers,"Mazurka in A Minor, Op. 17: No. 4",17-Indio-D1,,,,,,,,,,,,1
Novi Singers,Prelude In D Flat Major Op. 28 No. 15,21-Miami-D3,22-Portola-D3,,,,,,,,,,,2
Oliver Mandić,Sve Su Seke Jebene,18-Miami-D3,,,,,,,,,,,,1
Olivia Newton-John,Jolene (Tom Bullock Edit),17-Indio-D2,,,,,,,,,,,,1
Olivia Newton-John,Magic,15-TANP-D2,,,,,,,,,,,,1
Orestt,Homies,17-Indio-D1,,,,,,,,,,,,1
Orlando Voorn,Raise The Bar (2manydjs Edit),21-Miami-D3,,,,,,,,,,,,1
Ozo,Anambra,17-Indio-D4,,,,,,,,,,,,1
Patrick Cowley,Do You Wanna Funk,17-Indio-D5,,,,,,,,,,,,1
Patrick Cowley,Low Down Dirty Rhythm,19-Ghent-D2,,,,,,,,,,,,1
Paul Mauriat,Love Is Still Blue,17-Indio-D5,,,,,,,,,,,,1
Paul Mirror,Polite,15-TANP-D2,,,,,,,,,,,,1
Peter Godwin,French Emotions,21-Miami-D2,22-Portola-D2,,,,,,,,,,,2
Peter Jacques Band,Fly With The Wind,21-Miami,22-Portola-D2,,,,,,,,,,,2
Peter Lüdemann & Pit Troja,Steady Going (2manydjs Edit),18-Miami-D1,,,,,,,,,,,,1
Peter Matson & JKriv,Ewesse Ye (feat. Samy Love),20-Portola-D1,,,,,,,,,,,,1
Plant43,The Toll Gate,15-TANP-D1,,,,,,,,,,,,1
Prince,Purple Rain,9-Indio-W2,,,,,,,,,,,,1
Queen,Cool Cat,18-Miami-D1,,,,,,,,,,,,1
Raggio Di Luna,Comanchero (Vocal),17-Indio-D2,,,,,,,,,,,,1
Rammellzee & K,Rob-Beat Bop,17-Indio-D3,,,,,,,,,,,,1
Rational Youth,Close To Nature,21-Miami-D2,22-Portola-D2,,,,,,,,,,,2
Red Axes,The Metal Bender,17-Indio-D3,,,,,,,,,,,,1
Renaldo And The Loaf,Hambu Hodo,18-Miami-D3,,,,,,,,,,,,1
Requisit,Also With Each Other,21-Miami-D2,,,,,,,,,,,,1
Rete 105,Vacanze (Strumentale),17-Indio-D4,,,,,,,,,,,,1
Rex Ilusivii,Facedance,17-Indio-D1,,,,,,,,,,,,1
Richard Wahnfried,Charming The Wind,17-Indio-D5,,,,,,,,,,,,1
Rick Cuevas,The Birds,21-Miami-D2,22-Portola-D3,,,,,,,,,,,2
Rinder & Lewis,Anger,9-Indio-W2,,,,,,,,,,,,1
Robyn,Ever Again (Soulwax Remix),17-Indio-D6,,,,,,,,,,,,1
Rod Stewart,Passion (2manydjs Edit),21-Miami-D2,,,,,,,,,,,,1
Róisín Murphy,Something More (Soulwax Remix),17-Indio-D1,,,,,,,,,,,,1
Rose Royce,R R Express,19-Ghent-D2,,,,,,,,,,,,1
Rutes,Tick Tack,17-Indio-D4,,,,,,,,,,,,1
Ryuichi Sakamoto,Honneamise (2manydjs Edit),19-Ghent-D2,,,,,,,,,,,,1
Savage Progress,Heart Begin to Beat,21-Miami-D2,,,,,,,,,,,,1
Secret Squirrels #10,Side A,17-Indio-D1,,,,,,,,,,,,1
Seydinah,A la Folie (Real Mix),21-Miami-D1,,,,,,,,,,,,1
Sheila Chandra,Quiet 1 (2manydjs Edit),15-TANP-D1,,,,,,,,,,,,1
Sheila E,Love Bizarre,9-Indio-W2,,,,,,,,,,,,1
Shinehead,Billie Jean,18-Miami-D1,,,,,,,,,,,,1
Shit Robot,Breathe (Looking at Gibraltar) (feat. Suzi Horn),21-Miami-D1,22-Portola-D2,,,,,,,,,,,2
Shit Robot,Dingbat,9-Indio-W2,,,,,,,,,,,,1
Shit Robot,Shit Robot,19-Ghent-D2,,,,,,,,,,,,1
Shit Robot,Where It's At (feat. Reggie Watts) (Johnny Aux Remix),17-Indio-D4,,,,,,,,,,,,1
Shock Machine,Open Up the Sky (Soulwax Remix),18-Miami-D1,,,,,,,,,,,,1
Sly & Robbie,"Get To This, Get To That",21-Miami-D3,,,,,,,,,,,,1
Snowy Red,Euroshima (War Dance),21-Miami-D3,,,,,,,,,,,,1
Soulwax,Run Free (Nite Version),20-Portola-D1,,,,,,,,,,,,1
Soulwax,Heaven Scent (feat. Chloë Sevigny) (DEEWEEDUB),17-Indio-D3,,,,,,,,,,,,1
Sparks,Beat the Clock,21-Miami-D1,,,,,,,,,,,,1
Stardust,Music Sounds Better With You,21-Miami-D1,,,,,,,,,,,,1
Steve Reich,Music For 18 Musicians,21-Miami-D2,,,,,,,,,,,,1
Steve Reich,Music For 18 Musicians (Pulse - Sections I - IV),20-Portola-D2,22-Portola-D1,,,,,,,,,,,2
Steve Reich,Pulse (Sections I–X),17-Indio-D1,,,,,,,,,,,,1
Steve Reich Ensemble,Music for 18 Musicians,19-Ghent-D2,,,,,,,,,,,,1
Still Going,Still Going Theme,21-Miami-D3,,,,,,,,,,,,1
Stopp,I'm Hungry,18-Miami-D3,,,,,,,,,,,,1
Stretch,Why Did You Do It,17-Indio-D3,,,,,,,,,,,,1
Supermax,Ain't Gonna Feel,17-Indio-D5,,,,,,,,,,,,1
Suzy Q,Tonight,9-Indio,,,,,,,,,,,,1
Sworn Virgins,Take Your Lady,17-Indio-D1,,,,,,,,,,,,1
Syclops,Where's Jason K,21-Miami-D3,,,,,,,,,,,,1
Sylvia Love,Extraterrestrial Lover (Instrumental),21-Miami-D3,,,,,,,,,,,,1
Symsonic,Sublime,15-TANP-D2,,,,,,,,,,,,1
System Activate,Ah (Uh Mix) (Soulwax Edit),21-Miami-D1,,,,,,,,,,,,1
T Connection,Do What You Wanna Do,18-Miami-D1,,,,,,,,,,,,1
Taj Mahal,Trabajar (2manydjs Edit),17-Indio-D2,,,,,,,,,,,,1
Takis,Paris-Istanbul (Remix),21-Miami-D1,,,,,,,,,,,,1
Talaboman,Discodrums,21-Miami-D1,22-Portola-D1,,,,,,,,,,,2
Talking Drums,C60 Lato A,17-Indio-D5,,,,,,,,,,,,1
Talking Heads,Burning Down The House (2manydjs Yella Edit),15-TANP-D1,,,,,,,,,,,,1
Telex,Victime de la Société,19-Ghent-D2,,,,,,,,,,,,1
Ten,Disco Chopper,17-Indio-D5,,,,,,,,,,,,1
The Antennas,Just Your Love,17-Indio-D1,,,,,,,,,,,,1
The Bjarne Rostvold-Perry Knudsen Percussion-Ensemble,Magonde,17-Indio-D6,,,,,,,,,,,,1
The Clash,Outside Broadcast,17-Indio-D2,,,,,,,,,,,,1
The Countach,Aqua Marina (Dance Club Version),21-Miami-D2,,,,,,,,,,,,1
The Cure,Let's Go To Bed,21-Miami-D2,,,,,,,,,,,,1
The Escorts,Make Me Over,17-Indio-D2,22-Portola-D1,,,,,,,,,,,2
The Fixx,Crystal Ice Dub,18-Miami-D2,,,,,,,,,,,,1
The Flying Lizards,A-Train,20-Portola-D2,22-Portola-D1,,,,,,,,,,,2
The Human League,Hard Times (Instrumental),17-Indio-D5,,,,,,,,,,,,1
The Human League,Love Action (Instrumental),17-Indio-D5,,,,,,,,,,,,1
The Hunters,Jungle Man,18-Miami-D3,,,,,,,,,,,,1
The League Unlimited Orchestra,Hard Times,21-Miami-D3,,,,,,,,,,,,1
The League Unlimited Orchestra,Things That Dreams Are Made Of,18-Miami-D1,,,,,,,,,,,,1
The Messengers,In The Jungle,17-Indio-D5,,,,,,,,,,,,1
The Minute Men,"OK, Alright (Bonus Beats) (Unknown Version)",21-Miami-D3,,,,,,,,,,,,1
The Osmonds,"I, I, I",17-Indio-D5,,,,,,,,,,,,1
The Raincoats,No One's Little Girl,17-Indio-D2,,,,,,,,,,,,1
The Vels,Look My Way,18-Miami-D3,,,,,,,,,,,,1
Thompson Twins,Nurse Shark (Instrumental),21-Miami-D1,,,,,,,,,,,,1
Tirzah,Tectonic (2manydjs Edit),21-Miami-D2,22-Portola-D3,,,,,,,,,,,2
Toby,Ain't That Better (Harari Edit),21-Miami-D2,,,,,,,,,,,,1
Tom Tom Club,Genius of Love,15-TANP-D1,,,,,,,,,,,,1
Tony Orlando,Don't Let Go,18-Miami-D3,,,,,,,,,,,,1
Tornado Wallace,Trance Encounters,17-Indio-D3,,,,,,,,,,,,1
Trio,Da Da Da,18-Miami-D2,,,,,,,,,,,,1
Tullio De Piscopo,Stop Bajo,17-Indio-D6,,,,,,,,,,,,1
Kraftwerk,Computer World,1-Manchester,,,,,,,,,,,,1
The Orb,Little Fluffy Clouds,1-Manchester,,,,,,,,,,,,1
Unknown,Step in the Stone?,21-Miami-D2,,,,,,,,,,,,1
The Immortals,Ultimate Warlord,9-Indio-W2,,,,,,,,,,,,1
Velvet Season & The Hearts of Gold,"""El Dorado""",15-TANP-D1,,,,,,,,,,,,1
Waffles,007B,17-Indio-D5,,,,,,,,,,,,1
Waffles,Spanish Fly,9-Indio-W2,,,,,,,,,,,,1
Wally Badarou,Mambo,17-Indio-D4,,,,,,,,,,,,1
Warmduscher,Midnight Dipper (Soulwax Remix),17-Indio-D4,,,,,,,,,,,,1
Watussi,Purple Moon,17-Indio-D3,,,,,,,,,,,,1
Whirlpool Productions,From: Disco To: Disco,21-Miami-D3,,,,,,,,,,,,1
Womack & Womack,MPB (Missin' Persons Bureau) (Paradise Ballroom Mix),17-Indio-D4,,,,,,,,,,,,1
Yazoo,Don't Go (US Dub),17-Indio-D5,,,,,,,,,,,,1
Yello,Bostich (D. Bastedos Edit),21-Miami-D3,,,,,,,,,,,,1
Yellowman,Strong Me Strong,17-Indio-D3,,,,,,,,,,,,1
Yoko Hatanaka,Demodori Majo,17-Indio-D6,,,,,,,,,,,,1
Zoe Sinatra,Mais Qu'Est-Ce Que Tu Fumes?,21-Miami-D2,22-Portola-D1,,,,,,,,,,,2
付思超 · 林墨 · 利路修 · 米卡 · 庆怜 · 吴宇恒 · 薛八一 · 张嘉元,Be Mine (纯享版),15-TANP-D2,,,,,,,,,,,,1
