ARTIST NAME,TRACK TITLE
BEGIN,Day Pulse [2018]
10cc,I'm Not In Love
4 M International,Space Operator (2manydjs Edit)
4 M International,Space Operator - Vocal Mix
4 M International,Space Operator (Despacio Edit)
4 M International,Space Operator (2manydjs Edit)
50 Dollar Bills,Sworn Virgins
6th Borough Project,“Stratus Quo” #4/ Donald Banks “Status Quo”
6th Borough Project,Deep C
6th Borough Project,Stratus Quo [2010]
6th Borough Project,McLovin
6th Borough Project,Do It to the Max
a,Raga Bhairav - Instrumental
A Dream Away,The Cars
A Guy Called Gerald,Voodoo Ray - HAC09 Manray Edit
A Number of Names,Shari Vari - Original Mix
A Place Called Tarot (Idjut Boys Re-Edit),Tantra
"Absolute (12"" Version)",Scritti Politti
Ace,How Long
Ace Frehley,New York Groove [1978]
Ace Frehley,New York Groove
"Adonis,Charles B.",Lack of Love (Radio Mix)
Adriano Celentano,Prisencolinensinainciusol
ADULT.,Hand to Phone
Adventures in Success,Will Powers
Agnetha Fältskog,The Heat Is On
Agnetha Fältskog,The Heat Is On
"Aidan Noell,Nancy Whang",Sharevari
Airport of Love,Love International
Alan Hawkshaw,Chicken Man
Alf Emil Eik,To You
Alice Coltrane,A Love Supreme
Alicia Myers,I Want To Thank You
An Antenna,Sandii & The Sunsetz
Anatolian Weapons,Black Sea II
Anatolian Weapons,Black Sea
Anji Cakebread,Dear Computer
Another One Bites the Dust,Queen
Aphex Twin,Windowlicker
Arbeid Adelt!,Death Disco
Arcade Fire,No Cars Go
Arpadys,Monkey Star
Art of Noise,Moments in Love (Beaten)
"Arto / Neto,Arto Lindsay","Pini, Pini - The Barking Dog Edit"
Asa Moto,Kifesh
Atmosfear,Dancing In Outer Space (Lunar Mix Part 1 By Masters At Work)
Atomic Rooster,Play It Again
Attitude Dancing (Land of a 1000 Dunces),Gaffa
Axium Waves,Dynamic
B.T. (Brenda Taylor),You Can't Have Your Cake and Eat It Too - Vocal
B.W.H.,Stop
Baby Let Me Kiss You,Fern Kinney
Badala Zamana (2manydjs Edit),Zohra
Bagagee Viphex13,Lambda
Ballo-Balla (2manydjs Edit),Roland P. Young
Barbatuques,Baiana (Wolf Müller's Drum Drop)
Barbatuques,Baianá
"Barbatuques,Wolf Mueller",Baianá (Brasingles Vol. 2) - Wolf Mueller's Drum Drop
Barcode,Data New Beat
Barış Manço,Sarı Çizmeli Mehmet Ağa
Barış Manço,Sarı Çizmeli Mehmet Ağa
Barrabas,Mellow Blow
Barry White,Love Serenade (Part II)
Barry White,Love Serenade - Pt. II
Barry White,Welcome Aboard
Baxter Dury,Miami (Parrot And Cocker Too Remix)
Baxter Dury,Miami - Parrot and Cocker Too Remix
"Baxter Dury,Dennis Bovell",Miami - Dennis Bovell Dub
Beastie Boys,Stand Together
Beatles,Here Comes the Sun (Despacio Edit)
Beats International,Dub Be Good To Me
"Beauregard, Violletti & Ste-Claire",Ce Soir (Je Sens Que Tout Peut M'arriver) (2manydjs edit)
Bee Gees,You Should Be Dancin (Todd Terje Re-Edit)
Bee Gees,Love You Inside Out
Bee Gees,You Should Be Dancing
Bee Gees,Nights on Broadway - 2009 Remastered Version
Bee Gees,Nights On Broadway
Begin,Day Pulse
BEGIN,Day Pulse - Original Mix
Belezamusica,U Got Me Spinning - Original Mix
Bella Vista,Mister Wong
Bella Vista,Mister Wong
Bepu N'Gali,I Travel To You - Original
Bertrand Renaudin,Gala Gadoue Gadoue Gaie
Bibi Mascel,Special Lady
Bikaye,Lamuka
Bilgeri,Video Life
Bill Nelson,Hope For The Heartbeat (Remix) (2manydjs Edit)
Bill Nelson,Hope For A Heartbeat
Bill Withers,You Got the Stuff
Bill Withers,Harlem
Bill Wyman,(Si Si) Je Suis Un Rock Star
Billie Jean,Shinehead
Billy Idol,Flesh For Fantasy (2manydjs Edit)
Billy Idol,Flesh For Fantasy (Remix?) [whose??? soulwax despacio remix?]
Billy Idol,Flesh For Fantasy - Remastered 1999
billy swan,don’t be cruel
Billy Swan,Don't Be Cruel
"Bjarne Rostvold,Perry Knudsen",Magonde
Björk,Human Behavior
Björk,Human Behavior (2manydjs Edit)
Björk,Human Behaviour
"Björn Ulvaeus,Tim Rice,Benny Andersson,Murray Head",One Night In Bangkok - Single Version
Black Meteoric Star,Freaks Only
Black Sabbath,Planet Caravan
Black Soul,Mangous Ye
"Black Soul,Superfunk",Ahoë - Mangous Yé tribal Remix
"Blaze,Carl Craig",Lovelee Dae - Carl Craig's 70 Degrees and Sunny Mix
Blue Jazz TV,Chiba Girl
Blue Jazz TV ft. Billy G Robinson,Chiba Girl [2018]
"Blue Jazz TV,Billy G Robinson",Chiba Girl
"Blue Swede,Björn Skifs",Hooked On A Feeling
Bob Moses,nana? nono. nene! (east side)
Bob Moses,Before I Fall
Bob Moses,Too Much Is Never Enough
Bob Moses & Billy Martin,"Nana. Nono, Nene!"
Bob Moses & Billy Martin,Nana? Nono. Nene!
"Bob Moses,Billy Martin",NaNa? NoNo. NeNe!
Bobby Rush,I Wanna Do the Do - 12 Version
Bohannon,Bohannon
Bohannon,Let's Start The Dance
Bolis Pupul,Rendez-Voodoo
Boney M.,Nightflight to Venus
Boney M.,Nightflight To Venus
Bongo Song,Zongamin
Bonobo,Cirrus
Boss Man,steel mind
Boyboy,Boy
Brenda Russell,Way Back When
Brian Brain,Working In A Farmyard In A White Suit
Brian Eno & David Byrne,Regiment (Despacio Edit) [1982]
Brian Eno & David Byrne,Regiment
Brian Eno & David Byrne,Regiment - 2006 Digital Remaster
Brian Eno & David Byrne,Regiment
Bruce Haack,Party Machine
Bullion,It's No Spirit (Soulwax Unreleased Remix)
Bullion,It's No Spirit
Bunnydrums,Too Much Time
Business Acumen,In Flagranti
Cajmere,Percolator
Can,Moonshake
Can,I'm So Green
Can,Moonshake
Candido,Thousand Finger Man
Caoutchouc,Rubber Band
Capisco (2manydjs Edit),Mina
Capone,"Music Love Song (Manncool & Trol2000 ""Capy"" edit)"
Capone,"Love Song (""Capy"" edit by Manncool & Trol2000)"
Captain Beefheart,Tropical Hot Dog Night
Captain Beefheart & His Magic Band,Tropical Hot Dog Night
Capy,Manncool & Trol2000
Capy,Manncool & Trol2000 (edit of Capone - Love Song)
Carl Craig & Tres Demented,Demented (Or Just Crazy)
Carly Simon,Why (Instrumental)
Carly Simon,Why
Carly Simon,"Why (12"" Version)"
Carly Simon,Why - 12 Version
Casino Music,The Beat Goes On
Cats 'n' Jammer Kids,Disco Drum
Cha Cha Guitri,Non Non Non
Chaka Khan,I Feel for You
Charanjit Singh,Raga Bhairav
Charlotte Adigéry,Cliche (soulwax remix)
Charlotte Adigéry,Paténipat
"Charlotte Adigéry, Bolis Pupul & Soulwax",Cliché (Soulwax Remix)
"Charlotte Adigéry,Bolis Pupul,Soulwax",Cliché - Soulwax Remix
Charlotte Gainsbourg,Deadly Valentine (Soulwax Remix)
"Charlotte Gainsbourg,Soulwax",Deadly Valentine (Soulwax Remix)
Chat Faker,Whatever tomorrow (soulwax remix)
"Cheat, Lie, Kill, Die",The Patchouli Brothers
Check my Machine,Paul McCartney
Chemise,She Can't Love You
Chet Faker,Whatever Tomorrow (Soulwax Remix)
"Chet Faker,Soulwax",Whatever Tomorrow - Soulwax Remix
Chic,You Are Beautiful (Frankie Rodriguez Beautiful Edit)
Chic,I Want Your Love - 2018 Remaster
Chic,I Feel Your Love Comin' On
Chic,You Are Beautiful
Chicago,I'm A Man (Rub n Tug edit)
Chicago,I'm A Man (Rub-N-Tug's Lower Beard Stays The Same Re-Edit)
Chicago,I'm a Man - 2002 Remaster
"Chicken Lips,Headman aka Robi Insinna",It Rough - Chicken Lips Remix
Chris & Cosey,This Is Me
Chris Isaak,Wicked Games (Richie Hawtin Edit)
"Chuck Mangione,Esther Satterfield",Land Of Make Believe
City,Aus Der Ferne (Despacio Edit) [1979]
City,Aus der Ferne
"Claptone,George Kranz",The Drums (Din Daa Daa) - Dennis Cruz Remix
Cliché (Soulwax Remix),Charlotte Adigéry & Bolis Pupul
Clive Stevens & Brainchild,Mystery Man (Remix)
Clive Stevens & Brainchild,Mystery Man
Clout,Sunshine Baby
Coconutscale,Back Polish
Come Over,Robert Palmer
Comet,Cometen Zauber
Conrad Schnitzler & Gregor Schnitzler,The Shark Eats Ice
"Conrad,Gregor Schnitzler",The Shark Eats Ice
Cool Cat,Queen
Crash Course In Science,Jump Over Barrels
"Crash Course In Science,J Rocc",Flying Turns (J Rocc Edit)
Cream,Sunshine Of Your Love
Creedence Clearwater Revival,Have You Ever Seen The Rain?
Cristian Agrillo,Keep On Move - Original Mix
Croatia White,Waffles
Crystal Grass,Dream On [1975]
Crystal Grass,Dream On
Crystal Ice Dub,The Fixx
Cultural Vibe,Ma Foom Bey (Rhythm Version)
Cultural Vibe,Ma Foom Bey - Rhythm Version
Cultural Vibe,Ma Foom Bey - Love Chant Version
Cultural Vibe,Ma Foom Bey - Special ZZB Version
Culture,Capture Rasta
"Cy1,Bikaye,Zazou",Lamuka
D.C. La Rue,Do You Want The Real Thing [1978]
D.C. La Rue,Do You Want The Real Thing (probably the Ron Basejam Main Rub Mix)
"D.C. LaRue,Ron Basejam",Do You Want the Real Thing? - Ron Basejam's Main Rub
Da Da Da,Trio
Da Funk,Daft Punk
Daft Punk,Da Funk
Daft Punk,Giorgio by Moroder
Dance On The Groove (And Do The Funk),Love International
"Dance, Dance, Dance",Marta Acuna
Dancin' Machine,Who's Who
Daniel Avery,Naive Response
Daniel Wang,Like Some Dream I Can't Stop Dreaming
"Daphni,Paradise",Sizzling - Radio Edit
Daryl Hall & John Oates,I Can't Go For That (No Can Do)
Daryl Hall & John Oates,I Can't Go For That (No Can Do) (2manydjs Edit)
Data,Soldier's Flag
"Data,The Reflex",Soldiers Flag - The Reflex Revision
David Bowie,young americans (despacio edit)
David Bowie,Young Americans (2manydjs Edit)
David Bowie,Space Oddity - 2009 Remastered Version
David Bowie,Young Americans - Gouster; 2016 Remaster
David Bowie,Love Is Lost - Hello Steve Reich Mix by James Murphy for the DFA
David Bowie,Without You - 1999 Remaster
David Bowie,Fashion - 1999 Remaster
David Byrne,My Big Hands (Fall Through the Cracks)
David Byron,African Breeze
David Michael Cross,Nuclear War (Part II)
David Michael Cross,Nuclear War Part 2
Day Pulse,BEGIN
Daylight (Coyote Edit),Magic Wand
De Gantwerp Rappers,Poopeloo
De Gantwerp Rappers,Poopeloo
Deadly Valentine (Soulwax Remix),Charlotte Gainsburg
Death Disco,Arbeid Adelt!
"Decius,Lias Saoudi,Douglas Lucas",Roberto’s Tumescence
Deee-Lite,What Is Love?
Deep C,6th Borough Project
DEEWEE,Oh Stéphanie
Delia Gonzalez & Davin Russom,Relevee (Carl Craig Remix)
"Delia Gonzalez,Gavin Russom",Relevee - Carl Craig Remix/Slam Rework
Delta 5,You
Demis Roussos,Love Is
Demis Roussos,I Dig You
Dennis Parker,Like An Eagle
Dennis Parker,Like an Eagle (Todd Terje Edit)
Dennis Parker,Like An Eagle (Todd Terje Edit) [1979]
Deux,Everybody's Night
Diana Ross,Love Hangover
Diana Ross,Upside Down
Diplo and Damian Lazarus,Don’t Be Afraid (Soulwax Remix)
"Diplo,Damian Lazarus,Soulwax,Jungle",Don't Be Afraid (feat. Jungle) - Soulwax Remix
Disco Cola / Jungle Window / Salutation Akazehe (2manydjs Edit),"Sammy Burdson, Daevid Allen & New York Gong / Kayanza"
DJ Cole Medina,Cole Loves Your Insides Out (Edit of Bee Gees 'Love You Inside Out') [2008]
DJ Fett Burger & DJ Grillo Wiener,Disco Fire
"DJ Marley Marl,Loose Joints",Is It All Over My Face?
DJ Nori,Happy Sunday (Maurice Fulton Mix)
DJ Steef,Triolisme
DJ Steef,Black Savates
Do what you Wanna do,T Connection
Do You Dream In Colour?,Bill Nelson
Do You Want the Real Thing,D.C. La Rue
Do Your Dance,Rose Royce
"Dominatrix,Claudia Summers,Ivan Baker,Ken Lockie,Stuart Argabright,Jay Burnette",The Dominatrix Sleeps Tonight (Dominant Mix)
Don't Let Go,Tony Orlando
Don't Let Our Youth Go To Waste,Jonathan Richman and The Modern Lovers
Donald Byrd,Love Has Come Around
Donna Summer,State Of Independence
Donna Summer,Last Dance - 12 Version
Donna Summer,I Feel Love - 12 Version
Dopplereffekt,Gesamtkunstwerk
Dr. John,Walked on Guilded Splinters
Dr. John,I Walk on Guilded Splinters
Dream On,Crystal Grass
Droids,Do You Have The Force Pt.1
Duran Duran,Planet Earth - Night Version
Duran Duran,Planet Earth
"Earth, Wind & Fire",September
"Earthbeat 12"" (Dub-Ble Discuss)",Slits
Ebo Taylor,Love & Death
Ebo Taylor,Love and Death
"Eddie Flashin"" Fowlkes""",Play It Cool (Vocal)
Eddie Hooper,Tomorrow's Sun
Eddie Hooper,tomorrow’s sun
Eddie Kendricks,Girl You Need A Change Of Mind
Edgar Broughton Band,Mr Crosby - 2004 Remaster
Edwin Starr,Get Up-Whirlpool (Eric Duncan Edit)
Edwin Starr,Get Up Whirlpool (Eric Duncan Edit) [2014]
Edwin Starr,Get Up Whirlpool (Eric Duncan Edit)
Edwin Starr,Get Up - Whirlpool
Ego Troopers,Her Poolparty (Soulwax 2manydjs remix)
Eighties Ladies,Turned On To You (Viva Shade Re edit)
Eighties Ladies,Turned on to You
Eighties Ladies,Turned On To You
El Turronero,Las Penas
El Turronero,Las Penas - Las Cañas
Elektrid Dred,Butter Up (Gimmie Some Bread) - Instrumental
Elkin & Nelson,Abran paso - Ahoa (Enrolle)
Emerge,Fisherspooner
EMMANUELLE,Free Hifi Internet
Endurance,Expanding Repetition
Equals,Funky Like a Train
Erotic City,Prince & The Revolution
Escape From New York,Fire In My Heart
Escape From New York,Fire in My Heart - Instrumental Dub
Escape From New York,Won't Be Your Fool
ESG,You're No Good
Ettika,Ettika (2manydjs Edit)
Ettika,Ettika (Despacio Edit) [1985]
Ettika,Ettika - Version maxi inédite
Eva Eva Eva,Tutto previsto
Everybody's Night,Deux
Exile,Kiss You All Over (Despacio Edit?)
Exile,Kiss You All Over (Re-Recorded)
Exuma,"Exuma, The Obeah Man"
"Faith, Hope and Charity",Fun Boy Three
Falcons,Perdido En El Universo [1979]
Falcons,Perdido en El Universo
Fatback Band,The Girl Is Fine (So Fine)
Feel the Heat,Ghosts of Venice
Fela Kuti,Ye Ye De Smell
Felix Da Housecat,Silver Screen (Shower Scene)
Fern Kinney,Baby Let Me Kiss You
Fernando,Search Of Indigo
Fernando,Natural 77
Fernando Pulichino,Search For Indigo
Fernando Pulichino,"""Natural 77"""
Ferrara,Love Attack (2manydjs .Get Off The Speakers. Edit)
Ferrara,Love Attack / Get Off The Speakers (Unreleased Soulwax Edit)
Ferrara,Love Attack (2manydjs Edit)
Ferrara,Love Attack
First Choice,Doctor Love
Fischerspooner,Emerge
Flash and the Pan,Midnight Man
Flash and the Pan,Midnight Man - Vintage 12
"Flight Facilities,Owl Eyes",Heart Attack - Snakehips Remix
Floorplan,We Magnify His Name
"Fontaines D.C.,Soulwax",A Hero's Death - Soulwax Remix
Forbidden Overture,Strictly Forbidden
Fox,S-s-s-single Bed [1976]
Fox,S-S-S-Single Bed
FPI Project,Risky - Original Mix
FPI Project,Rich In Paradise (Going Back To My Roots) - Vocal Remix
FPI Project,Everybody (All Over The World) - Dance Version
Francis The Great,Look Up In The Sky (Négro Nature)
Frankie Knuckles,Baby Wants to Ride
"Frankie Knuckles,Jamie Principle",Baby Wants to Ride
Freaks Only,Black Meteoric Star
"Frédéric Chopin,Novi Singers","Mazurka in A Minor, Op. 17: No. 4"
Free Life,Theres Something Better
Free Life,There's Something Better
French Kiss,Lil Louis
"Frits Wentink,Loes Jongerling",Nevertheless
"Frits Wentink,Loes Jongerling",In Addition
"Frits Wentink,Loes Jongerling","Rarely Pure, Never Simple - Club Edit"
"Frits Wentink,Loes Jongerling",In Addition - Club Edit
Fun Boy Three,"Faith, Hope And Charity (Despacio Edit)"
Fun Boy Three,Our Lips Are Sealed
Fun Boy Three,"Faith, Hope and Charity"
Fun With Music,Brian Brain
Funky like a Train,Equals
Gaffa,Attitude Dancing (Land Of A 1000 Dunces)
Gary Wright,Love Is Alive
Gatta,Attitude Dancing
Gaznevada,I.c. Love Affair - Italian Version
Gaznevada,Special Agent Man - Female Version
George Benson,On Broadway - Live
George Harrison,When We Was Fab - Remastered 2004
Germany Calling,Tone Band
Get It Up For Love,Ned Doheny
Get Up Whirlpool (Eric Duncan Edit),Edwin Starr
Ghosts of Venice,Feel the Heat
Gichy Dan,Cowboys & Gangsters (Social Disco Club Edit)
Gichy Dan,A Day Like Today - Todd Terje « Friendly Children » Edit
Gina X Performance,Nice Mover
"Gingy,Bordello",Body Acid
Gino Soccio,Remember
Giorgio Moroder,Valley Of The Dolls
Giorgio Moroder,Chase
Golden Teacher,Party People
Good as Gold,Tiga
Goodie,I Wanna Be Your Man
Got My Mojo Working,Melanie
Grace Jones,Don't Cry It's Only the Rhythm
Grace Jones,Slave to the Rhythm
Grace Jones,Don't Cry - It's Only The Rhythm
Grace Jones,Slave To The Rhythm - Hot Blooded Version
Grace Jones,Pull Up To The Bumper
Gust,Tarzan es men Blinken
Guy Buffet,Astronut Communications
Hall & Oates,I can't go for that
Hambu Hodo,Renaldo And The Loaf
Harald Grosskopf,Emphasis
Harold Melvin & The Blue Notes,Don't Leave Me This Way
"Harold Melvin & The Blue Notes,Dimitri From Paris",Tell The World How I Feel About 'Cha Baby - A Dimitri From Paris Disco Re-Edit
Harry Thumann,Underwater
Harry Thumann,Underwater (Original Version 1979)
Harry Thumann,Underwater Original Version 1979
Haruomi Hosono,Living-Dining-Kitchen
Haruomi Hosono,Sports Men
Haruomi Hosono,L.D.K. (2019 Remastering)
Haruomi Hosono,スポーツマン (2019 Remastering)
Harvey Sutherland,Bermuda
Hawkwind,Silver Machine
He Said,Pump
Headman,“It Rough” chicken lips remix
Headman aka Robbi Insinna,"""It's Rough (chicken lips remix)"
Heart,Magic Man
Heliotropes,War Isn't Over
"Henri-Pierre Noel,The Reflex",Diskette - The Reflex Revision
Herb Alpert,Rise
Herb Alpert,Rise
Herb Alpert,Rotation
Here Comes the Family,"Archie Shepp, Trilok Gurtue, Peter Giger's Family of Percussion"
Here Comes the Sun (2manydjs Edit),The Beatles
Himmelfahrt,Mark Allen Shepherd
Hold On,Stephane Severac
Holger Czukay,Cool in the Pool
Home,Resonance
Horace Andy,Problems
Hot Caramel (Soulwax remix),The Peppers
Hot Chip,Huarache Lights - Soulwax Remix
Hot Chip,Over And Over
Hot Chocolate,Mindless Boogie
Hot Chocolate,Every 1's a Winner
Hot Chocolate,Mindless Boogie - 2011 Remaster
Hot Toddy,Down to Love
Howlin' Wolf,Smokestack Lightnin'
Hudson,Ford ‎– Daylight (Coyote Edit)
Hudson-Ford,Daylight (Coyote Edit)
Hudson-Ford,Daylight (Coyote Edit)
Hush Moss,It Takes A Lot
I can't go for that,Hall and Oates
I Wanna Be Your Man,Goodie
"I'm A Wonderful Thing, Baby",Kid Creole & The Coconuts
I'm Hungry,Stopp
Idjut Boys,Schlagstock - Vacant Gaze Version
If All We Had Was Love,Watussi
Imagination,Just An Illusion
Imagination,Music and Lights
In Flagranti,Business Acumen
In Flagranti,Business Acumen
Inside Out,Frank Virgilio
Interplanetary Music,Mickey Moonlight
INXS,Need You Tonight
Is it All Over My Face,Loose Joints
Isabelle Mayereau,On a trouve
It Rough (Chicken Lips Remix),Headman
It's No Spirit (Soulwax Remix),Bullion
J.J. Cale,After Midnight
Jackey Beavers,Mr. Bump Man (Theo Parrish Re-Edit)
Jackey Beavers,Mr Bump Man (Give Me a Hand)
Jackson 5,Hum along and dance
Jackson Jones,"I Feel Good, Put Your Pants On"
"Jah Wobble,The Edge",Hold On To Your Dreams
Jalyn Lewis,Pinnacle
James Gang,Funk #49
James Holden,Gone Feral
James Holden,Blackpool Late Eighties
James Mason,I Want Your Love
James Mason,I Want Your Love
James Righton,Touch
Jan Hammer Group,Don't You Know [1977]
Jan Hammer Group,Don't You Know
Japan,Visions of China
Japan,Visions Of China [1981]
Japan,Life in Tokyo
Japan,Life In Tokyo (12) - 12
Japan,Visions Of China - 2003 Digital Remaster
Jasper van 't Hof – Pili,Pili
Jasper Van't Hof,"Pili Pili (Special 12"" Disco Mix)"
Jasper van't Hofs Pili Pili,Pili Pili
Jaydee,Plastic Dreams
Jayson Green & The Jerk,Local Jerk
Jayson Green and the Jerk,Local Jerk
Jean Yves Labat,Cash
Jean Yves Labat,Cash [1978]
Jeanette,Porque Te Vas
Jeanette,¿Porqué te vas?
Jeanette Thomas,Shake Your Body
Jeanette Thomas,Shake Your Body (House Shaker Version)
Jee Day,Aura Go
Jeff Britton & The Spitfires,Rub Out
Jerry Williams,This Song
Joe Simon,Love Vibration
Joe Tex,I Gotcha
Joey Beltram,Energy Flash
"Johann Strauss II,Westminster Concert Orchestra",The Blue Danube - Reprise
John Kongos,I'm Dreaming (Any Moment I May Wake Up Screaming) - Mixed
Johnny Harris,Oddysey (Despacio Edit?) [1980]
Johnny Harris,Odyssey (Pt. 1)
Johnny Wakelin,In Zaire
Jolly Music,Radio Jolly - Radio Edit
Jon & Vangelis,state of independence
Jon & Vangelis,State Of Independence - Remastered
José Padilla,Solito - Wolf Müller Water Mix
"Julien Creance,Kurt Davis",Dreams - Radio Master
Jump Over Barrels,Crash Course In Science
Jungle,Julia (Soulwax Remix)
Jungle Boogie (2manydjs Edit),Kool & The Gang
Jungle Man,The Hunters
Junior Byron,Dance To The Music
Justus Köhncke,Timecode - Tyree Cooper Mix
Justus Köhncke,Timecode - Maxi Version
Karat,Der Blaue Planet
Kate Bush,Running Up That Hill (A Deal With God)
Kel Air & Band Band,Tuareg - Vocal
KelAir Band,Tuareg
Kid Creole And The Coconuts,"I'm A Wonderful Thing, Baby - Original 12"
King Floyd,Baby Let Me Kiss You
King Sunny Ade,Ja Fun Mi Dub
King Sunny Ade,Ja Funmi
KLANKEN,Twee
Klaus Weiss,Dirt-Track - Remastered
Kool & the Gang,Jungle Boogie (2manydjs Edit)
Kool & the Gang,Jungle Boogie (Despacio Edit) [1973]
Kool & the Gang,Jungle Boogie
Kool and The Gang,Jungle Boogie (RIPPER remix) [Reflex Edit]
Koreless,Joy Squad
Kraan,Dancing In The Shade
Kraftwerk,Numbers / Computer World 2
Kraftwerk,Numbers
Kraftwerk,Computer World 2
Kraftwerk,Computerwelt 2
Kraftwerk,Computer World 2 - 2009 Remaster
Kraftwerk,Numbers - 2009 Remaster
L.B. Bad,Just Don't Stop the Dance
L.B. Bad,Just Don't Stop
La Bionda,I Wanna Be Your Lover
LA Priest,Learning To Love - Radio Edit
Ladytron,Seventeen
Laid Back,Sunshine Reggae
Laid Back,Fly Away / Walking in the Sunshine - 2008 Remaster
Laila,The Other Me - DEEWEEDUB
Lamuka,"Bikae, CY1 & Zzou"
Laurin Rinder & W. Michael Lewis,"anger and sex (Members Only ""Anger and Sex"""
Laurin Rinder & W. Michael Lewis,Anger
LCD Soundsystem,tonite
"LCD Soundsystem,Prince Language",45:33 - Prince Language Remix
Lee Lewis,French Kiss - Radio Version
Leik,Burner (Original Mix)
Leik,Burner - Original Mix
Leonard Nimoy,Spock Thoughts
Les Rythmes Digitales,Jacques Your Body (Make Me Sweat) - Club Mix
Let It Happen (Soulwax Remix),Tame Impala
Li Garatonni,Here Is Silence
Li Garattoni,Here Is Silence
Like an Eagle,Dennis Parker
Like Some Dream (I Can't Stop Dreaming),Daniel Wang
Lil Louis,French Kiss
Lil' Louis & The World,French Kiss (The Original Underground Mix)
Lil' Louis & The World,French Kiss - The Original Underground Mix
Lion,You've Got a Woman
Liquid Liquid,Cavern
Living-Dining-Kitchen,Haruomi Hosono
Logic System,Unit
Look My Way,The Vels
Loose Joints,Is It All over My Face? (Larry Levan Remix)
Loose Joints,Is It All Over My Face? - Female Version
Los Lobos,Lemon 'n' Ice
Lou Reed,Disco Mystic (2manydjs edit)
Lou Reed,My Love is Chemical
Lou Reed,Disco Mystic
Love Attack (2manydjs 'Get Of The Speakers' Edit),Ferrara
Love Committee,Just As Long As I Got You - Disco Re-edit By Dimitri From Paris gray/tyson/conway
Love Committee,Just As Long As I Got You
"Love Committee,Dimitri From Paris",Just As Long As I Got You (Dimitri from Paris DJ Friendly Classic Re-Edit) - 2017 - Remaster
Love has Come Around,Donald Byrd
Love International,Airport Of Love
Love Letter to Despacio,Andres Montiel
Lower Beard Stays The Same,Thomas And Eric
Lucifer's Friend,Vision
Lucius,Turn It Around - The Reflex Revision
"Luminodisco,DJ Fett Burger & DJ Grillo Wiener",Diavolo di un Disco - DJ Fett Burger & DJ Grillo Wiener's Emosjonelle Runkering Mix
Lynsey De Paul,Sugar Me [1972]
Lynsey De Paul,Sugar Me
Macao,Waffles
Madonna,Justify My Love (Q-Sound Mix)
Madonna,Justify My Love (Edit?)
Madonna,Justify My Love
"Madonna,Goh Hotoda,Shep Pettibone",Justify My Love - Q-Sound Mix Version
Magic Dance,Su Kramer
Magic Man,Heart
Magnus Uggla,Sommartid - Remix
Mahotella Queens,Wozani Mahipi (Despacio Edit) [1974]
Mahotella Queens,Wozani Mahipi
Mahotella Queens,Wozani Mahipi (2manydjs Edit)
"Man Parrish,Forbidden Overture",Strictly Forbidden
Margie Lomax,God's Greatest Gift to Man Is Woman
Mariah,Shinzo No Tobira
Mariah,少年
Marie Davidson,unk - unreleased / untitled
"Marie Davidson,Soulwax",Work It - Soulwax Remix
Mark Allen Shepherd,Himmelfahrt
Mark Hollis,A Life (1895 - 1915)
Marsha Hunt,Oh No! Not The Beast Day
Marsha Hunt's 22,"(Oh, No! Not!) The Beast Day"
Marshall Hain,Dancing in the City
Marta Acuna,"Dance, Dance, Dance (Disco Version)"
Marta Acuna,"Dance, Dance, Dance"
Marta Acuna 🚩,"Dance, Dance, Dance 🚩"
Marvin Gaye,A funky space reincarnation
Marvin Gaye,A Funky Space Reincarnation [1978]
Matata (2manydjs Edit),Uele Kalabubu Et Sa Tribu
"Material,Michael Beinhorn,Bill Laswell,Daniel Ponce",Don't Lose Control
Matias Aguayo,El Sucu Tucu
Matias Aguayo,Niños
Max Berlin,Elle Et Moi
Melanie,I Got My Mo-Jo Working
Melanie,got my mojo workin’
Melanie,Got My Mojo Working
Melba Moore,You Stepped Into My Life
Men Without Hats,The Safety Dance (2manydjs Edit)
Men Without Hats,Safety Dance (Despacio Edit) [1982]
Men Without Hats,The Safety Dance
Metronomy,Love Letters (Soulwax Remix)
"MFSB,The Three Degrees",Love Is the Message (feat. The Three Degrees) - Love Groove Bonus
Miami (Parrot and Cocker Too Remix),Baxter Drury
Michael Jackson,Wanna Be Startin' Somethin' - Demo
Michael Jackson,Billie Jean (1981 Home Demo)
Michael Nesmith,Cruisin (Lucy And Ramona And Sunset Sam)
Michael Nesmith,Cruisin' (Lucy And Ramona And Sunset Sam) [1979]
Michael Nesmith,Cruisin'
Michael Wilson,Groove It To Your Body
Mickey Moonlight,Interplanetary Music
Mickey Moonlight,Interplanetary Music - Dub
Midnight Magic,Beam Me Up
"Midnight Man (12"" Extended Version)",Flash And The Pan
Mim Suleiman,Nyuli (Dub)
Mim Suleiman,Mingi
Mim Suleiman,Nyuli (Dub) [2010]
Mim Suleiman,Nyuli
Mina,Capisco (2manydjs Edit)
Mina,Capisco - 2001 Remaster
Mindless Boogie,Hot Chocolate
Ministry,Primental
Misa Criolla Gloria,Fuego
Model 500,No UFO's (Inst)
Mogwai,Hungry Face
Moments in Love,Art of Noise
Monica,Secret in the Dark (Despacio Edit)
Monica,Secret in the Dark (Despacio Edit)
Monica,Secret in the Dark (Despacio Edit)
Montana Sextet,Who Needs Enemies? (with A Friend Like You) - Original Club Mix
"Moodymann,Andres",Lyk U Use 2 (feat. Andres)
Mop Mop,Kamakumba
Moskow Disko,Telex
Mr Bumpman,Rahaan
Mr. Fingers,Can You Feel It
Mr. Fingers,Mystery Of Love
Mr. Oizo,Flat Beat
Mudd,Advt. In Bricketwood - Original
Music for Chameleons,Gary Numan
MUTSUMI,"58, 26, 34, & 20"
My Gigolo,Maurice Fulton Presents Stress
Mystery Man,Clive Stevens and Brainchild
"Nana? Nono, Nene!",Bob Moses & Billy Martin
Ned Doheny,Get It Up For Love
Ned Doheny,Get It Up For Love
Need You Tonight (2manydjs Edit),INXS
Neneh Cherry,Buffalo Stance - 12'' Mix
Ngozi,Sunka Mulamu (Waffles Edit) [teased in 2019]
Ngozi Family,Sunka Mulamu (2manydjs Edit)
Ngozi Family,Sunka Muluma
Niagara,Sangandongo
Nice Mover,Gina X
Nightime In The Switching Yard,Warren Zevon
Nikola Mihailovic,Sense of Dream (Original Mix)
Nikola Mihailovic,Sense of Dream
Nitro Deluxe,Let's Get Brutal - Brutal House
Northend & Michelle Wallace,Happy Days
Novi Singers,"mazurka in a minor, op. 17: no. 4"
Numbers / Computer World 2,Kraftwerk
NYC Peech Boys,Don't Make Me Wait
Nyuli (Dub),Mim Suleiman
Offering,Love in the Darkness
Oh No No No Not The Beast Day,Marsha Hunt
Oliver Mandić,Sve Su Seke Jebene
Oliver Sim,Sensitive Child (Soulwax Remix)
"Oliver Sim,Soulwax",Sensitive Child - Soulwax Remix
Olivia Newton John,Jolene (Tom Bullock Edit)
Olivia Newton John,Magic
Olivia Newton John,Jolene
Olivia Newton John,Magic - Xanadu Soundtrack Version
On Broadway,George Benson
Oni Ayhun,OAR003-B
Only You (Frankie Francis Disco Jam Edit),Steve Monite
Open up the Sky (Soulwax remix),Shock Machine
"Opening (from ""Glassworks"")",Philip Glass
Orange Juice,Rip It Up
Orestt,Homies
Orlando Riva Sound,Moon Boots
Ozo,Anambra - 12 Extended Mix
Pachanga Boys,Black Naga
Paperclip People,Throw
"Paranoid London,Mutado Pintado",Eating Glue
"Paranoid London,Mutado Pintado",Transmission 5
Passion,Rod Stewart
Patchouli Brothers,Cheat Lie Kill Die
Patrick Cowley,Low Down Dirty Rhythm
"Patrick Cowley,Jeanie Tracy",Low Down Dirty Rhythm
"Patrick Cowley,Sylvester",Do You Wanna Funk?
Paul Mcartney,Check My Machine
Paul McCartney,Check My Machine
Paul McCartney,Check My Machine [edit] - 2011 Remaster
"Paul McCartney,Michael Jackson",Say Say Say - Remastered 2015
Paul Mirror,Polite
Paul Simon,Diamonds On The Soles Of Her Shoes
Perfume Genius,Grid
Pete Shelley,Witness the Change
Pete Shelley,I Don't Know What It Is
Peter Brown,The Singer's Become A Dancer
Peter Croce,Do What You Wanna Do - Mr. PC Mystic Rhythm Dub Edit
"Peter Giger's Family Of Percussion,Archie Shepp,Trilok Gurtu,Albert Mangelsdorff,Wolfgang Dauner",Here Comes the Family
Peter Gordon & Love Of Life Orchestra,Beginning Of The Heartbreak
Peter Gordon & Love Of Life Orchestra,Beginning of the Heartbreak / Don't Don't
Peter Jacques Band,Fly With The Wind - US 12 Inch Mix
Peter Tosh,Dubbing Buk-in-hamm
Peter Tosh,Dubbing Buk-In-Hamm Palace - 2002 Remastered Version
Phil Kieran,Polyrhythmic
Philip Bailey,Billy Jack
Philip Glass,Opening
"Philip Glass,Bruce Brubaker",Opening
Phill & Friends Band,This Man
Phillipi & Rodrigo,Gueto de Gent
Pilou,Ça va
Pixeltan,Yamerarena-I
Plant43,The Toll Gate
Plastic Bertrand,tout petit la planette
Play it Again,Atomic Rooster
Poland,Waffles
Poolside,Harvest Moon
Por Que Te Vas,Jeanette
Premintal,D.A.N.
Pretty Sister,Drive
Prince,When we’re dancing close and slow [possibly UNK]
Prince,When We're Dancing Close and Slow
Prince,Purple Rain
Prince,Erotic City
"Prince,Eric Leeds,Keith Kc"" Cohen",Clockin' the Jizz (feat. Eric Leeds) - Instrumental Version
Prinzborn Dance School,You are the space invader
Prinzhorn Dance School,You Are The Space Invader (An Optimo (Espacio) Mix)
Prinzhorn Dance School,You Are The Space Invader
Projections,Set It Up
Prototype A (2manydjs Edit),Ryuichi Sakamoto
Psychemagik,Rattlesnake - Original Mix
Psychemagik,Mink & Shoes - Dub Mix
Punkin Machine,I Need You Tonight
Q Lazzarus,Goodbye Horses
Queen,Another One Bites The Dust
Queen,Cool Cat - Remastered 2011
Queen,Another One Bites The Dust - Remastered 2011
Raggio Di Luna,Comanchero (Vocal) [1984]
Raggio Di Luna,Comanchero
Ram Jam,Black Betty
Rammellzee & K,Rob-Beat Bop
"Rammellzee,K-Rob",Beat Bop - Edit
Rare Earth,Get Ready
Rare Earth,I Just Want To Celebrate
Red Axes,Sun My Sweet Sun (rework)
Red Axes,Sun My Sweet Sun (Despacio Edit) [2016]
Red Axes,The Metal Bender
Red Axes,Sun My Sweet Sun
Red Axes,The Metal Bender - Original Mix
Red Rack'em,Wonky Bassline Disco Banger
Reinhold Bilgeri,Video Life
Remember,Gino Soccio
Renaldo & The Loaf,Hambu Hodo
rex illusivi,facedance
Rex Ilusivii,Facedance
Richard Wahnfried,Charming The Wind
Rob Mehl,House On the Rock
Robert Palmer,Come Over
Robert Palmer,The Silver Gun
Robert Wyatt,The Age Of Self [1985]
Robert Wyatt,The Age Of Self
Roberto's Tumescence,Decius ft. Lias Saoudi & Douglas Lucas
"Robyn,Soulwax",Ever Again - Soulwax Remix
Rockets,On the Road Again
Rod Stewart,Passion
Rod Stewart,Passion [1980]
Roisin Murphy,Something More (Soulwax Remix)
"Róisín Murphy,Soulwax",Something More - Soulwax Remix
Roland P. Young,Ballo-Balla
Roland P. Young,Ballo-Balla
Roland Young,Ballo-Balla
Rory Phillips,Mover
Rose Royce,R R Express
Rose Royce,Do Your Dance
Rose Royce,R.R. Express (Long Edit)
Roy Ayers Ubiquity,Everybody Loves The Sunshine
Rubber Band,caoutchouc
Ryuichi Sakamoto,Honneamise (2manydjs Edit)
Ryuichi Sakamoto,Prototype A (Despacio Edit) [1986]
Ryuichi Sakamoto,Prototype A (2manydjs Edit)
S-S-S-Single Bed,Foxx
S.D Moisen,Nankurunaisa
Sammy Burdson,Daevid Allen & New York Gong - Disco Cola / Jungle Windo(w) (2manydjs Edit)
Sandii,Zoot Kook
Sangandongo (2manydjs Edit),Niagara
Santi Arisa & La Tribu,Au Vinga Pica
Santi Arisa & Tribu,Au Vinga Pica [1991]
Sarı Çizmeli Mehmet Ağa,Barış Manço
Scritti Politti,Absolute
Monica,Secret in the Dark (Despacio Edit)
Secret Squirrels #10,Side A
Sedoy,Vinyl - Original Mix
Sensitive Child (Soulwax Remix),Oliver Sim
Sergey Karpov,Open The Door - инструментал
Seventeen,Ladytron
Severed Heads,We have come to bless the house
Seydinah,A La Folie
Shadow,Let's Get It Together
Sharevari,A Number Of Names
Sheila Chandra,Lament
Sheila Chandra,Quiet 1
Sheila E,A Love Bizarre
Shina Williams & His African Percussionists,Agb'oju L'ogun - Original 12 Version
Shinzo No Tobira,Mariah
Shit Robot,Hey Creep!
Shit Robot,Shit Robot
Shit Robot,Dingbat - Feat Museum of Love
"Shit Robot,Museum Of Love",Dingbat
"Shit Robot,Reggie Watts",We Got A Love
"Shit Robot,Reggie Watts",Where It's At (feat. Reggie Watts) - Johnny Aux Remix
"Shit Robot,Reggie Watts",Where It's At - Johnny Aux Remix
"Shit Robot,Suzi Horn",Breathe (Looking At Gibraltar)
"Shock Machine,Soulwax",Open up the Sky - Soulwax Remix
Shonen,Mariah
Shriekback,My Spine Is The Bass Line
Simple Minds,This Fear Of Gods (Despacio Edit) [1980]
Simple Minds,This Fear Of Gods (2manydjs Edit)
Simple Minds,This Fear Of Gods - Remastered 2002
Siriusmo,Wow
Sister Nancy,Bam Bam
Sister Sledge,He's the Greatest Dancer - 1995 Remaster
"Sister Sledge,Bernard Edwards,Nile Rodgers",Lost In Music - 1984 Bernard Edwards & Nile Rodgers Remix
Situation,Yazoo
SK Project,Your Love Is Taking Me Over - SK Mix
Skatt Bros,Walk the Night
Sky,Westway
Sky,Westway [1979]
Slave to the Rhythm,Grace Jones
Slits,Earthbeats (Dub-ble Discuss)
Sommartid (1981 Remix),Magnus Uggla
Sophie Hunger,I Opened A Bar
Soulwax Ft. Chloë Sevigny,Heaven Scent (DEEWEEDUB) [2016]
"Soulwax,Chloe Sevigny",Heaven Scent - Deeweedub
Space Operator (2manydjs Edit),4 M International
"Speedometer,James Junior",No Turning Back (feat. James Junior)
"Speedometer,James Junior,The Reflex",No Turning Back - The Reflex Revision Full Length Version
Sports Men,Haruomi Hosono
State of Independence,Jon & Vangelis
Steady Going (2manydjs Edit),Peter Lüdemann & Pit Troja
Steel Mind,Boss Man
Stephane Sévérac,Hold On (Extended Mix)
Stephane Sévérac,Hold On (?? edit)
Stephane Sévérac,Hold On
Stereolab,Emperor Tomato Ketchup
Steve Miller Band,Space Intro / Fly Like An Eagle [1976]
Steve Miller Band,Fly Like an Eagle
Steve Miller Band,Space Intro
Steve Monite,Only You (Frankie Francis Disco Jam Mix)
Steve Monite,Only You
"Steve Monite,Frankie Francis",Only You - Frankie Francis Disco Jam Edit
Steve Reich,pulse (sections I - X)
Steve Reich,Music for 18 Musicians: Section IIIA
Steve Reich,Pulse - Sections I-X - Pulse
Steve Reich Ensemble,Music for 18 musician
"Steve Reich,Ida Szabo,Ágnes Dobszay,Zsuzsanna Lukin,Katalin Károlyi,Janos Maczak,Zoltán Rácz,György Oravecz,Zsolt Sarkany,Zoltán Váczi,Karoly Bojtos,Benedek Tóth,Tibor Nemes,Gergely Bíró,Aurél Holló,Amadinda Percussion Group,Group 180",Music for 18 Musicians
Still Going,Still Going Theme
Strafe,Set It Off (Vocal)
Stratus Quo,6th Borough Project
Stretch,Why Did You Do It
Stretch,Why Did You Do It - Remastered
Strictly Forbidden,Forbidden Overture
Stupid Human,Swamp Funk
Su Kramer,Magic Dance
Su Kramer,Magic Dance 1978
Su Kramer,Magic Dance - Remastered
Sugardaddy,How Long
Suicide,Misery Train
Suicide,Misery Train [2002]
Summer Nights in Harlem,The Fantasy
Sun My Sweet Sun (2ManyDJs Edit),Red Axes
Sunka Muluma (2manydjs Edit),Ngozi Family
SunPalace,Rude Movements
Sunscreem,Perfect Motion
Sunshine Baby,Clout
Suzy Q,Tonight
Sve Su Seke Jebene,Oliver Mandić
Swamp Funk,Stupid Human
Sworn Virgins,Fifty Dollar Bills
Sworn Virgins,Take Your Lady
Sworn Virgins,Lazer Beam - Edit
Sworn Virgins,The Male Man
Sworn Virgins,Searchin for Hiro
Sworn Virgins,The Male Man
Syclops,Nelson's Back
Syclops,Where's Jason's K
Sylvester,You Make Me Feel (Mighty Real) (Soulwax For Despacio Remix)
Sylvester,I Need Somebody To Love Tonight
Sylvester,Over And Over
Sylvester,You Make Me Feel (Mighty Real)
Sylvester & Soulwax,You Make Me Feel (Mighty Real) [Soulwax for Despacio]
Sylvester & Soulwax,You Make Me Feel (Mighty Real) - Soulwax For Despacio Remix
Symsonic,Sublime
Syreeta,Can't Shake Your Love - Larry Levan 12 Mix
T Connection,Do What You Wanna Do (Despacio Edit?)
T Connection,Do What You Wanna Do
T. Rex,Scenescof Dynasty
Tabu Ley Rochereau,Hafi Deo
Taj Mahal,Trabajar (Despacio Edit) [1986]
Talking Heads,This Must Be The Place
Talking Heads,"Burning Down The House/Tom Tom Club-Genius Of Love (Soulwax Despacio ""Yella"" Edit)"
Talking Heads,Burning Down The House (2manydjs Yella Edit)
Talking Heads,Once in a Lifetime - 2005 Remaster
Talking Heads,Psycho Killer - 2005 Remaster
Talking Heads,Burning Down the House - 2005 Remaster
Talking Heads,This Must Be The Place (Naive Melody) - 2005 Remastered Version
"Tame Impala,Soulwax",Let It Happen - Soulwax Remix
Tantra,A Place Called Tarot - Idjut Boys Re-Edit
Teengirl Fantasy,Cheaters
"Teengirl Fantasy,John Talabot",Cheaters - John Talabot's Classic Vocal Refix
Telex,Victime de La Societe
Telex,Moskow Diskow
Telex,Victime De La Société - 2023 Remaster
Telex,Moskow Diskow - 2021 Remaster
"Tendts,Soulwax",Cosmic Swimmer - Soulwax Remix
The Antennas,Just Your Love
The Art Of Noise,Moments In Love
The Astec Mystic,Jaguar
The Asteroids Galaxy Tour,The Sun Ain't Shining No More
The Barking Dogs,The Guitar Man (Original Mix)
The Beach Boys,Do It Again - Remastered 2001
The Beat goes On,Casino Music
The Beatles,Here Comes The Sun
The Beatles,Sun King - Remastered
The Beatles,Here Comes The Sun - Remastered
The Beatles,Here Comes The Sun (2manydjs Edit)
The Blue Danube (Reprise),Herbert von Karaian & The Berlin Philarmonic
The Byrds,Triad
The Cars,A Dream Away
The Cats 'N' Jammer,Disco Drum
The Chaplin Band,Il Veliero - Extended Version
The Charlatans,The Only One I Know
The Clash,Outside Broadcast
The Clash,This is Radio Clash
The Congos,Congoman [?]
The Congos,Congoman
The Edgar Broughton Band,Mr. Crosby
The Equals,Funky Like A Train [1976]
The Escorts,Make Me Over
The Fantasy,Summer Night in Harlem
The Force,It's Ok
The Greatest Name That Lives (Alessandro Adriani Remix),Lata Ramasar
The Heat is On,Agnetha Faltskog
"The Housemaster Boyz,The Rude Boy of House",House Nation
The Human League,Hard Times/Love Action (I Believe in Love) - Instrumental /2012 Remaster
The Jackson 5,Hum Along And Dance
The Jellies,Jive Babt On A Saturday Night
The Jellies,Jive Baby On A Saturday Night
The Jesus Lizard,Then Comes Dudley
"The League Unlimited Orchestra,Martin Rushent",Things That Dreams Are Made Of - Instrumental / Remix / Remaster 2002
The Lijadu Sisters,Come On Home
The Messengers,In The Jungle
The Michael Zager Band,Let's All Chant
The Modern Lovers,Don't let our youth go to waste
The New York Community Choir,I'll Keep My Light in My Window - 12 Version
The O'Jays,For the Love of Money
The Orb,Little Fluffy Clouds (Cumulonimbus Mix)
The Orb,Little Fluffy Clouds
"The Orb,Pal Joey",Little Fluffy Clouds - Cumulo Nimbus Mix by Pal Joey
The Osmonds,It'll Be Me
The Osmonds,"I,I,I"
The Peppers,Hot Caramel (Soulwax Remix)
The Peppers,Hot Caramel (Soulwax Remix) [2015]
"The Peppers,Soulwax",Hot Caramel - Soulwax Remix
The Phill & Friends Band,This Man
The Radio Dept.,Where Damage Isn't Already Done
The Raincoats,No One's Little Girl [1982]
The Raincoats,No One's Little Girl
The Roches,Hammond Song
The Sabres Of Paradise,Smokebelch II
The Safety Dance (2manydjs Edit),Men Without Hats
The Singer's Become a Dancer,Peter Brown
The Slits,Earthbeat (7 Version)
The Spencer Davis Group,I'm A Man - Remastered 2010
The Stone Roses,Fools Gold - Remastered 2009
The Strokes,Under Cover Of Darkness
The Turtles,I'm Chief Kamanawanalea (We're The Royal Macadamia Nuts) (2manydjs Edit)
The Turtles,I'm Chief Kamanawanalea (We're The Royal Macadamia Nuts)
The Turtles,I'm Chief Kamanawanalea (We're The Royal Macadamia Nuts) (2manydjs Edit)
The Vels,LOOK MY WAY
The Warlord,The Ultimate Warlord
The Weeknd,The Hills
Things That Dreams Are Made Of,The League Unlimited Orchestra
Third World,Now That We've Found Love - Single Version
This Man,Phill & Friends Band
This Must Be The Place (Naive Melody),Talking Heads
Tiga,Good as Gold
Time Bandits,I'm Only Shooting Love
To You,Alf Emil Elk
Todd Terje,Ragysh
Todd Terje,Inspector Norse
Together,Together (DJ Falcon and Thomas Bangalter)
Together (DJ Falcon & Thomas Bangalter) – Together,
Tom Tom Club,Genius of Love
Tom Tom Club,Wordy Rappinghood
Tommy Seebach,Bubble Sex
Tommy Seebach,Bubble Sex - 1998 Digital Remaster
Tomorrow's Sun,Eddie Hooper
Tone Band,Germany Calling
Tone Band,Germany Calling (Despacio Edit) [1981]
Tone Band,"Germany Calling (12"" Version)"
Tone Band,Germany Calling - 7 Original Version
Tony Orlando,Don't Let Go
Topo,"Ba Ba Go, Go"
Topo,"Ba Ba Bo, Go"
Tornado Wallace,Trance Encounters [2017]
Tornado Wallace,Trance Encounters
TOTO,Africa
Tracy Chapman,Fast Car
Trio,Da Da Da I Don't Love You You Don't Love Me Aha Aha Aha
Tu Tuareg,Kel-air & Band Band
Tullio De Piscopo,Stop Bajon
Tumblack,Vaudou (2manydjs Edit)
Uele Kalabubu Et Sa Tribu,Matata (2manydjs Edit)
Uele Kalabubu Et Sa Tribu,Matata (Despacio Edit) [1969]
Uele Kalabubu Et Sa Tribu,Matata
Underwater,Harry Thumann
Unknown (2manydjs Edit),
Untitled (B1) (EROS01),Eros
Uriah,Waffles
Valley Of The Dolls (Instrumental),Giorgio Moroder
Vangelis,Spiral
Vaudou (2manydjs Edit),Tumblack
Vaughan Mason,"Bounce, Rock, Skate, Roll (A Special Remixed Disco Version)"
Velvet Season & The Hearts of Gold,"""El Dorado"""
Video Life,Reinhold Bilgeri
Vision,Lucifer's Friend
Visions of China,Japan
Voyeur,Why
VPS,Spectre
Waffles,Hankuri
Waffles,Macao
Waffles,Uganda
Waffles,Ca Va
Waffles,Croatia White
Waffles,Hankuri [2016]
Waffles,Poland Waffle
Waffles,Croatia
Waffles,Uriah
Waffles,"007 A (2manydjs edit of Akiko Yano ""Tokimeki"")"
Waffles,49 Gang
Waffles,Spanish Fly
Waffles,Gaufre
Waffles,Side A
Waffles,Side B
Walk The Night (J.P. Productions Edit),Skatt Bros
Wang Chung,Dance Hall Days
War,The World Is a Ghetto
Warmduscher,Midnight Dipper
"Warmduscher,Soulwax",Midnight Dipper - Soulwax Remix
Warren Zevon,Nighttime in the switching yard
Was (Not Was),Tell Me That I'm Dreaming (Traditional 12 Remix)
Watsonian Institute,"New York, New York (possible 2Many DJs edit?)"
Watsonian Institute,"New York, New York"
Watussi,Purple Moon
Watussi,If All We Had Was Love
Westway,Sky
Wham!,Everything She Wants - Remix
When we're Dancing Close and Slow,Prince
Whirlpool Productions,From Disco To Disco
Who's Who,Dancin Machine
Who's Who,Dancin' Machine
Why,Carly Simon
Will Powers,Adventures in Success
Will Powers,Adventures In Success [1983]
Windowlicker,Aphex Twin
Wings,Let 'Em In - 2014 Remaster
Witness the Change,Pete Shelley
Womack & Womack,M.P.B.
Wonky Bassline Disco Banger,Red Rack'em
Woolfy & Projections,Set It Up
Woolfy & Projections,Set It Up
"Woolfy,Simon James",Looking Glass
Working in a Farmyard in a White Suit,Brian Brain
World Premiere,Share The Night - Breakdown Mix
Wozani Mahipi (2manydjs Edit),Mahotella Queens
xxyyxx,Breeze
Yamasuki,Yamasuki (Asa Moto reworked)
Yamasuki,Yamasuki
Yamasuki (2manydjs Edit),Yamasuki
Yaz,Situation
Yazoo,Situation (Dub Version)
Yazoo,Situation (Dub Mix)
Yazoo,Situation - 12 Remix
"Yazoo,Francois Kevorkian",Situation - Original US Dub
Yello,You Gotta Say Yes To Another Excess [1982]
Yellowman,Strong Me Strong
Yoko Hatanaka,出もどり魔女
Yoko Ono,Walking on Thin Ice
You are Beautiful (Frankie Rodriguez Beautiful Re-Edit),Chic
You Are The Space Invader (An Optimo (Espacio) Mix),Prinzhorn Dance School
You Make Me Feel Mighty Real [Soulwax for Despacio],Sylvester
You Should Be Dancin (Todd Terje Re-Edit),Bee Gees
Young Americans (2manydjs Edit),David Bowie
Zazou Bikaye & CY1,Lamuka
Zazou Bikaye & CY1,Lamuka
Zdenka Kovačiček,Elektra
Zed,Doragon Balls (Betty Botox Rework)
Zohra,Badala Zamana (2manydjs Edit)
Zohra,Badala Zamana (Soulwax Despacio Edit)
Zohra,Badala Zamana (Habibi Funk 015)
Zongamin,Bongo Song
付思超 · 林墨 · 利路修 · 米卡 · 庆怜 · 吴宇恒 · 薛八一 · 张嘉元,カエレ・アンテナ
付思超 · 林墨 · 利路修 · 米卡 · 庆怜 · 吴宇恒 · 薛八一 · 张嘉元,Be Mine (纯享版)
"付思超,林墨,利路修,mikah,庆怜,吴宇恒,薛八一,张嘉元",Be Mine - 纯享版
Ryuichi Sakamoto,The Wings of Honneamise
