Artist,Title,Label,Lyrics,Youtube,yt duration,Spotify,,discogs,language,Year,Notes,verified correct,youtube_1,youtube_2,discord_1,
Tumblack,Vaudou (2manydjs Edit),,,,,,,,,,,,,,https://discord.com/channels/1100861098124648459/1101542763834646528/1421277605222678669,
Waffles,Macao,,,,,,,,,,,,,,https://discord.com/channels/1100861098124648459/1101542763834646528/1421916499077103657,
Die Verboten,Live In Eivissa,,,,,,,,,,,,,,,
Love International,Airport of Love,,,,,,,,,,,,,,,
sandii,Zoot Kook,,,,,,,,,,,,,,,
Steve Reich,Music For 18 Musicians,,,,,,,,,,,,,,,
Unknown,? 1,,,,,,,,,,,,https://www.youtube.com/watch?v=c4NpWB2yVm4,,,
Unknown,? 2,,,,,,,,,,,,https://www.youtube.com/watch?v=oEtvc-Te_xg,,,
Unknown,? 3,,,,,,,,,,,,https://www.youtube.com/watch?v=tko0VY0Sxuk,,,
Unknown,? 4,,,,,,,,,,,,https://www.youtube.com/watch?v=zdDuRNbNwS0,,,
Unknown,? 5,,,,,,,,,,,,https://www.youtube.com/watch?v=WLlXQMxxJC4,,,
Unknown,? 6,,,,,,,,,,,,https://www.youtube.com/watch?v=uRpfh7B2nJc,,,
Unknown,? 7,,,,,,,,,,,,https://www.youtube.com/watch?v=ASVEGhQIIaw,,,
Unknown,? 8,,,,,,,,,,,,https://www.youtube.com/watch?v=5OWattqdeQY,,,
Unknown,? 9,,,,,,,,,,,,https://www.youtube.com/watch?v=7J6irOTeGuw,,,
Unknown,? 10,,,,,,,,,,,,https://www.youtube.com/watch?v=L_dy6SMlSLA,,,
Unknown,? 11,,,,,,,,,,,,https://www.youtube.com/watch?v=L_dy6SMlSLA,,,
Unknown,? 12,,,,,,,,,,,,https://www.youtube.com/watch?v=_9uBbQN1PPg,,,
Unknown,?2,,,,,,,,,,,,https://www.youtube.com/watch?v=_9uBbQN1PPg,,,
Unknown,? 13,,,,,,,,,,,,https://www.youtube.com/watch?v=Rnt8mMYOWWo,,,
Unknown,? 14,,,,,,,,,,,,https://www.youtube.com/watch?v=duIQdneMaUE,,,
Unknown,? familiar,,,,,,,,,,,,https://www.youtube.com/watch?v=0yQE2NL0NN0,,,
Unknown,? 15,,,,,,,,,,,,https://www.youtube.com/watch?v=8c88WWt9SWw,,,
#Begin,Day Pulse,,,,,,,,,,,,,,,
4 M International,Space Operator (Vocal Mix),,,https://www.youtube.com/watch?v=PtmcEh0JgDc,4:25,,,,,,,,,,,
Five Letters,Two For A Kiss,,,https://www.youtube.com/watch?v=bQlTHxzV3VA&t=520s,,,,,,,,,,,,
6th Borough Project,Deep C,,,,,,,,,,,,,,,
A Guy Called Gerald,Voodoo Ray,,,,,,,,,,,,,,,
Ace Frehley,New York Groove,,"Many years since I was here
On the street, I was passin' my time away
To the left and to the right
Buildings towering to the sky, it's outta sight
In the dead of night

(Ooh) Here I am, and in this city
(Ooh) With a fistful of dollars
And baby, you'd better believe

I'm back, back in the New York groove
I'm back, back in the New York groove
I'm back, back in the New York groove
Back in the New York groove
In the New York groove

In the back of my Cadillac
A wicked lady sittin' by my side, sayin', ""Where are we?""
Stopped at Third and Forty-Three
Exit to the night, it's gonna be ecstasy
This place was meant for me
[Pre-Chorus]
(Ooh) I feel so good tonight
(Ooh) Who cares about tomorrow?
So baby, you'd better believe

I'm back (New York groove)
Back in the New York groove (New York groove)
I'm back (New York groove)
Back in the New York groove (New York groove)
I'm back (New York groove)
Back in the New York groove (New York groove)
Back in the New York groove
In the New York groove

I'm back, back in the New York groove
I'm back, back in the New York groove
I'm back (New York groove)
Back in the New York groove (New York groove)
I'm back (New York groove)
Back in the New York groove (New York groove)
I'm back (New York groove)
Back in the New York groove (New York groove)
I'm back (New York groove)
Back in the New York groove (New York groove)
I'm back (New York groove)
Back in the New York groove (New York groove)
I'm back (New York groove)
Back in the New York groove (New York groove)
I'm back (New York groove)
Back in the New York groove (New York groove)
I'm back (New York groove)
Back in the New York groove (New York groove)
I'm back (New York groove)
Back in the New York groove (New York groove)
I'm back (New York groove)
Back in the New York groove (New York groove)",https://www.youtube.com/watch?v=DXeeY9D9u94,3:03,https://open.spotify.com/track/1BvpeiApX8qhof8Pmi3YlH,,,English,1978,,TRUE,,,,
Acid Kids,I Love You (2manydjs Edit),,,,,,,,,,,,,,,
Adriano Celentano,Prisencolinensinainciusol,,,,,,,,,,,,,,,
Adriano Celentano,Prisencólinensináinciúsol (GW Edit),,,,,,,,,,,,,,,
AJ From Philly,Profascination (edit of Marvin Gaye - What's Going On),,,,,,,,,,,,,,,
Albion,Disco Chopper,,,,,,,,,,,,,,,
Alf Emil Elk,To You,,,,,,,,,,,,,,,
Anatolian Weapons,Black Sea II,,,,,,,,,,,,,,,
Andres Montiel,Love Letter to Despacio,,,,,,,,,,,,,,,
Anji Cakebread,Dear Computer (2manydjs Edit),,,,,,,,,,,,,,,
Aphex Twin,Windowlicker,,,,,,,,,,,,,,,
Arbeid Adelt!,Death Disco,,,,,,,,,,,,,,,
Archie Shepp,Trilok Gurtue,,,,,,,,,,,,Peter Giger's Family of Percussion,Here Comes the Family,,
Asa Moto,Gillesgolo,,,,,,,,,,,,,,,
Asa Moto,MJ Complex,,,,,,,,,,,,,,,
Asa Moto,Kifesh,,,,,,,,,,,,,,,
Atomic Rooster,Play it Again,,,,,,,,,,,,,,,
Axel Bauer,Cargo (Remix),,,,,,,,,,,,,,,
Axel Bauer,Cargo,,,,,,,,,,,,,,,
B.W.H.,All Right (Disco Extended Version),,,,,,,,,,,,,,,
B.W.H.,Stop,,,,,,,,,,,,,,,
Barbatuques,Baianá (Wolf Müller's Drum Drop),,,,,,,,,,,,,,,
Barcode,Data New Beat,,,,,,,,,,,,,,,
Bariş Manço,Sari Çizmeli Mehmet Ağa,,,,,,,,,,,,,,,
Barrabas,Mellow Blow,,,,,,,,,,,,,,,
Barry White,Love Serenade (Pt. II),,,,,,,,,,,,,,,
Baxter Drury,Miami (Parrot and Cocker Too Remix),,"So fuck Ya!

Welcome to Miami now
Broken promises are here
I don't know, you don't know
Welcome to Miami now

Welcome to Miami now
Broken promises are here
I don't know, you don't know
Welcome to Miami now

I don't think you realize how successful I am
I'm like a shipping tycoon
Full of promise and cum
I'm a salamander
Short riff lover-boy
Causing grief to the bleeding eyes

I'm the turgid fucked up little goat
Pissing on your fucking hill
And you can't shit me out
'Cos you can't catch me
'Cos you're so fat
So fuck ya!

I'm Miami

Welcome to Miami now
Broken promises are here
I don't know, you don't know
Welcome to Miami now

Welcome to Miami now
Broken promises are here
I don't know, you don't know
Welcome to Miami now

I don't think you know who I am
I'm the sausage man
The shadow licker
I'm the tiny little ghost
That features in your despondent moments
The timeless whisper
The glassy dude

I'm the science of all that's wrong
And I'm making you think that you doubt
Everything you doubt
But I'm here to stay

I'm Miami

Welcome to Miami now
Broken promises are here
I don't know you don't know
Welcome to Miami now

Welcome to Miami now
Broken promises are here
I don't know you don't know
Welcome to Miami now

I'm the great sleeper
I'm the bookkeeper
I'm the vicar
I'm the main course
I'm Morgan Freeman
I cut master Neon Angels

I'm the night chef
The eye doctor
Mister Maserati
I'm king of the migraines
Soiled Lord of Tears
I'm the urban goose
I'm a river of dead fish

I'm Miami

Welcome to Miami now
Broken promises are here
I don't know you don't know
Welcome to Miami now

Welcome to Miami now
Broken promises are here
I don't know you don't know
Welcome to Miami now

Welcome to Miami now
Broken promises are here
I don't know you don't know
Welcome to Miami now

Welcome to Miami now
Broken promises are here
I don't know you don't know
Welcome to Miami now

Welcome to Miami now
Broken promises are here
I don't know you don't know
Welcome to Miami now

Welcome to Miami now
Broken promises are here
I don't know you don't know
Welcome to Miami now

Welcome to Miami now
Broken promises are here
I don't know you don't know
Welcome to Miami now

Welcome to Miami now
Broken promises are here
I don't know you don't know",BAXTER DURY - Miami (Parrot And Cocker Too Remix) - YouTube,8:49,,,,,,,TRUE,,,,
Beatles,Here Comes the Sun (Despacio Edit),,,,,,,,,,,,https://www.youtube.com/watch?v=4ycLJQwWALg,,,
"Beauregard, Violletti & Ste-Claire",Ce Soir (Je Sens Que Tout Peut M'arriver) (2manydjs Edit),,,,,,,,,,,,https://youtu.be/4ycLJQwWALg?feature=shared&t=1619,,,
Bee Gees,You Should Be Dancing (Todd Terje Edit),,,,,,,,,,,,https://youtu.be/4ycLJQwWALg?feature=shared&t=2302,,,
Bee Gees,Nights On Broadway (2manydjs Edit),,,,,,,,,,,,,,,
Bee Gees,Love You Inside Out,,,,,,,,,,,,https://youtu.be/4ycLJQwWALg?feature=shared&t=1519,,,
BEGIN,Day Pulse,,,,,,,,,,,,,,,
Bella Vista,Mister Wong (Disco Dub),,,,,,,,,,,,,,,
Bella Vista,Mister Wong,,,,,,,,,,,,,,,
Bikae,CY1 & Zzou,,,,,,,,,,,,Lamuka,,,
Bikaye,Lamuka,,,,,,,,,,,,,,,
Bilgeri,Video Life,,,,,,,,,,,,,,,
Bill Nelson,Hope for a Heartbeat (Remix) (2manydjs Edit),,,,,,,,,,,,,,,
Bill Nelson,Konny Buys A Kodak,,,,,,,,,,,,,,,
Bill Nelson,Do You Dream In Colour?,,,,,,,,,,,,,,,
Bill Withers,You Got The Stuff,,,,,,,,,,,,,,,
Billy Idol,Flesh for Fantasy (2manydjs Edit),,,,,,,,,,,,,,,
billy swan,don’t be cruel,,,,,,,,,,,,,,,
Björk,Human Behaviour (2manydjs Edit),,,,,,,,,,,,,,,
Björn Skifs & Vision,(I Wanna) Boogie With You,,,,,,,,,,,,,,,
Black Sabbath,Planet Caravan (Poolside Rework),,,,,,,,,,,,,,,
Blue Jazz TV,Chiba Girl (feat. Billy G Robinson),,,,,,,,,,,,,,,
Bob Moses,"Nana? Nono, Nene! (feat. Billy Martin)",,,,,,,,,,,,,,,
Bobby Rush,Do The Do,,,,,,,,,,,,,,,
Bohannon,Bohannon,,,,,,,,,,,,,,,
Bohannon,Let's Start The Dance,,,,,,,,,,,,,,,
Bolis Pupul,Rendez-Voodoo,,,,,,,,,,,,https://youtu.be/4ycLJQwWALg?feature=shared&t=921,,,
Boney M.,Nightflight To Venus,,,,,,,,,,,,,,,
Boss Man,Steel Mind,,,,,,,,,,,,,,,
Bowie,Let's Dance,,,,,,,,,,,,https://www.youtube.com/watch?v=FT0m0w5hHPg,,,
Brian Brain,Fun With Music,,,,,,,,,,,,,,,
Brian Brain,Working In A Farmyard In A White Suit,,,,,,,,,,,,,,,
Brian Eno & David Byrne,Regiment (2manydjs Edit),,,,,,,,,,,,,,,
Bullion,It's No Spirit (Soulwax Remix),,,,,,,,,,,,,,,
Bunnydrums,Too Much Time,,,,,,,,,,,,,,,
C2C4,Specimen 5,,,,,,,,,,,,,,,
Cajmere,Percolator,,,,,,,,,,,,https://youtu.be/4ycLJQwWALg?feature=shared&t=2415,,,
Can,Moonshake,,,,,,,,,,,,,,,
Capone,"Music Love Song (Manncool & Trol2000 ""Capy"" edit)",,,,,,,,,,,,,,,
Carl Craig & Tres Demented,Demented (Or Just Crazy),,,,,,,,,,,,,,,
Carlos Dafé,O Metrô (2manydjs Edit),,,,,,,,,,,,,,,
Carly Simon,Why (Instrumental),,,,,,,,,,,,,,,
Carly Simon,Why,,,,,,,,,,,,,,,
Celi Bee & The Buzzy Bunch,Superman,,,,,,,,,,,,,,,
Cha Cha Guitri,Non non non (2manydjs Edit),,,,,,,,,,,,,,,
Chet Faker,Whatever Tomorrow (Soulwax Remix),,,,,,,,,,,,,,,
Chic,I Feel Your Love Comin' On,,,,,,,,,,,,,,,
Chic,You are Beautiful (Frankie Rodriguez Beautiful Re-Edit),,,,,,,,,,,,,,,
Chicago,Women Don't Want To Love Me (2manydjs edit?),,,,,,,,,,,,,,,
Chicago,I'm A Man (Rub-N-Tug's Lower Beard Stays The Same Re-Edit),,,,,,,,,,,,https://www.youtube.com/watch?v=oT_RhdNRobE,,,
Chris & Cosey,Here I Come,,,,,,,,,,,,,,,
Chris & Cosey,This Is Me,,,,,,,,,,,,,,,
Chuck Mangione,Land Of Make Believe,,,,,,,,,,,,,,,
City,Aus Der Ferne (Despacio Edit),,,,,,,,,,,,,,,
Clive Stevens and Brainchild,Mystery Man (Remix),,,,,,,,,,,,https://www.youtube.com/watch?v=qv6AhgNkUVU,,,
Clout,Sunshine Baby,,,,,,,,,,,,,,,
Cocteau Twins,Watchlar,,,,,,,,,,,,,,,
Conrad Schnitzler Und Gregor Schnitzler,The Shark Eats Ice (2manydjs Edit),,,,,,,,,,,,,,,
Craig Peyton,Be Thankful For What You Got,,,,,,,,,,,,,,,
Crash Course In Science,Jump Over Barrels,,,,,,,,,,,,,,,
Crazy Band,Up Down Push (Going Up)(2manydjs Edit),,,,,,,,,,,,,,,
Crystal Grass,Dream On,,,,,,,,,,,,https://youtu.be/4ycLJQwWALg?feature=shared&t=1262,,,
Cultural Vibe,Ma Foom Bey (Rhythm Version),,,,,,,,,,,,,,,
Cybe,Bali Pulau Bagus,,,,,,,,,,,,,,,
D.A.N.,Primental,,,,,,,,,,,,,,,
D.C. La Rue,Do You Want the Real Thing,,,,,,,,,,,,,,,
Daft Punk,Da Funk,,,,,,,,,,,,https://www.youtube.com/watch?v=UWQTvfGXw9A,https://www.youtube.com/watch?v=YGlHZStq9Ck,,
Damon Harris,I Fell in Love (Unknown Edit),,,,,,,,,,,,https://youtu.be/Yg6zAFdMNqY,,,
Daniel Maloso,Body Music,,,,,,,,,,,,,,,
Daniel Ögren,Annalena,,,,,,,,,,,,https://www.youtube.com/watch?v=uQRir_-qEXw,,,
Daniel Wang,Like Some Dream (I Can't Stop Dreaming),,,,,,,,,,,,,,,
Dante,Do Whatcha Wanna (Disco Attunement by Dante),,,,,,,,,,,,,,,
Daryl Hall & John Oates,I Can't Go For That (No Can Do)(2manydjs edit),,,,,,,,,,,,,,,
David Bowie,Shake It (Re-mix AKA Long Version),,,,,,,,,,,,,,,
David Byrne,My Big Hands (Fall Through the Cracks),,,,,,,,,,,,,,,
David Michael Cross,Nuclear War Part 2,,,,,,,,,,,,,,,
Davitt Sigerson,Ain't It Ever Thus,,,,,,,,,,,,,,,
De Gantwerp Rappers,Poopeloo,,,,,,,,,,,,,,,
Decius ft. Lias Saoudi & Douglas Lucas,Roberto's Tumescence,,,,,,,,,,,,,,,
Deee-Lite,What Is Love? (Holographic Goatee Mix),,,,,,,,,,,,,,,
DEEWEE,Oh Stéphanie,,,,,,,,,,,,https://youtu.be/4ycLJQwWALg?feature=shared&t=1862,,,
Delia Gonzalez & Davin Russom,Relevee (Carl Craig Remix),,,,,,,,,,,,https://www.youtube.com/watch?v=oT_RhdNRobE,,,
Dennis Parker,Like an Eagle,,,,,,,,,,,,https://www.youtube.com/watch?v=4ycLJQwWALg,https://www.youtube.com/watch?v=uRpfh7B2nJc,,
Dennis Parker,Like an Eagle (Todd Terje Edit),,,,,,,,,,,,,,,
Deux,Everybody's Night,,,,,,,,,,,,,,,
Diplo and Damian Lazarus,Don’t Be Afraid (Soulwax Remix),,,,,,,,,,,,,,,
DJ Cole Medina,Cole Loves Your Insides Out,,,,,,,,,,,,,,,
DJ Falcon & Thomas Bangalter,Together,,,,,,,,,,,,,,,
DJ Steef,Triolisme,,,,,,,,,,,,,,,
Donald Byrd,Love Has Come Around,,,,,,,,,,,,,,,
Donna Summer,State of Independence,,,,,,,,,,,,,,,
Dr. John,I Walk On Guilded Splinters,,,,,,,,,,,,,,,
Ebo Taylor,Love & Death,,,,,,,,,,,,,,,
Eddie Hooper,Pass It On (Part 1),,,,,,,,,,,,,,,
Eddie Hooper,Pass It On,,,,,,,,,,,,https://www.youtube.com/watch?v=uRpfh7B2nJc,,,
Edgar Broughton Band,Mr. Crosby (2manydjs Edit),,,,,,,,,,,,,,,
Ego Troopers,Her Poolparty (Soulwax Remix),,,,,,,,,,,,,,,
Eighties Ladies,Turned On To You (Viva Shade Re edit),,,,,,,,,,,,,,,
El Turronero,Las Penas (La Caña),,,,,,,,,,,,,,,
El Turronero,"New Hondo ""Las Penas (La Caña)""",,,,,,,,,,,,https://www.youtube.com/watch?v=7lGpitEivvE,,,
Elkin And Nelson,Abran Paso-Ahoa (Enrolle),,,,,,,,,,,,,,,
Equals,Funky Like A Train,,,,,,,,,,,,,,,
Eros,Untitled (B1) (EROS01),,,,,,,,,,,,,,,
Eros,Vol 1 Track 3,,,,,,,,,,,,,,,
Escape From New York,Fire In My Heart,,,,,,,,,,,,,,,
Exile,Kiss You All Over (Despacio Edit?),,,,,,,,,,,,,,,
Exuma,"Exuma, The Obeah Man",,,,,,,,,,,,,,,
Falcons,Perdido En El Universo,,,,,,,,,,,,,,,
Fatback Band,The Girl Is Fine (So Fine)(Dance Version),,,,,,,,,,,,,,,
Fela Kuti,Ye Ye De Smell,,,,,,,,,,,,,,,
Fernando Pulichino,Search For Indigo,,,,,,,,,,,,,,,
Ferrara,Love Attack (2manydjs 'Get Of The Speakers' Edit),,,,,,,,,,,,,,,
Fischerspooner,Emerge,,,,,,,,,,,,,,,
Flash In The Pan,"Midnight Man (12"" Extended Version)",,,,,,,,,,,,https://www.youtube.com/watch?v=xDhJI5DOJIo,,,
Forbidden Overture,Strictly Forbidden,,,,,,,,,,,,https://www.youtube.com/watch?v=i3vMuOAZ35Y,,,
Foxx,S-S-S-Single Bed,,,,,,,,,,,,,,,
Francis Bebey,Forest Nativity (Red Axes Edit),,,,,,,,,,,,,,,
Francis The Great,Look Up In The Sky (2manydjs Edit),,,,,,,,,,,,,,,
Francis The Great,Look Up In The Sky (Négro Nature),,,,,,,,,,,,,,,
Frank Virgilio,Inside Out,,,,,,,,,,,,,,,
Free Life,There's Something Better,,,,,,,,,,,,,,,
Fuego,Misa Criolia (We Are The Children),,,Fuego - Misa Criolla (Gloria) - (Original Extended Version With Intro HQ Audio) 1981,7:!3,,,,,,,,,,,
Fun Boy Three,Our Lips Are Sealed (Special Remix Version),,,,,,,,,,,,,,,
Fun Boy Three,"Faith, Hope & Charity (MM Extended Dub)",,,,,,,,,,,,https://www.youtube.com/watch?v=NFzJc5lNQgQ,,,
Fun Boy Three,"Faith, Hope and Charity",,,,,,,,,,,,,,,
Fun Boy Three,"Faith, Hope And Charity (Despacio Edit)",,,,,,,,,,,,,,,
Fun Boy Three,Our Lips Are Sealed (Remixed Version),,,,,,,,,,,,,,,
Gaffa,Attitude Dancing (Land Of A 1000 Dunces),,,,,,,,,,,,,,,
Gary Numan,Music for Chameleons,,,,,,,,,,,,,,,
Gary Wright,Love Is Alive,,,,,,,,,,,,,,,
Gaz Nevada,I.C. Love Affair (Italian Version),,,,,,,,,,,,,,,
Gaznevada,Oil Tubes,,,,,,,,,,,,,,,
Gaznevada,I. C. Love Affair (Chinese Version),,,,,,,,,,,,https://youtu.be/JfprgSNz6UU?si=GAYijcxBKdVN7WWs,,,
George Benson,On Broadway (Live),,,,,,,,,,,,,,,
George Benson,On Broadway,,,,,,,,,,,,,,,
George Kranz / Paranoid London,Din daa daa / Transmission 4 (2manydjs Edit),,,,,,,,,,,,,,,
Ghosts of Venice,Feel the Heat,,,,,,,,,,,,,,,
Gina X Performance,Nice Mover,,"(Baby don't laugh)
(Baby don't laugh)
(Baby don't laugh)

I'm your transformer
Call me Marlene
Call me Gino
That's me you know

I'm your transformer
Call me Marlene
Call me Gino
That's me you know

I like it
Je l'aime
Mi piace
(Nice mover)
Ring up Studio 54 New York
Nice mover
(Baby don't laugh)
That's me you know

I'm your transformer
Call me Marlene
Call me Gino
That's me you know
I like it
Je l'aime
Mi piace
(Nice mover)
Ring up Studio 54 New York
Nice mover
(Baby don't laugh)
That's me you know

Thick tongue
Sharp tongue
Silver tongue
Leather tongue
Honey tongue
Devil tongue
Many tongue
Thick tongue
Sharp tongue
Silver tongue
Leather tongue
Honey tongue
Devil tongue
Many tongue
Thick tongue
Sharp tongue
Silver tongue
Leather tongue
That's me you know
I'm your transformer
Call me Marlene
Call me Gino
Dig me come on

I like it
Je l'aime
Mi piace
(Nice mover)
Ring up Studio 54 New York
Nice mover
(Baby don't laugh)
Nice mover
(Baby don't laugh)
Nice mover
(Baby don't laugh)
Nice mover
(Baby don't laugh)
Nice mover
(Baby don't laugh)
Nice mover
(Baby don't laugh)
Nice mover",Nice Mover,,,,,,,,,,,,
Gino Soccio,Remember,,,,,,,,,,,,,,,
Giorgio Moroder,Valley Of The Dolls,,,,,,,,,,,,,,,
Giorgio Moroder,Valley Of The Dolls (Instrumental),,,,,,,,,,,,,,,
Giorgio Moroder,I Wanna Rock You,,,,,,,,,,,,https://www.youtube.com/watch?v=QHEFD3wQquk,,,
Goblin,Tenebre,,,,,,,,,,,,,,,
Golden Teacher,Party People,,,,,,,,,,,,,,,
Goodie,I Wanna Be Your Man,,,,,,,,,,,,,,,
Grace Jones,Don't Cry - It's Only The Rhythm,,,,,,,,,,,,https://www.youtube.com/watch?v=ragfuw4XPfg,,,
Grace Jones,Slave To The Rhythm (2manydjs Edit),,,,,,,,,,,,,,,
group O,The Answer Machine (feat. Okay Kaya),,"You gotta let the sunshine in
Open all your windows
Open all your doors
You gotta let the sunshine in

I would say technically nobody is home
You see me cross-legged
Sitting under the shade of a tree
[?] so many silly questions
But I'm not an answering machine

Favorite [?]
My favorite [?]
My favorite [?]
And it unclenches my jaw

Hmm twenty minutes later
We'll go out to the pub
When I was socializing clenching my jaw with whats-his-name and
Somewhat making conversation
But I lost my head and I said
""Where are you from?
How do you do?
Where do you live?
[?]""
Do I look like a machinе to you?
[Chorus]
Favorite [?]
Favorite [?]
My favorite [?]
And it unclеnches my jaw

[Verse 3]
Hmm twenty minutes later
We'll go out to the pub
When I was socializing clenching my jaw with whats-his-name and
Somewhat making conversation
But I lost my head and I said

The favorite the long [?]
I rarely go home
I said, no, no
No, no, no
They ask ""where are you from?"", ""what do you do?"", ""what do you eat"", ""do you like food?""
I said, no, no
I'm not answering all that
Did you hear me bleep, bitch?
I didn't think so
Tone deaf, beep",The Answer Machine (feat. Okay Kaya),3:06,,,NONE,,2023,,,,,,
Gust,Tarzan es men Blinken,,,Gust (Tarzan es ne bliken) Gentse klassieker - YouTube,3:10,,,https://www.discogs.com/release/809964-Gust-Tarzan-Es-Nen-Bliken,,1985,,,,,,
Hamilton Bohannon,"Let's Start The Dance (12"" Version)",,,,,,,,,,,,,,,
Harald Grosskopf,Emphasis,,,,,,,,,,,,,,,
Harold Melvin & The Blue Notes,Don't Leave Me This Way (Tom Moulton Mix),,,,,,,,,,,,,,,
Harold Melvin & The Blue Notes,Tell The World How I Feel About 'Cha Baby (A Dimitri from Paris Disco Re Edit),,,,,,,,,,,,,,,
Harold Melvin & The Blue Notes,Don’t Leave Me This Way (A Tom Moulton Mix),,,,,,,,,,,,,,,
Harry Thumann,"Underwater (12"" Extended Version)",,,,,,,,,,,,,,,
Harry Thumann,Underwater,,,,,,,,,,,,,,,
Harry Thumann,Underwater (Original Version 1979),,,,,,,,,,,,,,,
Haruomi Hosono,Living-Dining-Kitchen,,,,,,,,,,,,,,,
Haruomi Hosono,Sports Men,,,,,,,,,,,,,,,
Herb Alpert,Rise,,,,,,,,,,,,,,,
Herbert von Karaian & The Berlin Philarmonic,The Blue Danube (Reprise),,,,,,,,,,,,,,,
Holger Czukay,Cool in the Pool,,,,,,,,,,,,,,,
Hot Chocolate,Mindless Boogie (Extended Version),,,,,,,,,,,,,,,
Howlin' Wolf,Smokestack Lightning,,,,,,,,,,,,,,,
Hudson-Ford,Daylight (Coyote Edit),Magic Wand,,Daylight (Coyote Edit) - YouTube,5:49,,,https://www.discogs.com/release/4149579-Various-Magic-Wand-Vol-6,English,2012,Original: Hudson-Ford - Daylight 1977,TRUE,,,,
Imagination,Just An Illusion (Instrumental),,,,,,,,,,,,,,,
In Flagranti,Business Acumen,,,,,,,,,,,,,,,
INXS,Need You Tonight (2manydjs Edit),,,,,,,,,,,,,,,
J.J. Cale,After Midnight,,,,,,,,,,,,,,,
Jackey Beavers,Mr. Bump Man (Theo Parrish Re-Edit),,,,,,,,,,,,,,,
Jackson 5,Hum along and dance,,,,,,,,,,,,,,,
Jah Wobble,The Edge & Holger Czukay,,,,,,,,,,,,Hold On To Your Dreams,,,
Jan Hammer Group,Don't You Know,,,,,,,,,,,,,,,
Japan,Visions of China (2manydjs Edit),,,,,,,,,,,,,,,
Jasper van 't Hof – Pili,Pili,,,,,,,,,,,,,,,
Jaydee,Plastic Dreams,,,,,,,,,,,,,,,
Jayson Green & The Jerk,Local Jerk,,,,,,,,,,,,,,,
Jayson Green and the Jerk,Local Jerk,,,,,,,,,,,,,,,
Jean Yves Labat,Cash,,,,,,,,,,,,,,,
Jeanette,Porqué Te Vas? (2manydjs Edit),,,,,,,,,,,,,,,
Jeanette,Porque te vas (2manydjs Edit),,,,,,,,,,,,https://www.youtube.com/watch?v=TjUhXbGdLYo,,,
Jeanette,Porque Te Vas,,,,,,,,,,,,,,,
Jeanette,Por Que Te Vas,,,,,,,,,,,,,,,
Jeans Team,Keine Melodien,,,,,,,,,,,,,,,
Jeff Britton & The Spitfires,Rub Out,,,,,,,,,,,,,,,
Joe Moks,Boys And Girls (2manydjs Edit),,,,,,,,,,,,,,,
Joe Tex,I Gotcha,,,,,,,,,,,,,,,
Johnny Harris,Oddysey (Despacio Edit?),,,,,,,,,,,,,,,
Johnny Harris,Odyssey,,,,,,,,,,,,,,,
Johnny Wakelin,In Zaire,,,,,,,,,,,,https://www.youtube.com/watch?v=uRpfh7B2nJc,,,
Jon & Vangelis,State of Independence,,,,,,,,,,,,,,,
Jonathan Richman and The Modern Lovers,Don't Let Our Youth Go To Waste,,,,,,,,,,,,,,,
Jorge Reyes & Antonio Zepeda,A La Izquierda Del Colibri,,,,,,,,,,,,,,,
Junior Byron,Dance To The Music (Dub Mix),,,,,,,,,,,,,,,
Kate Bush,Running Up That Hill [NEEDS VERSION ID],,,,,,,,,,,,https://www.youtube.com/watch?v=fqRH9arwvhs,,,
Kel Air & Band Band,Tuareg (Hysteric Edit),,,,,,,,,,,,https://www.youtube.com/watch?v=XAgPHivDEWs,,,
Kel-air & Band Band,Tu Tuareg,,,,,,,,,,,,,,,
KelAir Band,Tuareg,,,,,,,,,,,,,,,
Kid Creole & The Coconuts,"I'm A Wonderful Thing, Baby",,,,,,,,,,,,,,,
King Sunny Ade,Ja Fun Mi Dub,,,,,,,,,,,,,,,
Kool & the Gang,Jungle Boogie (2manydjs Edit),,,,,,,,,,,,,,,
Kool & The Gang,Jungle Boogie,,,,,,,,,,,,https://www.youtube.com/watch?v=uRpfh7B2nJc,,,
Kool and The Gang,Jungle Boogie (2manydjs Edit),,,,,,,,,,,,,,,
Koreless,Joy Squad (2manydjs Edit),,,,,,,,,,,,,,,
Koreless,Joy Squad,,,,,,,,,,,,,,,
Kraftwerk,Trans-Europe Express,,,,,,,,,,,,,,,
Kraftwerk,Numbers,,,,,,,,,,,,,,,
Kraftwerk,Numbers / Computer World 2,,,,,,,,,,,,,,,
Kraftwerk,Computerwelt 2,,,,,,,,,,,,https://youtu.be/4ycLJQwWALg?feature=shared&t=881,,,
Ladytron,Seventeen,,,,,,,,,,,,,,,
Laid Back,Fly Away / Walking In The Sunshine,,,,,,,,,,,,,,,
Laila,The Other Me (DEEWEEDUB),,,,,,,,,,,,https://www.youtube.com/watch?v=hFaecGuYDGw,,,
Lata Ramasar,The Greatest Name That Lives (Alessandro Adriani Remix),,,,,,,,,,,,,,,
Laurin Rinder & W. Michael Lewis,"anger and sex (Members Only ""Anger and Sex""",,,,,,,,,,,,,,,
LCD Soundsystem,Tonite (2manydjs Edit),,,,,,,,,,,,,,,
Leik,Burner (Original Mix),,,,,,,,,,,,,,,
Les Rita Mitsouko,Andy (2manydjs Edit),,,,,,,,,,,,,,,
Lex,14 Days,,,,,,,,,,,,,,,
Li Garatonni,Here Is Silence,,,,,,,,,,,,https://www.youtube.com/watch?v=KuUtRfvLtgQ,,,
Lil Louis,French Kiss,,,,,,,,,,,,https://www.youtube.com/watch?v=fKOw_pFNMTU,,,
Lil' Louis & The World,French Kiss (The Original Underground Mix),,,,,,,,,,,,https://www.youtube.com/watch?v=4ycLJQwWALg,,,
Lion,You've Got A Woman,,,,,,,,,,,,,,,
Logic System,Unit,,,,,,,,,,,,,,,
Loose Joints,Is it All Over My Face,,,,,,,,,,,,https://www.youtube.com/watch?v=hFaecGuYDGw,,,
Loose Joints,Is It All over My Face? (Larry Levan Remix),,,,,,,,,,,,,,,
Loose Joints,Is It All Over My Face? (Female Vocal),,,,,,,,,,,,,,,
Lorna Boyce,Turned On To You,,,,,,,,,,,,,,,
Los Lobos,Lemon 'n' Ice,,,,,,,,,,,,,,,
Lou Reed,My Love Is Chemical,,,,,,,,,,,,https://www.youtube.com/watch?v=23uGt0BR0EM,,,
Lou Reed,Disco Mystic (2manydjs Edit),,,,,,,,,,,,,,,
Love International,Dance On The Groove (And Do The Funk),,,,,,,,,,,,,,,
Lynsey De Paul,Sugar Me,,,,,,,,,,,,,,,
Magic Wand,Daylight (Coyote Edit),,,,,,,,,,,,,,,
Magnus Uggla,Sommartid (1981 Remix),,,,,,,,,,,,,,,
Mahotella Queens,Wozani Mahipi (2manydjs Edit),,,,,,,,,,,,,,,
Man Parrish,Strictly Forbidden,,,,,,,,,,,,,,,
Manncool & Trol2000,Capy,,,,,,,,,,,,,,,
Margie Lomax,God's Greatest Gift To Man Is A Woman,,,,,,,,,,,,,,,
Mariah,心臓の扉 (Shinzo No Tobira),,,,,,,,,,,,,,,
Mariah,Shinzo No Tobira,,,,,,,,,,,,,,,
Mariah,Shonen,,,,,,,,,,,,,,,
Marie Davidson,Push Me Fuckhead (Soulwax Dub Mix),,,,,,,,,,,,,,,
Marie Davidson,unk - unreleased / untitled,,,,,,,,,,,,,,,
Mark Allen Shepherd,Himmelfahrt,,,,,,,,,,,,,,,
Marsha Hunt,Oh No No No Not The Beast Day,,,,,,,,,,,,,,,
Marsha Hunt's 22,"(Oh, No! Not!) The Beast Day",,,,,,,,,,,,https://www.youtube.com/watch?v=UNbg68mdFkA,,,
Marshall Hain,Dancing In The City,,,,,,,,,,,,,,,
Marta Acuna,"Dance, Dance, Dance (2manydjs Edit)",,,,,,,,,,,,,,,
Marta Acuna,"Dance, Dance, Dance (Disco Version)",,,,,,,,,,,,,,,
Marta Acuna,"Dance, Dance, Dance (Unknown Edit)",,,,,,,,,,,,,,,
Marvin Gaye,Too Busy Thinking About My Baby,,,,,,,,,,,,,,,
Marvin Gaye,A Funky Space Reincarnation,,,,,,,,,,,,,,,
Matt Jonsson,Colours Fly and Catherine Wheel (2manydjs Edit),,,,,,,,,,,,,,,
Maurice Fulton Presents Stress,My Gigolo,,,,,,,,,,,,,,,
Max Berlin,Elle et Moi,,,,,,,,,,,,,,,
Melanie,Got My Mojo Workin,,,,,,,,,,,,https://www.youtube.com/watch?v=uRpfh7B2nJc,,,
Metronomy,Love Letters,,,,,,,,,,,,https://www.youtube.com/watch?v=epMcV2SaGxQ,,,
Michael Nesmith,Cruisin' (Lucy And Ramona And Sunset Sam),,,,,,,,,,,,,,,
Michael Rother,Tiefenschärfe,,,,,,,,,,,,https://www.youtube.com/watch?v=i0GYZbwSz6w,,,
Michael Wilson,Groove It To Your Body,,,,,,,,,,,,,,,
Mickey Moonlight,Interplanetary Music,,,,,,,,,,,,,,,
Mim Suleiman,Nyuli (Dub),,,,,,,,,,,,https://youtu.be/4ycLJQwWALg?feature=shared&t=1542,,,
Ministry,Primental,,,,,,,,,,,,,,,
Misty Lane,Energy,,,,,,,,,,,,,,,
Molly Nilsson,Mona-Lisa's Smile,,,,,,,,,,,,,,,
Montana Sextet,Who Needs Enemies (With A Friend Like You) (Club Mix),,,,,,,,,,,,,,,
Mr. Oizo,Flat Beat,,,,,,,,,,,,,,,
Ngozi Family,Sunka Mulamu (2manydjs Edit),,,,,,,,,,,,,,,
Niagara,Sangandongo (2manydjs Edit),,,,,,,,,,,,,,,
Nicola Cruz,Aima,,,,,,,,,,,,https://www.youtube.com/watch?v=iauC-Co9TXI,,,
Nikola Mihailovic,Sense of Dream (Original Mix),,,,,,,,,,,,,,,
Nitzer Ebb,Join in the Chant,,,,,,,,,,,,https://www.youtube.com/watch?v=zrKvtVpM_04,,,
Novi Singers,Prelude In D Flat Major Op. 28 No. 15,,,,,,,,,,,,,,,
novi singers,"mazurka in a minor, op. 17: no. 4",,,,,,,,,,,,,,,
Offering,Love in the Darkness,,,,,,,,,,,,,,,
Oliver Mandić,Sve Su Seke Jebene,,,,,,,,,,,,,,,
Oliver Sim,Sensitive Child (Soulwax Remix),,,,,,,,,,,,,,,
Olivia Newton John,Jolene (Tom Bullock Edit),,,,,,,,,,,,,,,
Olivia Newton-John,Magic,,,,,,,,,,,,https://youtu.be/4ycLJQwWALg?feature=shared&t=1780,,,
Orestt,Homies,,,,,,,,,,,,,,,
Orlando Riva Sound,Moonboots,,,,,,,,,,,,,,,
Orlando Riva Sound,Moonboots (Original Mix),,,,,,,,,,,,,,,
Orlando Riva Sound,Moon Boots,,,,,,,,,,,,,,,
Ozo,Anambra,,,,,,,,,,,,,,,
Paranoid London & Josh Caffe,Talk Dirty,,,,,,,,,,,,,,,
Patchouli Brothers,Cheat Lie Kill Die,,,,,,,,,,,,,,,
Patrick Cowley,Low Down Dirty Rhythm,,,,,,,,,,,,,,,
Patrick Cowley,Do You Wanna Funk,,,,,,,,,,,,,,,
Paul Mauriat,Love Is Still Blue,,,,,,,,,,,,,,,
Paul Mirror,Polite,,,,,,,,,,,,,,,
Percent identified,0.950617284,,,,,,,,,,,,,,,
Pete Shelley,Witness the Change,,,,,,,,,,,,,,,
Peter Brown,The Singer Becomes The Dancer (2manydjs Edit),,,,,,,,,,,,https://www.youtube.com/watch?v=SjWZY76zZgg,,,
Peter Godwin,French Emotions,,,,,,,,,,,,,,,
Peter Gordon & Love Of Life Orchestra,Beginning Of The Heartbreak,,,,,,,,,,,,,,,
Peter Jacques Band,Fly With The Wind,,,,,,,,,,,,,,,
Peter Lüdemann & Pit Troja,Steady Going (2manydjs Edit),,,,,,,,,,,,,,,
Peter Mason & jkriv,Ewesse Ye (feat. Samy love),,,,,,,,,,,,,,,
Peter Tosh,Dubbing Buk-In-Hamm Palace,,,,,,,,,,,,https://www.youtube.com/watch?v=GM_dKzsQHQA,,,
Peter Tosh,Dubbing Buk-in-hamm,,,,,,,,,,,,,,,
Phil Keiran,Polyrhythmic,,,,,,,,,,,,,,,
Philip Glass,"Opening (from ""Glassworks"")",,,,,,,,,,,,,,,
Philip Glass,Opening,,,,,,,,,,,,,,,
Phill & Friends Band,This Man,,,,,,,,,,,,,,,
Piramis,Mondj Egy Mesét,,,,,,,,,,,,,,,
Plant43,The Toll Gate,,,,,,,,,,,,,,,
Plastic Bertrand,Tout Petit La Planète,,,,,,,,,,,,,,,
Prince,When We're Dancing Close and Slow (2manydjs Edit),,,,,,,,,,,,,,,
Prince,Purple Rain,,,,,,,,,,,,https://www.youtube.com/watch?v=uRpfh7B2nJc,https://www.youtube.com/watch?v=YGau-6GkUFQ,,
Prince & The Revolution,Erotic City,,,,,,,,,,,,,,,
Prince And The Revolution,Erotic City (Make Love Not War Erotic City Come Alive),,,,,,,,,,,,,,,
Prinzhorn Dance School,You Are the Space Invader (An Optimo [Espacio] Mix),,,,,,,,,,,,,,,
Queen,Another One Bites the Dust (2manydjs Edit),,,,,,,,,,,,,,,
Queen,Cool Cat,,,,,,,,,,,,,,,
Raggio Di Luna,Comanchero (Vocal),,,,,,,,,,,,,,,
Rahaan,Mr Bumpman,,,,,,,,,,,,,,,
Rammellzee & K,Rob-Beat Bop,,,,,,,,,,,,,,,
Rare Earth,Get Ready,,,,,,,,,,,,,,,
Rational Youth,Close To Nature,,,,,,,,,,,,https://www.youtube.com/watch?v=twgqEW7iQWg,,,
Ray Ayers,Everybody,,,,,,,,,,,,,,,
recording missing,recording missing,,,,,,,,,,,,,,,
Red Axes,Sun My Sweet Sun,,,,,,,,,,,,,,,
Red Axes,Sun My Sweet Sun (rework),,,,,,,,,,,,,,,
Red Axes,Sun My Sweet Sun (2ManyDJs Edit),,,,,,,,,,,,,,,
Red Axes,The Metal Bender,,,,,,,,,,,,,,,
Red Rack'em,Wonky Bassline Disco Banger,,,,,,,,,,,,,,,
Reinhold Bilgeri,Video Life,,,,,,,,,,,,,,,
Renaldo And The Loaf,Hambu Hodo,,,,,,,,,,,,,,,
Requisit,Also With Each Other,,,,,,,,,,,,,,,
Rete 105,Vacanze (Strumentale),,,,,,,,,,,,,,,
rex illusivi,facedance,,,,,,,,,,,,,,,
Richard Wahnfried,Charming The Wind,,,,,,,,,,,,,,,
Rick Cuevas,The Birds,,,,,,,,,,,,,,,
Rinder & Lewis,Anger,,,,,,,,,,,,https://www.youtube.com/watch?v=uRpfh7B2nJc,,,
Robyn,Ever Again (Soulwax Remix),,,,,,,,,,,,,,,
Rod Stewart,Passion (2manydjs Edit),,,,,,,,,,,,,,,
Rod Stewart,"Passion (12"" Version)",,,,,,,,,,,,,,,
Rod Stewart,Passion,,,,,,,,,,,,https://youtu.be/4ycLJQwWALg?feature=shared&t=1354,,,
Roisin Murphy,Something More (Soulwax Remix),,,,,,,,,,,,,,,
Roland P. Young,Ballo-Balla (2manydjs Edit),,,,,,,,,,,,,,,
Rose Royce,R R Express,,,,,,,,,,,,,,,
Rose Royce,Do Your Dance,,,,,,,,,,,,,,,
Roy Ayers,Everybody,,,,,,,,,,,,,,,
Rubber Band,Caoutchouc,,,,,,,,,,,,https://youtu.be/4ycLJQwWALg?si=2sywFGrSB8IMtyJT&t=639,https://youtu.be/4ycLJQwWALg?feature=shared&t=660,,
Rutes,Tick Tack,,,,,,,,,,,,,,,
Ryuichi Sakamoto,Honneamise (2manydjs Edit),,,,,,,,,,,,,,,
Ryuichi Sakamoto,Prototype 1 (2manydjs Edit),,,,,,,,,,,,,,,
Sammy Burdson,Daevid Allen & New York Gong / Kayanza,,,,,,,,,,,,Disco Cola / Jungle Window / Salutation Akazehe (2manydjs Edit),,,
Sammy Burdson / Daevid Allen & New York Gong / Unknown,Disco Cola / Jungle Windo(w) / Akazéhé Par Une Jeune Fille (2manydjs Edit),,,,,,,,,,,,,,,
Sandii & The Sunsetz,An Antenna,,,,,,,,,,,,,,,
Savage Progress,Heart Begin to Beat,,,,,,,,,,,,,,,
Scritti Politti,Absolute (Version),,,,,,,,,,,,,,,
Scritti Politti,"Absolute (12"" Version)",,,,,,,,,,,,,,,
Secret Squirrels #10,Side A,,,,,,,,,,,,,,,
Seydinah,A la Folie [Real Mix],,,,,,,,,,,,,,,
Shadow,Let's Get It Together,,,,,,,,,,,,https://youtu.be/4ycLJQwWALg?feature=shared&t=1721,,,
Sheila Chandra,Lament,,,,,,,,,,,,,,,
Sheila Chandra,Quiet 1 (2manydjs Edit),,,,,,,,,,,,,,,
Sheila E,Love Bizarre,,,,,,,,,,,,https://www.youtube.com/watch?v=uRpfh7B2nJc,,,
Shinehead,Billie Jean,,,,,,,,,,,,,,,
Shit Robot,Hey Creep!,,,,,,,,,,,,,,,
Shit Robot,Breathe (Looking At Gibraltar) [feat. Suzi Horn],,,,,,,,,,,,,,,
Shit Robot,Shit Robot,,,,,,,,,,,,,,,
Shit Robot,Dingbat,,,,,,,,,,,,https://www.youtube.com/watch?v=uRpfh7B2nJc,,,
Shit Robot Ft. Reggie Watts,Where It's At (Johnny Aux Remix),,,,,,,,,,,,,,,
Shoc Corridor,Iceberg,,,,,,,,,,,,,,,
Shock Machine,Open up the Sky (Soulwax remix),,,,,,,,,,,,,,,
Skatt Bros,Walk the Night,,,,,,,,,,,,https://youtu.be/4ycLJQwWALg?feature=shared&t=1052,,,
Skatt Bros,Walk The Night (J.P. Productions Edit),,,,,,,,,,,,,,,
Skatt Bros.,Walk The Night,,,,,,,,,,,,,,,
Sky,Westway,,,,,,,,,,,,https://youtu.be/4ycLJQwWALg?feature=shared&t=1285,,,
Slits,"Earthbeat 12"" (Dub-Ble Discuss)",,,,,,,,,,,,,,,
Slits,Earthbeats (Dub-ble Discuss),,,,,,,,,,,,,,,
Sly & Robbie,"Get To This, Get To That",,,,,,,,,,,,,,,
Snowy Red,Euroshima (War Dance),,,,,,,,,,,,,,,
Soulwax,Run Free (Nite Version),,,,,,,,,,,,,,,
Soulwax Ft. Chloë Sevigny,Heaven Scent (DEEWEEDUB),,,,,,,,,,,,,,,
Sparks,Beat the Clock,,,,,,,,,,,,,,,
Stano,White Field (In Isis),,,,,,,,,,,,,,,
Stano Feat. Robbie Wogan & Jerome Rimson,White Field (In Isis),,,,,,,,,,,,,,,
Stardust,Music Sounds Better With You,,,,,,,,,,,,,,,
Steel Mind,Boss Man,,,,,,,,,,,,,,,
Stephane Severac,Hold On,,,,,,,,,,,,,,,
Steve Miller Band,Space Intro,,,,,,,,,,,,,,,
Steve Miller Band,Fly Like an Eagle,,,,,,,,,,,,,,,
Steve Miller Band,Space Intro / Fly Like An Eagle,,,,,,,,,,,,,,,
Steve Monite,Only You (Frankie Francis Disco Jam Mix),,,,,,,,,,,,,,,
Steve Monite,Only You,,,,,,,,,,,,,,,
Steve Reich,Music For 18 Musicians (Pulse - Sections I - IV),,,,,,,,,,,,,,,
steve reich,pulse (sections I - X),,,,,,,,,,,,,,,
Steve Reich Ensemble,Music for 18 musician,,,,,,,,,,,,,,,
Still Going,Still Going Theme,,,,,,,,,,,,,,,
Stone City Band,All Day and All of the Night,,,,,,,,,,,,,,,
Stone City Band,All Day And All Of The Night (Unknown edit),,,,,,,,,,,,,,,
Stopp,I'm Hungry,,,,,,,,,,,,,,,
Stretch,Why Did You Do It,,,,,,,,,,,,,,,
Stupid Human,Swamp Funk,,,,,,,,,,,,,,,
Su Kramer,Magic Dance,,,,,,,,,,,,,,,
Su Kramer,Magic Dance 1978,,,,,,,,,,,,https://youtu.be/4ycLJQwWALg?feature=shared&t=1598,,,
Suicide,Misery Train,,,,,,,,,,,,,,,
Supermax,Ain't Gonna Feel,,,,,,,,,,,,,,,
Suzy Q,Tonight,,,,,,,,,,,,https://www.youtube.com/watch?v=pMAQknvxE2A,,,
Sworn Virgins,Fifty Dollar Bills,,,,,,,,,,,,https://youtu.be/4ycLJQwWALg?feature=shared&t=696,,,
Sworn Virgins,Take Your Lady,,,,,,,,,,,,,,,
Syclops,Nelson's Back,,,,,,,,,,,,https://www.youtube.com/watch?v=prYEAo9tj2Y,,,
Syclops,Where's Jason K,,,,,,,,,,,,,,,
Sylvester,You Make Me Feel (Mighty Real) (Soulwax for Despacio Remix),,,,,,,,,,,,,,,
Sylvester,I Need Somebody To Love Tonight,,,,,,,,,,,,,,,
Sylvester,You Make Me Feel Mighty Real [Soulwax for Despacio],,,,,,,,,,,,,,,
Sylvester,You Make Me Feel (Mighty Real),,,,,,,,,,,,,,,
Sylvester,You Make Me Feel,,,,,,,,,,,,https://www.youtube.com/watch?v=uRpfh7B2nJc,,,
Sylvester & Soulwax,You Make Me Feel (Mighty Real) [Soulwax for Despacio],,,,,,,,,,,,https://www.youtube.com/watch?v=4ycLJQwWALg,,,
Symsonic,Sublime,,,,,,,,,,,,,,,
System Activate,Ah (Uh Mix) (Soulwax Edit),,,,,,,,,,,,,,,
T Connection,Do what you Wanna do,,,,,,,,,,,,,,,
Taj Mahal,Trabajar (2manydjs Edit),,,,,,,,,,,,,,,
Takis,Paris-Istanbul (Remix),,,,,,,,,,,,,,,
Talaboman,Discodrums,,,,,,,,,,,,,,,
Talking Drums,C60 Lato A,,,,,,,,,,,,,,,
Talking Heads,"Burning Down The House/Tom Tom Club-Genius Of Love (Soulwax Despacio ""Yella"" Edit)",,,,,,,,,,,,https://www.youtube.com/watch?v=ByTLLEdL8Og,,,
Talking Heads,This Must Be The Place (Naive Melody),,,,,,,,,,,,,,,
Tame Impala,Let It Happen (Soulwax Remix),,,,,,,,,,,,,,,
Tantra,A Place Called Tarot (Idjut Boys Re-Edit),,,,,,,,,,,,,,,
Telex,Moskow Diskow,,,,,,,,,,,,,,,
Telex,Victime de La Societe,,,,,,,,,,,,,,,
Ten,Disco Chopper,,,,,,,,,,,,,,,
The Android Sisters,Ray-Dee-Oh,,,,,,,,,,,,,,,
The Art Of Noise,Moments In Love (Beaten),,,,,,,,,,,,,,,
The Beatles,Here Comes The Sun (2manydjs Edit),,,,,,,,,,,,,,,
The Beatles,Here Comes The Sun,,,,,,,,,,,,,,,
The Bjarne Rostvold-Perry Knudsen Percussion-Ensemble,Magonde,,,,,,,,,,,,,,,
The Cars,A Dream Away,,,,,,,,,,,,,,,
The Clash,Outside Broadcast,,,,,,,,,,,,,,,
The Congos,Congoman,,,,,,,,,,,,,,,
The Congos,Congoman [?],,,,,,,,,,,,,,,
The Countach,Aqua Marina (Dance Club Version),,,,,,,,,,,,,,,
The Cure,Let's Go To Bed,,,,,,,,,,,,,,,
The Dynamic Duo,In the pocket (Ray Mang Beats),,,,,,,,,,,,,,,
The Edgar Broughton Band,Mr. Crosby,,,,,,,,,,,,,,,
The Equals,Funky Like A Train,,,,,,,,,,,,,,,
The Escorts,Make Me Over,,,,,,,,,,,,,,,
The Fixx,Reach the Beach (Dub),,,,,,,,,,,,https://youtu.be/Gsx4JPQcmAs?si=CRTb-ao7YMoDM1LS,,,
The Fixx,Crystal Ice Dub,,,,,,,,,,,,,,,
The Flying Lizards,A-Train,,,,,,,,,,,,,,,
The Human League,Hard Times (Instrumental),,,,,,,,,,,,,,,
The Human League,Love Action (Instrumental),,,,,,,,,,,,,,,
The Hunters,Jungle Man,,,,,,,,,,,,,,,
The Jellies,Jive Baby On A Saturday Night,,,,,,,,,,,,,,,
The League Unlimited Orchestra,Hard Times,,,,,,,,,,,,,,,
The League Unlimited Orchestra,Things That Dreams Are Made Of,,,,,,,,,,,,,,,
The Messengers,In The Jungle,,,,,,,,,,,,,,,
The Orb,Little Fluffy Clouds (Cumulonimbus Mix),,,,,,,,,,,,,,,
The Osmonds,It'll Be Me,,,,,,,,,,,,https://www.youtube.com/watch?v=9QexiI8qpMo,,,
The Osmonds,"I, I, I",,,,,,,,,,,,,,,
The Patchouli Brothers,"Cheat, Lie, Kill, Die",,,,,,,,,,,,,,,
The Peppers,Hot Caramel (Soulwax Remix),,,,,,,,,,,,https://www.youtube.com/watch?v=njPAodhf-tM,https://youtu.be/4ycLJQwWALg?feature=shared&t=1211,,
The Raincoats,No One's Little Girl,,,,,,,,,,,,,,,
The Vels,Look My Way,,,,,,,,,,,,,,,
Thomas And Eric,Lower Beard Stays The Same,,,,,,,,,,,,,,,
Thompson Twins,Nurse Shark (Instrumental),,,,,,,,,,,,,,,
Tiga,Good as Gold,,,,,,,,,,,,https://youtu.be/4ycLJQwWALg?si=5tIQjsrtRDDUWOKP&t=595,https://youtu.be/4ycLJQwWALg?feature=shared&t=605,,
Tirzah,Tectonic (2manydjs Edit),,,,,,,,,,,,,,,
Toby,Ain't That Better (Harari Edit),,,,,,,,,,,,,,,
Together (DJ Falcon and Thomas Bangalter),Together,,,,,,,,,,,,,,,
Tone Band,Germany Calling,,,,,,,,,,,,,,,
Tony Orlando,Don't Let Go,,,,,,,,,,,,,,,
Topo,"Ba Ba, Go Go",,,,,,,,,,,,https://www.youtube.com/watch?v=uct2FMRColk,,,
Tornado Wallace,Trance Encounters,,,,,,,,,,,,,,,
Tracks,162,,,,,,,,,,,,,,,
Tracks without ID,8,,,,,,,,,,,,,,,
Tres Demented,Demented (Or Just Crazy),,,,,,,,,,,,,,,
Trio,Da Da Da,,,,,,,,,,,,,,,
Tullio De Piscopo,Stop Bajo,,,,,,,,,,,,,,,
Unknown,unk 1,,,,,,,,,,,,,,,
Unknown,unk 6,,,,,,,,,,,,,,,
Unknown,Step in the stone ?,,,,,,,,,,,,,,,
Unknown,unk 11,,,,,,,,,,,,,,,
Unknown,unk 12,,,,,,,,,,,,,,,
Unknown,unk 13,,,,,,,,,,,,,,,
Unknown,unk 14,,,,,,,,,,,,,,,
Unknown,unk 15,,,,,,,,,,,,,,,
Unknown,unk 16,,,,,,,,,,,,,,,
Unknown,unk 17,,,,,,,,,,,,,,,
Unknown,unk 18,,,,,,,,,,,,,,,
Unknown,unk 19,,,,,,,,,,,,,,,
Unknown,unk 20,,,,,,,,,,,,,,,
Unknown,unk 21,,,,,,,,,,,,,,,
Unknown,unk 22,,,,,,,,,,,,,,,
Unknown,unk 23,,,,,,,,,,,,,,,
Unknown,unk 24,,,,,,,,,,,,,,,
Unknown,unk 25,,,,,,,,,,,,,,,
Unknown,unk 26,,,,,,,,,,,,,,,
Unknown,unk 27,,,,,,,,,,,,,,,
Unknown,unk 28,,,,,,,,,,,,,,,
Unknown,unk 29,,,,,,,,,,,,,,,
Unknown,unk 30,,,,,,,,,,,,,,,
Unknown,unk 31,,,,,,,,,,,,,,,
Unknown,unk 32,,,,,,,,,,,,,,,
Unknown,unk 33,,,,,,,,,,,,,,,
Unknown,unk 34,,,,,,,,,,,,,,,
Unknown,unk 35,,,,,,,,,,,,,,,
Unknown,unk 36,,,,,,,,,,,,,,,
Unknown,unk 37,,,,,,,,,,,,,,,
Unknown,unk 38,,,,,,,,,,,,,,,
Unknown,unk 39,,,,,,,,,,,,,,,
Unknown,unk 40,,,,,,,,,,,,,,,
Unknown,unk 41,,,,,,,,,,,,,,,
Unknown,unk 42,,,,,,,,,,,,,,,
Unknown,unk 43,,,,,,,,,,,,,,,
Unknown,unk 44,,,,,,,,,,,,,,,
Unknown,unk 45,,,,,,,,,,,,,,,
Unknown,unk 46,,,,,,,,,,,,,,,
Unknown,unk 47,,,,,,,,,,,,,,,
Unknown,unk 48,,,,,,,,,,,,,,,
Unknown,unk 49,,,,,,,,,,,,,,,
Unknown,unk 50,,,,,,,,,,,,,,,
Unknown,unk 51,,,,,,,,,,,,,,,
Unknown,unk 52,,,,,,,,,,,,,,,
Unknown,unk 53,,,,,,,,,,,,,,,
Unknown,unk 54,,,,,,,,,,,,,,,
Unknown,unk 55,,,,,,,,,,,,,,,
Unknown,unk 56,,,,,,,,,,,,,,,
Unknown,unk 57,,,,,,,,,,,,,,,
Unknown,unk 58,,,,,,,,,,,,,,,
Unknown,unk 59,,,,,,,,,,,,,,,
Unknown,unk 60,,,,,,,,,,,,,,,
Unknown,unk 61,,,,,,,,,,,,,,,
Unknown,unk 62,,,,,,,,,,,,,,,
Unknown,unk 63,,,,,,,,,,,,,,,
Unknown,unk 64,,,,,,,,,,,,,,,
Unknown,unk 65,,,,,,,,,,,,,,,
Unknown,unk 66,,,,,,,,,,,,,,,
Unknown,unk 67,,,,,,,,,,,,,,,
Unknown,unk 68,,,,,,,,,,,,,,,
Unknown,unk 69,,,,,,,,,,,,,,,
Unknown,unk 70,,,,,,,,,,,,,,,
Unknown,unk 71,,,,,,,,,,,,,,,
Unknown,unk 72,,,,,,,,,,,,,,,
Unknown,unk 73,,,,,,,,,,,,,,,
Unknown,unk 74,,,,,,,,,,,,,,,
Unknown,unk 75,,,,,,,,,,,,,,,
Unknown,unk 76,,,,,,,,,,,,,,,
Unknown,unk 77,,,,,,,,,,,,https://www.youtube.com/watch?v=NBWiHi46pkE,,,
Unknown,unk 78,,,,,,,,,,,,,,,
Unknown,unk 79,,,,,,,,,,,,,,,
Unknown,unk 80,,,,,,,,,,,,,,,
Unknown,unk 81,,,,,,,,,,,,,,,
Unknown,unk 82,,,,,,,,,,,,,,,
Unknown,unk 83,,,,,,,,,,,,,,,
Unknown,unk 84,,,,,,,,,,,,,,,
Unknown,unk 85,,,,,,,,,,,,,,,
Unknown,unk 86,,,,,,,,,,,,,,,
Unknown,unk 87,,,,,,,,,,,,,,,
Unknown,unk 88,,,,,,,,,,,,,,,
Unknown,unk 89,,,,,,,,,,,,,,,
Unknown,unk 90,,,,,,,,,,,,,,,
Unknown,unk 91,,,,,,,,,,,,,,,
Unknown,unk 92,,,,,,,,,,,,,,,
Unknown,unk 93,,,,,,,,,,,,,,,
Unknown,unk 94,,,,,,,,,,,,,,,
Unknown,unk 95,,,,,,,,,,,,,,,
Unknown,unk 96,,,,,,,,,,,,,,,
Unknown,unk 97,,,,,,,,,,,,,,,
Unknown,unk 98,,,,,,,,,,,,,,,
Unknown,unk 99,,,,,,,,,,,,,,,
Unknown,unk 100,,,,,,,,,,,,,,,
Unknown,unk 101,,,,,,,,,,,,,,,
Unknown,unk 102,,,,,,,,,,,,,,,
Unknown,unk 103,,,,,,,,,,,,,,,
Unknown,unk 104,,,,,,,,,,,,,,,
Unknown,unk 105,,,,,,,,,,,,,,,
Unknown,unk 106,,,,,,,,,,,,,,,
Unknown,unk 107,,,,,,,,,,,,,,,
Unknown,unk 108,,,,,,,,,,,,,,,
Unknown,unk 109,,,,,,,,,,,,,,,
Unknown,unk 110,,,,,,,,,,,,,,,
Unknown,unk 111,,,,,,,,,,,,,,,
Unknown,unk 112,,,,,,,,,,,,,,,
Unknown,unk 113,,,,,,,,,,,,,,,
Unknown,unk 114,,,,,,,,,,,,,,,
Unknown,unk 115,,,,,,,,,,,,,,,
Unknown,unk 116,,,,,,,,,,,,,,,
Unknown,unk 117,,,,,,,,,,,,,,,
Unknown,unk 118,,,,,,,,,,,,,,,
Unknown,unk 119,,,,,,,,,,,,,,,
Unknown,unk 120,,,,,,,,,,,,,,,
Unknown,unk 121,,,,,,,,,,,,,,,
Unknown,unk 122,,,,,,,,,,,,,,,
Unknown,unk 123,,,,,,,,,,,,,,,
Unknown,unk 124,,,,,,,,,,,,,,,
Unknown,unk 125,,,,,,,,,,,,,,,
Unknown,unk 126,,,,,,,,,,,,,,,
Unknown,unk 127,,,,,,,,,,,,,,,
Unknown,unk 128,,,,,,,,,,,,,,,
Unknown,unk 129,,,,,,,,,,,,,,,
Unknown,unk 130,,,,,,,,,,,,,,,
Unknown,unk 131,,,,,,,,,,,,,,,
Unknown,unk 132,,,,,,,,,,,,,,,
Unknown,unk 133,,,,,,,,,,,,,,,
Unknown,unk 134,,,,,,,,,,,,,,,
Unknown,unk 135,,,,,,,,,,,,,,,
Unknown,unk 136,,,,,,,,,,,,,,,
Unknown,unk 137,,,,,,,,,,,,,,,
Unknown,unk 138,,,,,,,,,,,,,,,
Unknown,unk 139,,,,,,,,,,,,,,,
Unknown,unk 140,,,,,,,,,,,,,,,
Unknown,unk 141,,,,,,,,,,,,https://youtu.be/4ycLJQwWALg?feature=shared&t=1237,,,
Unknown,unk 142,,,,,,,,,,,,https://youtu.be/4ycLJQwWALg?feature=shared&t=1285,,,
Unknown,unk 143,,,,,,,,,,,,https://youtu.be/4ycLJQwWALg?feature=shared&t=1354,,,
Unknown,unk 144,,,,,,,,,,,,https://youtu.be/4ycLJQwWALg?feature=shared&t=1429,,,
Unknown,unk 145,,,,,,,,,,,,https://www.youtube.com/watch?v=GM_dKzsQHQA,,,
Unknown,unk 146,,,,,,,,,,,,https://www.youtube.com/watch?v=azOJJHJITYo,,,
Unknown,unk 147,,,,,,,,,,,,https://youtu.be/4ycLJQwWALg?feature=shared&t=1927,,,
Unknown,unk 148,,,,,,,,,,,,https://youtu.be/4ycLJQwWALg?feature=shared&t=1927,,,
Unknown,unk 149,,,,,,,,,,,,https://youtu.be/4ycLJQwWALg?feature=shared&t=2038,,,
Unknown,unk 150,,,,,,,,,,,,https://youtu.be/4ycLJQwWALg?feature=shared&t=2272,,,
Unknown,unk 151,,,,,,,,,,,,https://youtu.be/4ycLJQwWALg?feature=shared&t=2396,,,
Vision,Lucifer's Friend,,,,,,,,,,,,,,,
Waffles,Ça Va,,,,,,,,,,,,,,,
Waffles,Uganda,,,,,,,,,,,,,,,
Waffles,Uriah,,,,,,,,,,,,,,,
Waffles,Hankuri,,,,,,,,,,,,,,,
Waffles,Ca Va,,,,,,,,,,,,,,,
Waffles,Poland,,,,,,,,,,,,,,,
Waffles,Croatia White,,,,,,,,,,,,,,,
Waffles,Poland Waffle,,,,,,,,,,,,,,,
Waffles,Croatia,,,,,,,,,,,,,,,
Waffles,007A,,,,,,,,,,,,,,,
Waffles,007B,,,,,,,,,,,,,,,
Waffles,"007 A (2manydjs edit of Akiko Yano ""Tokimeki"")",,,,,,,,,,,,,,,
Waffles,49 Gang,,,,,,,,,,,,https://www.youtube.com/watch?v=uRpfh7B2nJc,,,
Waffles,Spanish Fly,,,,,,,,,,,,https://www.youtube.com/watch?v=uRpfh7B2nJc,https://www.youtube.com/watch?v=RBGML-KuClg,,
Wally Badarou,Mambo,,,,,,,,,,,,,,,
Warmduscher,Midnight Dipper (Soulwax Remix),,,,,,,,,,,,,,,
Warren Zevon,Nighttime In The Switching Yard (2manydjs Edit),,,,,,,,,,,,,,,
Watussi,If All We Had Was Love,,,,,,,,,,,,,,,
Watussi,Purple Moon,,,,,,,,,,,,,,,
Whirlpool Productions,From: Disco To: Disco,,,,,,,,,,,,,,,
Who's Who,Dancin' Machine (2manydjs Edit),,,,,,,,,,,,,,,
Will Powers,"Adventures In Success (12"" Vocal)",,,,,,,,,,,,,,,
Wings,Let Em In,,,,,,,,,,,,https://www.youtube.com/watch?v=uRpfh7B2nJc,https://www.youtube.com/watch?v=f05oJkUtHQw,,
Womack & Womack,MPB (Missin' Persons Bureau) [Paradise Ballroom Mix],,,,,,,,,,,,,,,
Woolfy & Projections,Set It Up,,,,,,,,,,,,https://youtu.be/4ycLJQwWALg?feature=shared&t=1938,,,
Yamasuki,Yamasuki (Asa Moto reworked),,,,,,,,,,,,,,,
Yamasuki,Yamasuki (2manydjs Edit),,,,,,,,,,,,,,,
Yaz,Situation,,,,,,,,,,,,,,,
Yazoo,Situation (Dub),,,,,,,,,,,,,,,
Yazoo,Don't Go (US Dub),,,,,,,,,,,,,,,
Yello,Bostich (D.Bastedos Edit),,,,,,,,,,,,,,,
Yello,You Gotta Say Yes To Another Excess,,,,,,,,,,,,,,,
Yellowman,Strong Me Strong,,,,,,,,,,,,,,,
Yoko Hatanaka,Demodori Majo,,,,,,,,,,,,,,,
Zazou,Bikaye & Cy 1,,,,,,,,,,,,Lamuka,,,
Zoe Sinatra,Mais Qu'Est Que Tu Fumes?,,,,,,,,,,,,,,,
Zohra,Badala Zamana (2manydjs edit),,,,,,,,,,,,,,,
Zongamin,Bongo Song,,,,,,,,,,,,https://youtu.be/4ycLJQwWALg?feature=shared&t=2184,https://www.youtube.com/watch?v=MDq5RMYT3_k,,
付思超 · 林墨 · 利路修 · 米卡 · 庆怜 · 吴宇恒 · 薛八一 · 张嘉元,Be Mine (纯享版),,,,,,,,,,,,,,,
,,,,,,,,,,,,,,,,
Paul Lowe,Make Things Better,,,,,,,,,,,,,,https://discord.com/channels/1100861098124648459/1101194648241852526/1419595485953392733,
Unknown,unk 9,,,,,,,,,,,,,,https://discord.com/channels/1100861098124648459/1101542763834646528/1420857047292973106,
Mim Suleiman,Nyuli,,,,,,,,,,,,,,https://discord.com/channels/1100861098124648459/1101542763834646528/1421905151819518084,
Unknown,unk 10,,,,,,,,,,,,,,https://discord.com/channels/1100861098124648459/1101542763834646528/1421914147620131029,
Kinga,Sexy Boy (Dub),,,,,,,,,,,,,,https://discord.com/channels/1100861098124648459/1101542763834646528/1421914771611189369,
The Acid Kids,I Love You,,,,,,,,,,,,https://www.youtube.com/watch?v=23uGt0BR0EM,,https://discord.com/channels/1100861098124648459/1101542763834646528/1422702652298498080,
L.B. Bad,Just Don't Stop,,,,,,,,,,,,,,https://discord.com/channels/1100861098124648459/1101542763834646528/1422704385145835601,
Northend,Happy Days (2manydjs Edit),,,,,,,,,,,,,,https://discord.com/channels/1100861098124648459/1101542763834646528/1430271886968881334,
Unknown,unk 7,,,,,,,,,,,,,,https://discord.com/channels/1100861098124648459/1101542763834646528/1430312350040326205,
Jean-Yves Labat,Cash,,,,,,,,,,,,https://www.youtube.com/watch?v=euuhxPP1ZzE,,https://discord.com/channels/1100861098124648459/1101542763834646528/1430316299610886277,
Sylvia Love,Extraterrestrial Lover (Instrumental),,,,,,,,,,,,,,https://discord.com/channels/1100861098124648459/1101542763834646528/1430324566793916466,
Marvin & Guy,Shot Me,,,,,,,,,,,,,,https://discord.com/channels/1100861098124648459/1101542763834646528/1430337282908356840,
Glaxo Babies,Shake (The Foundations),,,,,,,,,,,,,,https://discord.com/channels/1100861098124648459/1101542763834646528/1430337530213040248,
Unknown,unk 8,,,,,,,,,,,,,,https://discord.com/channels/1100861098124648459/1101542763834646528/1430612147645321248,
Executive Slacks,"The Bus (12"" Version)",,,,,,,,,,,,,,https://discord.com/channels/1100861098124648459/1101542763834646528/1430615076917870816,
Orlando Voorn,Raise The Bar (2manydjs Edit),,,,,,,,,,,,,,https://discord.com/channels/1100861098124648459/1101542763834646528/1430618788448960603,
The Minute Men,"OK, Alright (Bonus Beats) (Despacio edit?)",,,,,,,,,,,,,,https://discord.com/channels/1100861098124648459/1101542763834646528/1430651632731029647,
Unknown,unk 2,,,,,,,,,,,,,,https://discord.com/channels/1100861098124648459/1101542763834646528/1430654924198252694,
Tendts,Cosmic Swimmer (Soulwax Remix),,,,,,,,,,,,,,https://discord.com/channels/1100861098124648459/1101542763834646528/1430713780249038882,
Yello,You Gotta Say Yes To Another Excess (1983 Disco Mix),,,,,,,,,,,,,,https://discord.com/channels/1100861098124648459/1101542763834646528/1431039802677002251,
Unknown,unk 3,,,,,,,,,,,,,,https://discord.com/channels/1100861098124648459/1101542763834646528/1431565655659909181,
Unknown,unk 4,,,,,,,,,,,,,,https://discord.com/channels/1100861098124648459/1101542763834646528/1431577540052516874,
Severed Heads,We Have Come to Bless the House,,,,,,,,,,,,,,https://discord.com/channels/1100861098124648459/1101542763834646528/1431595670870949889,
Unknown,unk 5,,,,,,,,,,,,,,https://discord.com/channels/1100861098124648459/1101542763834646528/1431703960523374733,
Chicken Lips,Do It Proper (Justin Robertson Rmx),,,,,,,,,,,,,,https://discord.com/channels/1100861098124648459/1101542763834646528/1431729225559445596,
Black Meteoric Star,Freaks Only,,,,,,,,,,,,,,,
Captain Beefheart,Tropical Hot Dog Night,,,,,,,,,,,,,,,
Carly Simon,"Why (12"" Version)",,,,,,,,,,,,,,,
Casino Music,The Beat Goes On,,,,,,,,,,,,,,,
Charlotte Gainsbourg,Deadly Valentine (Soulwax Remix),,,,,,,,,,,,,,,
David Bowie,Young Americans (2manydjs edit),,,,,,,,,,,,https://www.youtube.com/watch?v=4ycLJQwWALg,,,
DJ Steef,Black Savates,,,,,,,,,,,,,,,
Eddie Hooper,Tomorrow's Sun,,,,,,,,,,,,https://www.youtube.com/watch?v=8IAUtzg7Pv0,,,
Edwin Starr,Get Up Whirlpool (Eric Duncan edit),,,,,,,,,,,,https://www.youtube.com/watch?v=gm0Eduh1_-4,https://www.youtube.com/watch?v=4ycLJQwWALg,,
Ettika,Ettika (2manydjs edit),,,,,,,,,,,,,,,
Fern Kinney,Baby Let Me Kiss You,,,,,,,,,,,,,,,
Fernando Pulichino,"""Natural 77""",,,,,,,,,,,,,,,
He Said,Pump,,,,,,,,,,,,,,,
Heart,Magic Man,,,,,,,,,,,,,,,
James Mason,I Want Your Love,,,,,,,,,,,,,,,
Japan,Visions Of China,,,,,,,,,,,,,,,
Jasper Van't Hof,"Pili Pili (Special 12"" Disco Mix)",,,,,,,,,,,,https://youtu.be/4ycLJQwWALg?feature=shared&t=87,,,
Kraan,Dancing In The Shade,,,,,,,,,,,,,,,
Madonna,Justify My Love (Q-Sound Mix Version) (2manydjs Edit),,,,,,,,,,,,,,,
Men Without Hats,The Safety Dance (2manydjs Edit),,,,,,,,,,,,,,,
Mim Suleiman,Mingi,,,,,,,,,,,,,,,
Mina,Capisco (2manydjs Edit),,,,,,,,,,,,https://www.youtube.com/watch?v=Caj6xpjZmZs,,,
Ned Doheny,Get It Up for Love,,,,,,,,,,,,https://www.youtube.com/watch?v=XwouzFuEMKI,,,
Paul McCartney,Check my Machine,,,,,,,,,,,,,,,
Prince,When We're Dancing Close and Slow,,,,,,,,,,,,,,,
Robert Palmer,Come Over,,,,,,,,,,,,,,,
Robert Wyatt,The Age Of Self,,,,,,,,,,,,,,,
Ryuichi Sakamoto,Prototype A (2manydjs Edit),,,,,,,,,,,,,,,
Sammy Burdson / Daevid Allen & New York Gong,Disco Cola / Jungle Windo(w) (2manydjs Edit),,,,,,,,,,,,,,,
Santi Arisa & La Tribu,Au Vinga Pica,,,,,,,,,,,,,,,
Simple Minds,This Fear of Gods (2manydjs Edit),,,,,,,,,,,,,,,
Sworn Virgins,The Male Man,,,,,,,,,,,,,,,
Talking Heads,Burning Down The House (2manydjs Yella Edit),,,,,,,,,,,,,,,
The Turtles,I'm Chief Kamanawanalea (We're The Royal Macadamia Nuts) (2manydjs Edit),,,,,,,,,,,,,,,
Tom Tom Club,Genius of Love,,,,,,,,,,,,,,,
Tone Band,Germany Calling (2manydjs Edit),,,,,,,,,,,,,,,
Uele Kalabubu Et Sa Tribu,Matata (2manydjs Edit),,,,,,,,,,,,,,,
Vangelis,Spiral,,,,,,,,,,,,,,,
Velvet Season & The Hearts of Gold,"""El Dorado""",,,,,,,,,,,,,,,
Zazou Bikaye & CY1,Lamuka,,,,,,,,,,,,,,,
Charlotte Adigéry & Bolis Pupul,Cliché (Soulwax Remix),,,,,,,,,,,,https://www.youtube.com/watch?v=4ycLJQwWALg,https://www.youtube.com/watch?v=2XnxtgOLjbg,,
4 M International,Space Operator (2manydjs Edit),,,,,,,,,,,,,,,
Agnetha Fältskog,The Heat Is On,,,,,,,,,,,,,,,
Art of Noise,Moments in Love (Beaten),,,,,,,,,,,,,,,
Modsleep,Women Don't Want To Love Me,,"Woman don't want to love me
She says it makes her cry
Woman don't want to love me
That's an alibi

Loving gets complicated
You have to want to try
Won't be simply stated
Ooh, you got to look for some perfection
You're going to lose some affection
Crying bye, yeah-yeah-yeah-yeah

Woman don't want to love me
She says she wants to go
Woman don't want to love me
She's tired of feeling low

'Cause loving gets complicated
Just start with what you know
Won't be simply stated
Fill yourself with emotion
To earn yourself some devotion
And you'll go, hey yeah-yeah

Woman don't want to love me
She hates to be alone
Woman don't want to love me
She hates the telephone

Because loving gets complicated
It's a little bit too fast
Won't be simply stated
We got to fix this situation
With the final liberation
Of this man, yeah",https://www.youtube.com/watch?v=tZF96lXpFA4,5:16,,,https://www.discogs.com/release/3073940-Various-Dirty-Dancing-Sampler,English,2011,"original: Chicago, lyrics from original",TRUE,https://www.youtube.com/watch?v=tZF96lXpFA4,,https://discord.com/channels/1100861098124648459/1101542763834646528/1421912476911403251,
6th Borough Project,Stratus Quo,,"We're talkin' 'bout hard times
Talkin' bout hard times
Talkin' bout hard times
We're talkin' 'bout hard times
Talkin' bout hard times


I'm tellin you
Man, it can't get no rougher
But you know what? It's gonna get tougher
Let me tell you what we gotta do
We're talkin' 'bout hard times
Talkin' bout hard times


Man, we got to deal with it, that's what we gotta do
So tell the people what we're talkin’ about now


Talkin' bout hard times
Talkin' bout hard times


Talkin' bout hard times


This old stuff (Uh huh) has got to go


Talkin' bout hard times
Talkin' bout hard times
Talkin' bout hard


Talkin' bout hard times


Talkin' bout hard


Hard times
Talkin' bout hard times
I’m telling you
Man, it can't get no rougher
But you know what? It's gonna get tougher
Let me tell you what we gotta do
We're talkin' 'bout hard times
Talkin' bout hard times
We're talkin' 'bout hard times
Talkin' bout hard times
We're talkin' 'bout hard times
Talkin' bout hard times
We're talkin' 'bout hard times
Talkin' bout hard times
We're talkin' 'bout hard times
Talkin' bout hard times
We're talkin' 'bout hard times
Talkin' bout hard times
We're talkin' 'bout hard times
Talkin' bout hard times
We're talkin' 'bout hard times
Talkin' bout hard times
We're talkin' 'bout hard
",https://www.youtube.com/watch?v=JGgjtFhfUms,6:33,,,,English,,original: Donald Banks - Status Quo,TRUE,,,,
A Number of Names,Sharevari,,"Some bread and cheese and fine white wine
Designer chic is a matter of time
Could this be the real thing?
Or is this just another fling?
Seen by millions nationally
L'oumo Vogue, Playgirl, G Quarterly
Because he's down on his etiquette
Shari Vari is really it

Shari Vari
Shari Shari Vari

Smoking on his cigarette
Listening to his car cassette
Cruising with his hot playmate
In his Porsche Nine Two Eight
Heading for the highest heights
For the climax of the night
The people there they just won't quit
Because the music's really it

Shari Vari
Shari Shari Vari
Shari Vari
Shari Shari Vari

Smoking on his cigarette
Listening to his car cassette
Cruising with his hot playmate
In his Porsche Nine Two Eight
Heading for the highest heights
For the climax of the night
The people there they just won't quit
Because the music is really it

Shari Vari
Shari Shari Vari",https://www.youtube.com/watch?v=IeF0xTdHPfA,6:48,,,,,,,TRUE,,,,
Bruce Haack,Party Machine,,"ONE. TWO.
ONE, TWO, THREE, FOUR.

I'm a party machine
No one like me
Just feel the heat
of my computer beat
(computer beat)

’gonna take you down
to funky town
We'll dance all night
‘cuz the meat of the beat is right
so right
all right
all right

I'm a party machine
You know what I mean
You can feel the heat
of my computer beat
(computer beat)

I’m a party machine
You know what I mean
You can feel the heat
of my computer beat
(computer beat)
Gonna take you down
to funky town
We'll dance and stand all night
‘cuz the meat of the beat is right
all right

No, no, no
Like Kurtis Blow
Down down down
Like James Brown

Haack Attack is back
Bruce Haack
Anti-whack

Can you just imagine
Weapons for eyes
Numbers for names
Life with no lies

Is it hard to think of
Life without sex
This is all part
Of the computer complex

Everything I do is true
Here's reality in you
Everything I do is true
Here's reality in you
Push my buttons
My heart starts jumping
Our electricity will keep
the good times pumping

Just push my buttons
My heart starts jumping
Our electricity will keep
the good times pumping

Just push my buttons
My heart starts jumping
Our electricity will keep
the good times coming

Push my buttons
My heart starts jumping
Our electricity will keep
the good times coming

Just push my buttons
My heart starts jumping
Our electricity will keep
the good times coming

Just push my buttons
My heart starts jumping
Our electricity will keep
the good times pumping
I'm a party machine
I know you know
I'll take you any way you want to go
Keep on dancing
Stay with me
We'll party in every galaxy

I'm a party machine (x11)",https://www.youtube.com/watch?v=v25rFRI9-rU,,,,,English,,,TRUE,,,,
Hall & Oates,I Can't Go For That (No Can Do),,"Easy, ready, willing, overtime
Where does it stop?
Where do you dare me
To draw the line?
You've got the body
Now you want my soul
Don't even think about it
Say, ""No go""

Yeah, I, I'll do anything
That you want me to
Yeah, I'll do almost anything
That you want me to, ooh
Yeah

But I can't go for that, no (No)
No can do
I can't go for that, no (No)
No can do
I can't go for that, no (No)
No can do
I can't go for that
Can't go for that
Can't go for that
Can't go for that

I can go for being' twice as nice
I can go for just repeating
The same old lines
Use the body
Now you want my soul
Ooh, forget about it
Now say, ""no go""

Yeah, I, I'll do anything
That you want me to
Yeah, I'll do almost anything
That you want me to, ooh
Yeah

But I can't go for that, no (No)
No can do
I can't go for that, no (No)
No can do
I can't go for that, no (No)
No can do
I can't go for that
Can't go for that
Can't go for that
Can't go for that, yeah

Yeah I, I'll do anything
That you want me to
Yeah, I'll do almost anything
That you want me to, ooh
Yeah

But I can't go for that, no (No)
No can do
I can't go for that, no (No)
No can do
I can't go for that, no (No)
No can do
I can't go for that
Can't go for that
Can't go for that
Can't go for that, yeah

Oh, I can't go (I can't go for that, no, no, no, no, no)
I can't go for that, no, no, no (I can't go for that)
No can do
(I can't go for that, no, no, no, no, no)
I can't go, I can't go, no, I can't go for that, no (No)
(I can't go for that) No can do
No can do
(I can't go for that, no, no, no, no, no)
Forget about it, no
Forget about it, no, no, no, no, no, no
(I can't go for that)
Can't go for that, yeah
No can do
(I can't go for that, no, no, no, no, no)
Forget about it, no
Forget about it, no, no, no, no, no, no
(I can't go for that)
No can do
No can do
(I can't go for that, no, no, no, no, no)
No, no, no, no, no, no, no, no, no, no, no can do
(I can't go for that)
Can't go for that, yeah
No can do
(I can't go for that, no, no, no, no, no)
No, no, no, no, no, no, no, no, no, no, no can do
(I can't go for that)
Can't go for that, yeah
No can do
(I can't go for that, no, no, no, no, no)
I can't go, no, can't go, no, can't go, go for that, yeah
(I can't go for that)
No can do
No can do
(I can't go for that, no, no, no, no, no)
I can't go, no, I can't go, I can't go, go for that, yeah
(I can't go for that)
No can do
No can do
(I can't go for that, no, no, no, no, no)
No, no, no, no, no, no, no, no, no, no, no, no, no
(I can't go for that)
No can do
No can do
(I can't go for that, no, no, no, no, no)
I can't go for that, no can do, yeah, go for it, I can't do
(I can't go for that)",,,,,,,,,TRUE,,,,
Headman,It Rough (Chicken Lips Trax Dub),,It rough,https://www.youtube.com/watch?v=QoDJhIEHSGI,8:05,,,https://www.discogs.com/release/97800-Headman-It-Rough,English,2003,,TRUE,https://youtu.be/4ycLJQwWALg?feature=shared&t=2202,,,
Kraftwerk,Computer World 2,,"Eins, zwei, drei, vier
Fünf, sechs, sieben, acht
Un, deux
One, two
Uno, due, tre, quattro
Un, dos, tres, cuatro",,,,,,German,1981,,TRUE,,,,
Marta Acuna,"Dance, Dance, Dance",,"Baila negrito

Baila negrito

Come on the floor
Guide once more
Baby dance, dance, dance
Maybe you'll find romance

On the discofloor
Baby you'll find love, love, love
So dance, dance, dance
You'll soon find romance

Dancing with your partner
It's your dream becoming true
Come on baby, get down to it please

Get up and dance, please
Get up and dance, please
Get up and dance, please

Dance, dance, dance
Boy you got the rules
Maybe you take your chance
And get up and dance

Live for a while
All improve your style
It is strong, you dance and find romance
Go get up on the floor
Don't sit down no more
Just dance, dance, dance
You'll soon find romance

Dancing with your partner
It's your dream becoming true
Come on baby, get down to it please

Get up and dance, please (Don't sit now)
Get up and dance, please (Don't sit now)
Get up and dance, please (Don't sit now)


Please (Don't sit now)
Get up and dance, please (Don't sit now)
Get up and dance (Don't sit now)
Get up and dance (Don't sit now)
Get up and dance (Don't sit)

Get up and dance
Baila negrito (Don't sit now)
Get up and dance (Don't sit now)
Get up and dance (Eschucha mi voz)
Get up and dance
Get up, get up, get up and dance
(Don't sit)
Get up and dance (Don't sit)
Get up and dance (Don't sit)
Get up and dance, please (Don't sit now)
Get up and dance, please
Don't sit, don't sit
Get up and dance (Don't sit)

Get up and dance, please
Get up and dance, please
Get up and dance, please
Get up and dance
Get up and dance

Don't sit down
Dança negrito
Don't sit down
Get up and dance
Don't sit now
Get up and dance

Don't sit now
Don't sit now
Baila negrito
Don't sit now
Don't sit now
Baila negrito
Don't sit now
Dança negrito
Don't sit now
Con mucha ....
Don't sit now
Get up and dance
Don't sit now
Get up and dance
Don't sit now
Don't sit now",https://www.youtube.com/watch?v=KZRGS_Q9NZs,6:16,,,,English,,,TRUE,,,,
Monica,Secret in the Dark (Despacio Edit),,"There's a secret in the dark
A hidden light behind the faces

I can feel it in the air
Hear the silence in the room

If I try to find the keys of what I'm missing
Would I give my life away to everyone?

There's a secret in the dark
A breeze or something like a rainbow

I can see it in your eyes
I hear the breaking in your voice

If I try to find the keys of what I'm missing
Would i give my life away to everyone?

End of tears, I love them all
End of tears, I want them all
",https://soundcloud.com/marmix/monika-secret-in-the-dark-soulwax-remix,4:59,,,,,,,TRUE,,,,
Stephane Sévérac,Hold On (Extended Mix),,"Lets pretend we're in love and our love is forever
Hey baby, I'm just trying to hold on (Hold On)
This is the end of our party but i don't wanna go now
Hey baby, I'm just trying to hold on (Hold on)

I was in love with you
I'm out of touch with you
I thought our love could, yes our love could, never die

Tried to get the feeling back
You're not even looking sad
I think the final, yes the final, verse is sung

Our old romance is over and we both act like strangers
Hey baby, I'm just trying to hold on (Hold On)

I've got my arms around you but I feel that you've left me
Hey baby, I'm just trying to hold on ( Hold On)

You were in love with me
You're out of touch with me
I thought our love could, yes our love could, never die

Lets pretend we're in love and our love is forever
Hey baby, I'm just trying to hold on (Hold On)
This is the end of our party but i don't wanna go now
Hey baby",https://www.youtube.com/watch?v=rfzes22-p2o,7:15,,,https://www.discogs.com/release/2166581-Stephane-S%C3%A9v%C3%A9rac-Hold-On?srsltid=AfmBOop18LiU8YrMpxxEKai9qRVT8KyZH5Q4ttpRk42WnfakED-fYaYc,English,1987,,TRUE,,,,
The Antennas,Just Your Love,,"All I needed was your love
and I wanted just your love

All I needed was your love
now I wanna just your love

It used to be that you and i would make each others cry
even though from time to time we couldnt coincide

It used to be that you and i would trade each other lives
even though from time to time we couldnt coincide

cus we had a friendship wrong",https://www.youtube.com/watch?v=7K2gM6awpBU,6:11,,,https://www.discogs.com/release/293299-The-Antennas-Just-Your-Love,English,1983,,TRUE,,,,
The Fantasy,Summer Night In Harlem,,"hey
hey

Summer
Harlem, it's a really hot, man, it's a really hot
Well it's too hot to sleep, I'm too old to eat
I don't care if I die, not winter night in Harlem
Oh, radiator won't get hot
Well, mean no landlord, he don't care if I freeze to death or not

Saturday night in the Harlem, everything all right
You can really swing and shake your h
The part to the out of side

Saturday night in the Harlem, everything's all right
You can really swing and shake your pretty thing
The part is out

Sunday morning here in Harlem now, everybody's dressed up
The hip folks getting home from the party and the good folk just got up
I delegation wants a donation, send the preacher to the
Hey, Lord, money, don't give your money to that lying, cheating man

Sat night in Harlem, everything all right
You can feel it swing and shake your credit and hang the fuss is out

Night in Harlem, all right, you can really swing and shake your pretty thing
The part is out

Sunday morning here in Harlem, not everybody's on
I, hi folks, getting a home from the part, and the good folk just got up
I cook delegation who wants a donation to send preacher to the Holy Land
Hey Lord, honey, don't give your money to that lying, cheating man

Delegation who wants a donation to send preacher to the Holy Land
Hey love, honey, don't give me your money to that lying, cheating man

heyyyy hey
heyy hey hey hey
hey
hey hey hey hey
hey
hey heyy hey hey hey
hey hey hey hey
hey
hey hey hey
yeah",https://www.youtube.com/watch?v=5EdBlFE6anQ,6:16,,,https://www.discogs.com/release/3833130-Various-Secret-Mixes-Fixes-Vol-14,English,2012,original: Bill Withers - Harlem,TRUE,,,,
Watsonian Institute,"New York, New York",,"New York New York the city

New York New York the city
the city
now everybody's moving f

cars back to back for blocks
young boys being chased by cops
say what it is and they say it's alright
it's just a part of new york city life

they ain't having no pity uh un, not in new york city
broadway is full of lights, a lot of people high as kites
shiny cars sportin ???
so big they named it twice
new york new york
the cost of livin's out of sight
bad girls gettin paid for days, bad boys takin what they made
with conversation sharp as a knife
it's all a part of new york city life

rich folks sittin watchin planes
poor folks tryin to get a raise
people striking trying to make it right
well it's all a part of new york city life

it ain't having no pity, nuh uh


broadway
manhattan
brooklyn
harlem
queens
lady liberty
time's square
grand central station
?

it ain't havin no pity, nuh uh, not in new york city
broadway is full of lights, a lot of people high as kites
shiny cars sportin ???
so big they named it twice
new york new york
the cost of livin's out of sight
new york new york
my job was central park
when you're walkin in the dark

they treat you bad, treat you nice
so bad they named it twice

you've got to scrapple for the apple",https://www.youtube.com/watch?v=HoEdiz4Nepo,4:54,,,https://www.discogs.com/master/102382-Watsonian-Institute-Extra-Disco-Perception,English,1979,,TRUE,,,,
,,,,,,,,,,,,,,,,
,,,,,,,,,,,,,,,,
,,,,,,,,,,,,,,,,
Yello,You Gotta Say Yes To Another Excess,,"We love it
We need it
Excess
We hate it
We want it
Express
We feel it
We get it
Not less

you gotta say yes to another excess

We love it
We need it
Excess
We hate it
We want it
we feel it
we get it
Express

you gotta say yes to another excess

we love it
we need it
excess
we hate it
we want it
express
we feel it
we get it
not less
we need it
we love it
express
we know you
we show you
excess
we teach it
we reach it
we dream it
we feel it
not less

you gotta say yes to another excess

One two three
A little fool I want to be
Two three four
You can give me more
Five six seven
I don't want to wait for heaven
Nine ten eleven
Going back to seven
Seven eight nine
Kann denn das noch sein?

we thank you and spank you
we hate you and need you
excess

you gotta say yes to another excess

We love it
We need it
Excess
We hate it
We want it
Express
We feel it
We get it
Not less

One two three
A little fool I want to be
Two three four
You can give me more
Five six seven
I don't want to wait for heaven
Nine ten eleven
Going back to seven
Seven eight nine
Kann denn das noch sein?

",https://www.youtube.com/watch?v=AMqmYxIpt-k,5:02,,,https://www.discogs.com/es/release/137624-Yello-You-Gotta-Say-Yes-To-Another-Excess,English / German,1983,,TRUE,,,,
