Source Link,Source Tab,Source Row,Show ID,Artist,Title,Recording URL,Identification Status,Notes
21-Miami row 8,21-Miami,8,21-Miami-D1,Unknown,Unknown,,Unresolved,
21-Miami row 36,21-Miami,36,21-Miami-D1,Unknown,Unknown,https://discord.com/channels/1100861098124648459/1101542763834646528/1430654924198252694,Unresolved,
21-Miami row 91,21-Miami,91,21-Miami-D1,Unknown,Unknown,https://discord.com/channels/1100861098124648459/1101542763834646528/1431565655659909181,Unresolved,
21-Miami row 115,21-Miami,115,21-Miami-D2,Unknown,Unknown,https://discord.com/channels/1100861098124648459/1101542763834646528/1431577540052516874,Unresolved,
21-Miami row 160,21-Miami,160,21-Miami-D2,Unknown,Unknown,https://discord.com/channels/1100861098124648459/1101542763834646528/1431703960523374733,Unresolved,
21-Miami row 172,21-Miami,172,21-Miami-D2,Unknown,Unknown,,Unresolved,
21-Miami row 173,21-Miami,173,21-Miami-D2,Unknown,Step in the Stone?,,Unresolved,
21-Miami row 215,21-Miami,215,21-Miami-D3,Unknown,Unknown,https://discord.com/channels/1100861098124648459/1101542763834646528/1430312350040326205,Unresolved,
21-Miami row 239,21-Miami,239,21-Miami-D3,Unknown,Unknown,https://discord.com/channels/1100861098124648459/1101542763834646528/1430612147645321248,Unresolved,
20-San Francisco row 9,20-San Francisco,9,20-Portola-D1,Unknown,Unknown,https://discord.com/channels/1100861098124648459/1101542763834646528/1420857047292973106,Unresolved,
20-San Francisco row 10,20-San Francisco,10,20-Portola-D1,Unknown,Unknown,,Unresolved,Recording missing
20-San Francisco row 11,20-San Francisco,11,20-Portola-D1,Unknown,Unknown,,Unresolved,Recording missing
20-San Francisco row 12,20-San Francisco,12,20-Portola-D1,Unknown,Unknown,,Unresolved,Recording missing
20-San Francisco row 43,20-San Francisco,43,20-Portola-D1,Unknown,Unknown,https://discord.com/channels/1100861098124648459/1101542763834646528/1421914147620131029,Unresolved,
20-San Francisco row 81,20-San Francisco,81,20-Portola-D1,Unknown,Unknown,,Unresolved,
20-San Francisco row 86,20-San Francisco,86,20-Portola-D1,Unknown,Unknown,,Unresolved,
20-San Francisco row 108,20-San Francisco,108,20-Portola-D2,Unknown,Unknown,https://drive.google.com/file/d/1yMYmwAu4fuzvNNhezJ-A3SEaN8-6GJs7/view?usp=sharing,Unresolved,
20-San Francisco row 136,20-San Francisco,136,20-Portola-D2,Unknown,Unknown,https://drive.google.com/file/d/1fkwYp2ekuwqYnKCqzP2y7XBdmW8pMAw1/view?usp=sharing,Unresolved,
20-San Francisco row 157,20-San Francisco,157,20-Portola-D2,Unknown,Unknown,https://drive.google.com/file/d/1Stp3YjSD7szoaj5gGuNOYfREkIrY6KaC/view?usp=sharing,Unresolved,
20-San Francisco row 164,20-San Francisco,164,20-Portola-D2,Unknown,Unknown,https://drive.google.com/file/d/1XkBt8ZFSXquhMZDvdiveFd1trXGK8C5e/view?usp=sharing,Unresolved,
20-San Francisco row 175,20-San Francisco,175,20-Portola-D2,Unknown,Unknown,https://drive.google.com/file/d/1p4k_-Cm9jvrR7K6prxQC6cNKD1kaseIA/view?usp=sharing,Unresolved,
20-San Francisco row 176,20-San Francisco,176,20-Portola-D2,Unknown,Unknown,https://drive.google.com/file/d/1gqpLfiOo-baPPwGnAmU_wU5t76cAHiNm/view?usp=sharing,Needs Review,
20-San Francisco row 178,20-San Francisco,178,20-Portola-D2,Det Gylne Triangel,Maskindans (Despacio edit),https://drive.google.com/file/d/1f7pfiVjPRxXGJMPoKha88r-TkX0En0tx/view?usp=sharing,Needs Review,
20-San Francisco row 184,20-San Francisco,184,20-Portola-D2,Unknown,Unknown,https://drive.google.com/file/d/1ROHBU6EgkW_nL9vaNX6QVEV73mNnkMwC/view?usp=sharing,Unresolved,
19-Ghent row 4,19-Ghent,4,19-Ghent-D1,Unknown,Unknown,https://drive.google.com/file/d/1aJAI7ef1o5_6NBuLfbVACWkWKURrWaQj/view?usp=sharing,Unresolved,
19-Ghent row 5,19-Ghent,5,19-Ghent-D1,Unknown,Unknown,https://drive.google.com/file/d/1mL0vWFiBWGGYRkSja3djL0NHBfgmuzGX/view?usp=drive_link,Unresolved,
19-Ghent row 8,19-Ghent,8,19-Ghent-D1,Unknown,Unknown,https://drive.google.com/file/d/1H1gjb512h6frttEbcNM7k--vLM2q4Qpt/view?usp=drive_link,Unresolved,
19-Ghent row 13,19-Ghent,13,19-Ghent-D1,Unknown,Unknown,https://drive.google.com/file/d/1-xBO9FwiO9zate3Uq4xWMfr471sP2_rJ/view?usp=drive_link,Unresolved,
19-Ghent row 58,19-Ghent,58,19-Ghent-D1,Unknown,Unknown,https://drive.google.com/file/d/12x0ZpfZGkob6xlpvnkZAPpDKHBJjLYV7/view?usp=drive_link,Unresolved,
19-Ghent row 89,19-Ghent,89,19-Ghent-D2,Unknown,Unknown,https://drive.google.com/file/d/1iD3nDwWGA725ScXXuFdlBAgJy1oE3T1Y/view?usp=sharing,Unresolved,
19-Ghent row 92,19-Ghent,92,19-Ghent-D2,Unknown,Unknown,https://drive.google.com/file/d/1iD3nDwWGA725ScXXuFdlBAgJy1oE3T1Y/view?usp=sharing,Unresolved,
19-Ghent row 111,19-Ghent,111,19-Ghent-D2,Unknown,Unknown,https://drive.google.com/file/d/1Db-KRGqmFHMX9on61mprCSmBY248c5yF/view?usp=sharing,Unresolved,
18-Miami row 6,18-Miami,6,18-Miami-D1,Unknown,Unknown,,Unresolved,
18-Miami row 9,18-Miami,9,18-Miami-D1,Unknown,Unknown,,Unresolved,
18-Miami row 12,18-Miami,12,18-Miami-D1,Unknown,Unknown,,Unresolved,
18-Miami row 72,18-Miami,72,18-Miami-D1,Unknown,Unknown,,Unresolved,
18-Miami row 91,18-Miami,91,18-Miami-D2,Unknown,Unknown,,Unresolved,
18-Miami row 92,18-Miami,92,18-Miami-D2,Unknown,Unknown,,Unresolved,
18-Miami row 94,18-Miami,94,18-Miami-D2,Unknown,Unknown,,Unresolved,
18-Miami row 97,18-Miami,97,18-Miami-D2,Unknown,Unknown,,Unresolved,
18-Miami row 114,18-Miami,114,18-Miami-D2,Unknown,Unknown,,Unresolved,
18-Miami row 119,18-Miami,119,18-Miami-D2,Unknown,Unknown,,Unresolved,
18-Miami row 120,18-Miami,120,18-Miami-D2,Unknown,Unknown,,Unresolved,
18-Miami row 122,18-Miami,122,18-Miami-D2,Unknown,Unknown,,Unresolved,
18-Miami row 133,18-Miami,133,18-Miami-D2,Unknown,Unknown,,Unresolved,
18-Miami row 138,18-Miami,138,18-Miami-D2,Unknown,Unknown,,Unresolved,
18-Miami row 141,18-Miami,141,18-Miami-D2,Unknown,Unknown,,Unresolved,
18-Miami row 153,18-Miami,153,18-Miami-D2,Unknown,Unknown,,Unresolved,
18-Miami row 165,18-Miami,165,18-Miami-D3,Unknown,Unknown,,Unresolved,
18-Miami row 166,18-Miami,166,18-Miami-D3,Unknown,Unknown,,Unresolved,
18-Miami row 167,18-Miami,167,18-Miami-D3,Unknown,Unknown,,Unresolved,
18-Miami row 168,18-Miami,168,18-Miami-D3,Unknown,Unknown,,Unresolved,
18-Miami row 169,18-Miami,169,18-Miami-D3,Unknown,Unknown,,Unresolved,
18-Miami row 170,18-Miami,170,18-Miami-D3,Unknown,Unknown,,Unresolved,
18-Miami row 176,18-Miami,176,18-Miami-D3,Unknown,Unknown,,Unresolved,
18-Miami row 179,18-Miami,179,18-Miami-D3,Unknown,Unknown (2manydjs Edit),,Unresolved,
17-Indio row 12,17-Indio,12,17-Indio-D1,Unknown,Unknown,,Unresolved,
17-Indio row 21,17-Indio,21,17-Indio-D1,Unknown,Unknown,,Unresolved,
17-Indio row 22,17-Indio,22,17-Indio-D1,Unknown,Unknown,,Unresolved,
17-Indio row 24,17-Indio,24,17-Indio-D1,Unknown,Unknown,,Unresolved,
17-Indio row 29,17-Indio,29,17-Indio-D1,Unknown,Unknown,,Unresolved,
17-Indio row 35,17-Indio,35,17-Indio-D1,Unknown,Unknown,,Unresolved,
17-Indio row 47,17-Indio,47,17-Indio-D1,Unknown,Unknown,,Unresolved,
17-Indio row 48,17-Indio,48,17-Indio-D1,Unknown,Unknown,,Unresolved,
17-Indio row 49,17-Indio,49,17-Indio-D1,Unknown,Unknown,,Unresolved,
17-Indio row 55,17-Indio,55,17-Indio-D1,Unknown,Unknown,,Unresolved,
17-Indio row 62,17-Indio,62,17-Indio-D1,Unknown,Unknown,,Unresolved,
17-Indio row 63,17-Indio,63,17-Indio-D1,Unknown,Unknown,,Unresolved,
17-Indio row 80,17-Indio,80,17-Indio-D2,Unknown,Unknown,,Unresolved,
17-Indio row 85,17-Indio,85,17-Indio-D2,Unknown,Unknown,,Unresolved,
17-Indio row 86,17-Indio,86,17-Indio-D2,Unknown,Unknown,,Unresolved,
17-Indio row 89,17-Indio,89,17-Indio-D2,Unknown,Unknown,,Unresolved,
17-Indio row 90,17-Indio,90,17-Indio-D2,Unknown,Unknown,,Unresolved,
17-Indio row 96,17-Indio,96,17-Indio-D2,Unknown,Unknown,,Unresolved,
17-Indio row 105,17-Indio,105,17-Indio-D2,Unknown,Unknown,,Unresolved,
17-Indio row 116,17-Indio,116,17-Indio-D2,Unknown,Unknown,,Unresolved,
17-Indio row 127,17-Indio,127,17-Indio-D2,Unknown,Unknown,,Unresolved,
17-Indio row 134,17-Indio,134,17-Indio-D2,Unknown,Unknown,,Unresolved,
17-Indio row 142,17-Indio,142,17-Indio-D2,Unknown,Unknown,,Unresolved,
17-Indio row 143,17-Indio,143,17-Indio-D2,Unknown,Unknown,,Unresolved,
17-Indio row 155,17-Indio,155,17-Indio-D3,Unknown,Unknown,,Unresolved,
17-Indio row 160,17-Indio,160,17-Indio-D3,Unknown,Unknown,,Unresolved,
17-Indio row 161,17-Indio,161,17-Indio-D3,Unknown,Unknown,,Unresolved,
17-Indio row 164,17-Indio,164,17-Indio-D3,Unknown,Unknown,,Unresolved,
17-Indio row 177,17-Indio,177,17-Indio-D3,Unknown,Unknown,,Unresolved,
17-Indio row 185,17-Indio,185,17-Indio-D3,Unknown,,,Unresolved,
17-Indio row 187,17-Indio,187,17-Indio-D3,Unknown,Unknown,,Unresolved,
17-Indio row 190,17-Indio,190,17-Indio-D3,Unknown,Unknown,,Unresolved,
17-Indio row 208,17-Indio,208,17-Indio-D3,Unknown,Unknown,,Unresolved,
17-Indio row 209,17-Indio,209,17-Indio-D3,Unknown,Unknown,,Unresolved,
17-Indio row 210,17-Indio,210,17-Indio-D3,Unknown,Unknown,,Unresolved,
17-Indio row 225,17-Indio,225,17-Indio-D3,Unknown,Unknown,,Unresolved,
17-Indio row 226,17-Indio,226,17-Indio-D3,Unknown,Unknown,,Unresolved,
17-Indio row 231,17-Indio,231,17-Indio-D3,Unknown,Unknown,,Unresolved,
17-Indio row 232,17-Indio,232,17-Indio-D3,Unknown,Unknown,,Unresolved,
17-Indio row 243,17-Indio,243,17-Indio-D4,Unknown,Unknown,,Unresolved,
17-Indio row 255,17-Indio,255,17-Indio-D4,Unknown,Unknown,,Unresolved,
17-Indio row 260,17-Indio,260,17-Indio-D4,Unknown,Unknown,,Unresolved,
17-Indio row 266,17-Indio,266,17-Indio-D4,Unknown,Unknown,,Unresolved,
17-Indio row 273,17-Indio,273,17-Indio-D4,Unknown,Unknown,,Unresolved,
17-Indio row 294,17-Indio,294,17-Indio-D4,Unknown,Unknown,,Unresolved,
17-Indio row 300,17-Indio,300,17-Indio-D4,Unknown,Unknown,,Unresolved,
17-Indio row 311,17-Indio,311,17-Indio-D4,Unknown,Unknown,,Unresolved,
17-Indio row 334,17-Indio,334,17-Indio-D5,Unknown,Unknown,,Unresolved,
17-Indio row 335,17-Indio,335,17-Indio-D5,Unknown,Unknown,,Unresolved,
17-Indio row 339,17-Indio,339,17-Indio-D5,Unknown,Unknown,,Unresolved,
17-Indio row 341,17-Indio,341,17-Indio-D5,Unknown,Unknown,,Unresolved,
17-Indio row 347,17-Indio,347,17-Indio-D5,Unknown,Unknown,,Unresolved,
17-Indio row 351,17-Indio,351,17-Indio-D5,Unknown,Unknown,,Unresolved,
17-Indio row 358,17-Indio,358,17-Indio-D5,Unknown,Unknown,,Unresolved,
17-Indio row 359,17-Indio,359,17-Indio-D5,Unknown,Unknown,,Unresolved,
17-Indio row 368,17-Indio,368,17-Indio-D5,Unknown,Unknown,,Unresolved,
17-Indio row 373,17-Indio,373,17-Indio-D5,Unknown,Unknown,,Unresolved,
17-Indio row 375,17-Indio,375,17-Indio-D5,Unknown,Unknown,,Unresolved,
17-Indio row 380,17-Indio,380,17-Indio-D5,Unknown,Unknown,,Unresolved,
17-Indio row 384,17-Indio,384,17-Indio-D5,Unknown,Unknown,,Unresolved,
17-Indio row 394,17-Indio,394,17-Indio-D5,Unknown,Unknown,,Unresolved,
17-Indio row 406,17-Indio,406,17-Indio-D6,Unknown,Unknown,,Unresolved,
17-Indio row 408,17-Indio,408,17-Indio-D6,Unknown,Unknown,,Unresolved,
17-Indio row 414,17-Indio,414,17-Indio-D6,Unknown,Unknown,,Unresolved,
17-Indio row 423,17-Indio,423,17-Indio-D6,Unknown,Unknown,,Unresolved,
17-Indio row 434,17-Indio,434,17-Indio-D6,Unknown,Unknown,,Unresolved,
17-Indio row 436,17-Indio,436,17-Indio-D6,Unknown,Unknown,,Unresolved,
17-Indio row 438,17-Indio,438,17-Indio-D6,Unknown,Unknown,,Unresolved,
17-Indio row 440,17-Indio,440,17-Indio-D6,Unknown,Unknown,,Unresolved,
17-Indio row 442,17-Indio,442,17-Indio-D6,Unknown,Unknown,,Unresolved,
17-Indio row 444,17-Indio,444,17-Indio-D6,Unknown,Unknown,,Unresolved,
17-Indio row 446,17-Indio,446,17-Indio-D6,Unknown,Unknown,,Unresolved,
17-Indio row 448,17-Indio,448,17-Indio-D6,Unknown,Unknown,,Unresolved,
17-Indio row 450,17-Indio,450,17-Indio-D6,Unknown,Unknown,,Unresolved,
17-Indio row 452,17-Indio,452,17-Indio-D6,Unknown,Unknown,,Unresolved,
17-Indio row 454,17-Indio,454,17-Indio-D6,Unknown,Unknown,,Unresolved,
17-Indio row 456,17-Indio,456,17-Indio-D6,Unknown,Unknown,,Unresolved,
17-Indio row 459,17-Indio,459,17-Indio-D6,Unknown,Unknown,,Unresolved,
17-Indio row 461,17-Indio,461,17-Indio-D6,Unknown,Unknown,,Unresolved,
17-Indio row 463,17-Indio,463,17-Indio-D6,Unknown,Unknown,,Unresolved,
17-Indio row 465,17-Indio,465,17-Indio-D6,Unknown,Unknown,,Unresolved,
17-Indio row 467,17-Indio,467,17-Indio-D6,Unknown,Unknown,,Unresolved,
17-Indio row 469,17-Indio,469,17-Indio-D6,Unknown,Unknown,,Unresolved,
17-Indio row 471,17-Indio,471,17-Indio-D6,Unknown,Unknown,,Unresolved,
17-Indio row 482,17-Indio,482,17-Indio-D6,Unknown,Unknown,,Unresolved,
15-Pasadena (TANP) row 32,15-Pasadena (TANP),32,15-TANP-D1,Unknown,Unknown,TRACK ID_0148_Despacio_ThisAintNoPicNic_20220827.mp3,Unresolved,
15-Pasadena (TANP) row 40,15-Pasadena (TANP),40,15-TANP-D1,Unknown,Unknown,TRACK ID_0225_Despacio_ThisAintNoPicNic_20220827.mp3,Unresolved,
15-Pasadena (TANP) row 69,15-Pasadena (TANP),69,15-TANP-D1,Unknown,Unknown,TRACK ID_0429_Despacio_ThisAintNoPicNic_20220827.mp3,Unresolved,
15-Pasadena (TANP) row 106,15-Pasadena (TANP),106,15-TANP-D2,Unknown,Unknown,https://youtu.be/4ycLJQwWALg?feature=shared&t=1237,Unresolved,
15-Pasadena (TANP) row 108,15-Pasadena (TANP),108,15-TANP-D2,Unknown,Unknown,https://youtu.be/4ycLJQwWALg?feature=shared&t=1285,Unresolved,
15-Pasadena (TANP) row 110,15-Pasadena (TANP),110,15-TANP-D2,Unknown,Unknown,https://youtu.be/4ycLJQwWALg?feature=shared&t=1354,Unresolved,
15-Pasadena (TANP) row 112,15-Pasadena (TANP),112,15-TANP-D2,Unknown,Unknown,https://youtu.be/4ycLJQwWALg?feature=shared&t=1429,Unresolved,
15-Pasadena (TANP) row 120,15-Pasadena (TANP),120,15-TANP-D2,Unknown,Unknown,https://www.youtube.com/watch?v=GM_dKzsQHQA,Unresolved,
15-Pasadena (TANP) row 121,15-Pasadena (TANP),121,15-TANP-D2,Unknown,Unknown,Despacio | Aint No Picnic - YouTube,Unresolved,
15-Pasadena (TANP) row 124,15-Pasadena (TANP),124,15-TANP-D2,Unknown,Unknown,https://youtu.be/4ycLJQwWALg?feature=shared&t=1927,Unresolved,
15-Pasadena (TANP) row 126,15-Pasadena (TANP),126,15-TANP-D2,Unknown,Unknown,https://youtu.be/4ycLJQwWALg?feature=shared&t=1927,Unresolved,
15-Pasadena (TANP) row 127,15-Pasadena (TANP),127,15-TANP-D2,Unknown,Unknown,https://youtu.be/4ycLJQwWALg?feature=shared&t=2038,Unresolved,
15-Pasadena (TANP) row 147,15-Pasadena (TANP),147,15-TANP-D2,Unknown,Unknown,https://youtu.be/4ycLJQwWALg?feature=shared&t=2272,Unresolved,
15-Pasadena (TANP) row 149,15-Pasadena (TANP),149,15-TANP-D2,Unknown,Unknown,https://youtu.be/4ycLJQwWALg?feature=shared&t=2396,Unresolved,
13-Barcelona (Sonar 2018) row 2,13-Barcelona (Sonar 2018),2,,Unknown,Unknown,https://www.youtube.com/watch?v=c4NpWB2yVm4,Unresolved,
13-Barcelona (Sonar 2018) row 4,13-Barcelona (Sonar 2018),4,,Unknown,Unknown,https://www.youtube.com/watch?v=oEtvc-Te_xg,Unresolved,
13-Barcelona (Sonar 2018) row 5,13-Barcelona (Sonar 2018),5,,Unknown,Unknown,https://www.youtube.com/watch?v=tko0VY0Sxuk,Unresolved,
10-New York (Panorama) row 3,10-New York (Panorama),3,,Unknown,Unknown,https://www.youtube.com/watch?v=zdDuRNbNwS0,Unresolved,
10-New York (Panorama) row 9,10-New York (Panorama),9,,Unknown,?2,https://www.youtube.com/watch?v=C1r7WYXpZLQ,Unresolved,
10-New York (Panorama) row 10,10-New York (Panorama),10,,Unknown,?3,https://www.youtube.com/watch?v=C1r7WYXpZLQ,Unresolved,
9-Indio row 9,9-Indio,9,9-Indio-W1,Unknown,Unknown,https://www.youtube.com/watch?v=WLlXQMxxJC4,Unresolved,
9-Indio row 13,9-Indio,13,9-Indio-W2,Unknown,Unknown,https://www.youtube.com/watch?v=uRpfh7B2nJc,Unresolved,
9-Indio row 25,9-Indio,25,9-Indio-W2,The Immortals,Ultimate Warlord,https://www.youtube.com/watch?v=ASVEGhQIIaw,Unresolved,
9-Indio row 26,9-Indio,26,9-Indio-W2,Unknown,Unknown,https://www.youtube.com/watch?v=ASVEGhQIIaw,Unresolved,
9-Indio row 28,9-Indio,28,9-Indio-W2,Unknown,Unknown,https://www.youtube.com/watch?v=5OWattqdeQY,Unresolved,
9-Indio row 32,9-Indio,32,9-Indio-W1,Unknown,Unknown,https://www.youtube.com/watch?v=7J6irOTeGuw,Unresolved,
9-Indio row 33,9-Indio,33,9-Indio-W1,Unknown,Unknown,https://www.youtube.com/watch?v=L_dy6SMlSLA,Unresolved,
9-Indio row 34,9-Indio,34,9-Indio-W1,Unknown,Unknown,https://www.youtube.com/watch?v=L_dy6SMlSLA,Unresolved,
9-Indio row 36,9-Indio,36,9-Indio-W1,Unknown,Unknown,https://www.youtube.com/watch?v=_9uBbQN1PPg,Unresolved,
9-Indio row 37,9-Indio,37,9-Indio-W1,Unknown,?2,https://www.youtube.com/watch?v=_9uBbQN1PPg,Unresolved,
5-Glastonbury row 2,5-Glastonbury,2,,Unknown,,https://www.youtube.com/watch?v=vS1ext3dzxM,Unresolved,
4-Barcelona (Sonar 2014) row 3,4-Barcelona (Sonar 2014),3,,Unknown,Unknown,https://www.youtube.com/watch?v=Rnt8mMYOWWo,Unresolved,
4-Barcelona (Sonar 2014) row 5,4-Barcelona (Sonar 2014),5,,Unknown,Unknown,https://www.youtube.com/watch?v=duIQdneMaUE,Unresolved,
3-Camden Roundhouse row 4,3-Camden Roundhouse,4,,Unknown,? familiar,https://www.youtube.com/watch?v=0yQE2NL0NN0,Unresolved,
2-Hammersmith row 2,2-Hammersmith,2,,Unknown,Unknown,https://www.youtube.com/watch?v=8c88WWt9SWw,Unresolved,
1-Manchester row 3,1-Manchester,3,,Unknown,?2,https://www.youtube.com/watch?v=QHEFD3wQquk,Unresolved,
1-Manchester row 4,1-Manchester,4,,Unknown,?3 known,https://www.youtube.com/watch?v=QHEFD3wQquk,Unresolved,
1-Manchester row 5,1-Manchester,5,,Unknown,?4 known,https://www.youtube.com/watch?v=QHEFD3wQquk,Unresolved,
1-Manchester row 7,1-Manchester,7,,Unknown,?6,https://www.youtube.com/watch?v=QHEFD3wQquk,Unresolved,
1-Manchester row 8,1-Manchester,8,,Unknown,?7,https://www.youtube.com/watch?v=QHEFD3wQquk,Unresolved,
1-Manchester row 9,1-Manchester,9,,Unknown,?8 known,https://www.youtube.com/watch?v=QHEFD3wQquk,Unresolved,
1-Manchester row 10,1-Manchester,10,,Unknown,?9,https://www.youtube.com/watch?v=QHEFD3wQquk,Unresolved,
1-Manchester row 11,1-Manchester,11,,Unknown,?10,https://www.youtube.com/watch?v=QHEFD3wQquk,Unresolved,
1-Manchester row 12,1-Manchester,12,,Unknown,,https://www.youtube.com/watch?v=G9vPmYvyilY,Unresolved,
1-Manchester row 14,1-Manchester,14,,Unknown,?2 - everybody,https://www.youtube.com/watch?v=FT0m0w5hHPg,Unresolved,
1-Manchester row 16,1-Manchester,16,,Unknown,?4,https://www.youtube.com/watch?v=FT0m0w5hHPg,Unresolved,
1-Manchester row 17,1-Manchester,17,,Unknown,?5,https://www.youtube.com/watch?v=FT0m0w5hHPg,Unresolved,
1-Manchester row 18,1-Manchester,18,,Unknown,?6,https://www.youtube.com/watch?v=FT0m0w5hHPg,Unresolved,
1-Manchester row 19,1-Manchester,19,,Unknown,?7,https://www.youtube.com/watch?v=FT0m0w5hHPg,Unresolved,
1-Manchester row 20,1-Manchester,20,,Unknown,?8,https://www.youtube.com/watch?v=FT0m0w5hHPg,Unresolved,
1-Manchester row 22,1-Manchester,22,,Unknown,?10known,https://www.youtube.com/watch?v=FT0m0w5hHPg,Unresolved,
1-Manchester row 23,1-Manchester,23,,Unknown,,https://www.youtube.com/watch?v=FJrnRaZNBpk,Unresolved,
